단지명,계약일자,보증금액,전용면적,층,건축년도,주소
가좌주공1차,2023-01-28,12000,49.94,5,1993,가좌동 660
진주혁신도시중흥에스-클래스더퍼스트,2023-01-10,38000,99.864,7,2020,충무공동 275
한림풀에버,2023-01-28,24000,67.1597,19,2015,충무공동 77
시티프라디움,2023-01-05,30000,84.9941,36,2020,가좌동 2058
진주초전푸르지오2단지,2023-01-19,40400,134.969,6,2010,초전동 1637-1
진주혁신코오롱하늘채,2023-01-14,25000,84.95,9,2014,충무공동 230
이지더원,2023-01-25,32500,84.9614,18,2018,초전동 1673
한림풀에버,2023-01-24,25000,84.9644,9,2015,충무공동 77
포레나신진주,2023-01-14,30000,84.9515,14,2019,가좌동 2056
흥한타운1,2023-01-12,12500,59.73,5,1993,신안동 454-1
가좌주공1차,2023-01-10,11500,41.3,14,1993,가좌동 660
하대주공,2023-01-09,6500,35.64,1,1982,하대동 73-1
진주평거엘크루,2023-01-09,33600,84.9195,15,2016,평거동 919
진주혁신코오롱하늘채,2023-01-10,26500,84.95,6,2014,충무공동 230
엠코타운더프라하,2023-01-13,35000,84.933,24,2014,평거동 1132
엠코타운더프라하,2023-01-13,35000,84.933,24,2014,평거동 1132
엠코타운더프라하,2023-01-13,35000,84.933,24,2014,평거동 1132
진주혁신코오롱하늘채,2023-01-27,25000,84.95,12,2014,충무공동 230
혁신도시엘에이치아파트8단지,2023-01-11,24000,59.97,17,2015,충무공동 300
한림풀에버,2023-01-20,35000,84.9644,16,2015,충무공동 77
진주혁신도시센텀리버파크,2023-01-17,26000,84.95,15,2013,충무공동 191
진주혁신도시중흥에스-클래스더퍼스트,2023-01-03,58000,113.4763,10,2020,충무공동 275
들말한보타운,2023-01-21,15750,59.8,9,1997,평거동 192-1
주공그린빌,2023-01-08,15500,51.74,12,2005,가좌동 573-1
진주센트럴자이,2023-01-13,28000,84.956,19,2013,상평동 1069
진주혁신도시중흥에스-클래스더프라임,2023-01-28,33600,84.9912,13,2019,충무공동 90
상대주공,2023-01-16,7000,41.52,4,1980,하대동 72
진주혁신코오롱하늘채,2023-01-25,25000,84.95,6,2014,충무공동 230
평거휴먼시아3단지,2023-01-13,31000,84.95,10,2011,평거동 897
상봉1,2023-01-26,4000,41.9,1,1976,상봉동 800-1
진주초전푸르지오1단지,2023-01-28,38500,134.68,12,2009,초전동 1640-1
금산e편한세상,2023-01-06,23000,121.9893,14,2008,금산면 장사리 768
엠코타운더프라하,2023-01-13,30000,84.9651,21,2014,평거동 1132
금산아이파크,2023-01-16,17000,84.17,4,2004,금산면 장사리 965-1
진주혁신도시센텀리버파크,2023-01-30,26000,84.95,9,2013,충무공동 191
휴앤인엘리시움,2023-01-03,21000,84.8578,26,2019,충무공동 134
신안주공3,2023-01-28,15500,59.8,3,1997,신안동 705-1
들말한보타운,2023-01-30,24000,84.98,6,1997,평거동 192-1
시티프라디움,2023-01-05,30000,84.9941,36,2020,가좌동 2058
엠코타운더프라하,2023-01-07,48000,119.7937,8,2014,평거동 1132
한림풀에버,2023-01-20,28000,84.9088,19,2015,충무공동 77
가좌주공1차,2023-01-16,13000,49.94,9,1993,가좌동 660
진주혁신도시라온프라이빗아파트,2023-01-17,30000,84.9087,20,2017,충무공동 195
더퀸즈웰가,2023-01-29,43000,100.6401,26,2015,평거동 1130
진주혁신도시중흥에스-클래스센트럴시티3단지,2023-01-14,34000,84.9815,20,2020,충무공동 298
평거휴먼시아4단지,2023-01-19,26500,84.95,9,2011,평거동 797
진주혁신도시중흥에스-클래스센트럴시티3단지,2023-01-15,33000,84.9815,26,2020,충무공동 298
포레나신진주,2023-01-14,30000,84.9515,14,2019,가좌동 2056
진주혁신도시센텀리버파크,2023-01-19,25000,84.83,5,2013,충무공동 191
진주혁신도시센텀리버파크,2023-01-20,25000,84.88,20,2013,충무공동 191
진주혁신코오롱하늘채,2023-01-19,25000,84.95,15,2014,충무공동 230
진주혁신코오롱하늘채,2023-01-27,25000,84.95,5,2014,충무공동 230
진주혁신코오롱하늘채,2023-01-04,25000,84.95,16,2014,충무공동 230
진주혁신코오롱하늘채,2023-01-04,25000,84.95,14,2014,충무공동 230
진주혁신코오롱하늘채,2023-01-04,24000,84.95,14,2014,충무공동 230
진주혁신코오롱하늘채,2023-01-27,26000,84.95,6,2014,충무공동 230
혁신도시엘에이치아파트8단지,2023-01-03,25000,59.97,9,2015,충무공동 300
진주혁신코오롱하늘채,2023-01-28,23500,75.84,8,2014,충무공동 230
대경아르떼빌,2023-01-18,10500,38.09,2,2002,호탄동 620-1
더퀸즈웰가,2023-01-03,31500,84.7157,25,2015,평거동 1130
혁신도시엘에이치5단지,2023-01-31,24000,84.95,14,2014,충무공동 234
주공그린빌,2023-01-28,15700,51.74,9,2005,가좌동 573-1
한주럭키타운,2023-01-30,21000,84.81,8,1990,주약동 156
주공그린빌,2023-01-27,12600,51.74,6,2005,가좌동 573-1
진주정촌대경파미르,2023-01-03,20000,84.9426,13,2019,정촌면 예하리 1286
들말한보타운,2023-01-21,16000,59.8,9,1997,평거동 192-1
신안주공2,2023-01-14,13000,49.97,5,1996,신안동 707-1
진주강남동일동미라주,2023-01-28,23000,75.998,26,2021,강남동 387
대경,2023-01-08,22000,83.304,4,2000,호탄동 602-1
초전해모로루비채4단지,2023-01-14,20000,84.9671,5,2014,초전동 1670
진주혁신도시중흥에스-클래스센트럴시티4단지,2023-01-31,31500,84.9815,22,2020,충무공동 295
주공그린빌,2023-01-08,15500,51.74,12,2005,가좌동 573-1
일동,2023-01-28,8000,59.86,1,1994,초전동 1426
진주정촌대경파미르,2023-01-28,25000,84.9625,5,2019,정촌면 예하리 1286
더퀸즈웰가,2023-01-25,31000,84.9163,14,2015,평거동 1130
진주혁신도시대방노블랜드더캐슬아파트,2023-01-16,38000,84.9474,16,2018,충무공동 296
흥한타운2,2023-01-02,15000,59.88,12,1995,신안동 454-4
한림풀에버,2023-01-29,23000,84.9644,7,2015,충무공동 77
진주혁신코오롱하늘채,2023-01-18,26000,84.95,7,2014,충무공동 230
가좌주공2차,2023-01-25,10500,38.64,15,1993,가좌동 660
진주혁신도시라온프라이빗아파트,2023-01-19,28000,79.0385,21,2017,충무공동 195
더퀸즈웰가,2023-01-19,23000,58.7908,30,2015,평거동 1130
센트렐웰가,2023-01-04,32000,84.8133,22,2018,가좌동 1981
주공그린빌,2023-01-17,18500,59.27,4,2005,가좌동 573-1
혁신도시엘에이치아파트9단지,2023-01-17,19000,59.97,1,2017,충무공동 302
진주혁신도시센텀리버파크,2023-01-29,25000,75.76,23,2013,충무공동 191
초전해모로루비채4단지,2023-01-15,32000,100.8994,9,2014,초전동 1670
가좌주공1차,2023-01-10,11500,41.3,14,1993,가좌동 660
가좌주공1차,2023-01-28,12000,49.94,5,1993,가좌동 660
평거주공1차,2023-01-29,10000,39.69,3,1988,평거동 326
진주혁신도시라온프라이빗아파트,2023-01-19,32000,84.8922,5,2017,충무공동 195
진주초전푸르지오1단지,2023-01-28,38500,134.68,12,2009,초전동 1640-1
진주정촌대경파미르,2023-01-04,21000,84.9625,19,2019,정촌면 예하리 1286
더퀸즈웰가,2023-01-14,31000,84.7157,3,2015,평거동 1130
혁신도시엘에이치아파트9단지,2023-01-27,22000,59.97,3,2017,충무공동 302
힐스테이트초전,2023-01-25,27000,84.9196,16,2019,초전동 1665
이현하이클래스웰가,2023-01-19,28000,122.01,13,2008,이현동 1180
시티프라디움,2023-01-17,31000,84.9941,31,2020,가좌동 2058
더퀸즈웰가,2023-01-20,29000,75.4984,17,2015,평거동 1130
진주혁신코오롱하늘채,2023-01-07,25000,84.95,6,2014,충무공동 230
대경아르떼빌,2023-01-31,7500,31.02,8,2002,호탄동 620-1
진주포레스트부영,2023-01-31,16742,59.9925,15,2020,충무공동 145
금산e편한세상,2023-01-21,23000,121.9893,18,2008,금산면 장사리 768
초전흥한,2023-01-05,15000,59.85,6,2001,초전동 676-3
현대,2023-01-27,12000,59.89,18,1996,하대동 101
진주강남동일동미라주,2023-01-28,23000,75.998,26,2021,강남동 387
진주포레스트부영,2023-01-06,16742,59.9885,22,2020,충무공동 145
주공그린빌,2023-01-23,13650,51.74,14,2005,가좌동 573-1
이지더원,2023-01-19,27000,73.2086,10,2018,초전동 1673
진주혁신도시대방노블랜드더캐슬아파트,2023-01-18,43000,84.9899,17,2018,충무공동 296
시티프라디움,2023-01-19,32000,84.9909,6,2020,가좌동 2058
진주혁신도시대방노블랜드더캐슬아파트,2023-01-18,43000,84.9899,17,2018,충무공동 296
진주혁신도시중흥에스-클래스센트럴시티3단지,2023-01-30,39000,99.8146,8,2020,충무공동 298
주공그린빌,2023-01-05,13650,51.74,2,2005,가좌동 573-1
두산위브,2023-01-07,19000,84.994,7,2009,금산면 장사리 705
힐스테이트초전,2023-01-08,29000,84.9351,19,2019,초전동 1665
더퀸즈웰가,2023-01-20,30000,65.6733,12,2015,평거동 1130
엠코타운더프라하,2023-01-13,32000,84.933,23,2014,평거동 1132
시티프라디움,2023-01-04,28000,84.9941,6,2020,가좌동 2058
더퀸즈웰가,2023-01-20,30000,65.6733,12,2015,평거동 1130
진주혁신도시센텀리버파크,2023-01-04,27000,84.88,11,2013,충무공동 191
진주강남동일동미라주,2023-01-28,23000,75.998,26,2021,강남동 387
진주혁신도시중흥에스-클래스센트럴시티4단지,2023-01-23,34000,84.9815,22,2020,충무공동 295
진주혁신도시센텀리버파크,2023-01-27,26000,84.95,14,2013,충무공동 191
현대금빛마을,2023-01-28,5500,59.28,8,2000,집현면 봉강리 249
진주혁신도시중흥에스-클래스더퍼스트,2023-01-07,44000,99.864,15,2020,충무공동 275
진주혁신도시라온프라이빗아파트,2023-01-12,30000,84.9087,15,2017,충무공동 195
들말흥한타운,2023-01-06,32000,125.61,4,1998,평거동 191-1
센트렐웰가,2023-01-31,30000,84.9914,24,2018,가좌동 1981
진주혁신도시대방노블랜드더캐슬아파트,2023-01-14,36000,84.9474,9,2018,충무공동 296
센트렐웰가,2023-01-25,29000,75.7795,18,2018,가좌동 1981
상봉1,2023-01-31,3000,40.44,4,1976,상봉동 800-1
두산위브,2023-01-31,19000,84.994,4,2009,금산면 장사리 705
가좌주공2차,2023-01-10,13000,49.94,7,1993,가좌동 660
혁신도시엘에이치아파트8단지,2023-01-07,22000,59.97,11,2015,충무공동 300
진주혁신도시대방노블랜드더캐슬아파트,2023-01-25,35000,84.9899,5,2018,충무공동 296
센트렐웰가,2023-01-20,32000,84.9222,32,2018,가좌동 1981
진주혁신도시대방노블랜드더캐슬아파트,2023-01-16,40000,103.3591,6,2018,충무공동 296
혁신도시엘에이치아파트8단지,2023-01-26,24000,59.97,13,2015,충무공동 300
가좌주공1차,2023-01-16,9000,41.3,12,1993,가좌동 660
힐스테이트초전,2023-01-30,27000,84.9196,32,2019,초전동 1665
대경아르떼빌,2023-01-18,9000,38.09,2,2002,호탄동 620-1
힐스테이트초전,2023-01-25,26000,84.9196,2,2019,초전동 1665
가좌주공2차,2023-01-17,9000,38.64,2,1993,가좌동 660
진주혁신도시중흥에스-클래스센트럴시티2단지,2023-01-28,35000,117.7407,17,2020,충무공동 293
신안주공3,2023-01-30,15000,59.8,9,1997,신안동 705-1
들말흥한타운,2023-01-24,17000,59.871,5,1998,평거동 191-1
진주혁신도시라온프라이빗아파트,2023-01-25,38000,84.9087,24,2017,충무공동 195
진주정촌대경파미르,2023-01-28,19950,84.9426,17,2019,정촌면 예하리 1286
진주초장엠코타운더이스턴파크,2023-01-28,22000,59.9983,16,2014,초전동 1669
진주강남동일동미라주,2023-01-28,23000,75.998,26,2021,강남동 387
혁신도시엘에이치아파트8단지,2023-01-30,22500,59.97,2,2015,충무공동 300
진주우방아이유쉘,2023-01-26,24000,84.9578,9,2017,정촌면 예하리 1296
휴앤인엘리시움,2023-01-12,25000,84.7831,16,2019,충무공동 134
청구타운,2023-01-27,13500,59.99,10,1997,초전동 1431-3
진주혁신도시센텀리버파크,2023-01-28,25000,84.88,2,2013,충무공동 191
혁신도시엘에이치아파트8단지,2023-01-28,22000,59.97,3,2015,충무공동 300
진주혁신코오롱하늘채,2023-01-05,26000,84.95,4,2014,충무공동 230
진주혁신도시중흥에스-클래스더퍼스트,2023-01-27,30000,99.864,11,2020,충무공동 275
힐스테이트초전,2023-01-19,30000,91.0451,8,2019,초전동 1665
진주혁신도시중흥에스-클래스더퍼스트,2023-01-25,41000,99.864,19,2020,충무공동 275
신안주공3,2023-01-16,15000,59.8,15,1997,신안동 705-1
신안주공3,2023-01-27,15000,59.8,14,1997,신안동 705-1
가좌주공1차,2023-01-13,8000,41.3,11,1993,가좌동 660
진주혁신코오롱하늘채,2023-01-04,25000,84.95,12,2014,충무공동 230
진주혁신코오롱하늘채,2023-01-19,25000,84.95,6,2014,충무공동 230
신안주공2,2023-01-14,13000,49.97,5,1996,신안동 707-1
진주혁신도시중흥에스-클래스센트럴시티2단지,2023-01-17,33000,99.8723,11,2020,충무공동 293
가좌주공1차,2023-01-26,12000,44.94,6,1993,가좌동 660
진주정촌대경파미르,2023-01-25,23000,84.9625,19,2019,정촌면 예하리 1286
한림풀에버,2023-01-24,25000,84.9644,9,2015,충무공동 77
칠암한주타운,2023-01-26,12500,59.98,8,1995,칠암동 78
신안주공2,2023-01-26,15000,59.8,13,1996,신안동 707-1
들말흥한타운,2023-01-18,14700,59.871,5,1998,평거동 191-1
들말흥한타운,2023-01-24,17000,59.871,5,1998,평거동 191-1
더퀸즈웰가,2023-01-25,29925,84.7157,22,2015,평거동 1130
진주초장엠코타운더이스턴파크,2023-01-24,23000,73.6669,19,2014,초전동 1669
가좌주공1차,2023-01-25,9450,41.3,4,1993,가좌동 660
하대주공,2023-01-20,7500,44.3,5,1982,하대동 73-1
현대,2023-01-16,13200,84.55,3,1989,신안동 20
하대주공,2023-01-11,9000,44.3,5,1982,하대동 73-1
진주우방아이유쉘,2023-01-11,25000,84.9578,14,2017,정촌면 예하리 1296
대림,2023-01-07,9000,59.91,15,1995,초전동 702-22
엠코타운더프라하,2023-01-25,30000,84.9651,2,2014,평거동 1132
엠코타운더프라하,2023-01-18,35000,84.9651,24,2014,평거동 1132
진주정촌대경파미르,2023-01-13,20000,84.9426,7,2019,정촌면 예하리 1286
진주정촌대경파미르,2023-01-13,20000,84.9426,7,2019,정촌면 예하리 1286
금산아이파크,2023-01-19,16000,84.17,3,2004,금산면 장사리 965-1
혁신도시엘에이치아파트9단지,2023-01-17,19000,59.97,1,2017,충무공동 302
혁신도시엘에이치아파트9단지,2023-01-20,22000,59.97,8,2017,충무공동 302
이지더원,2023-01-20,25200,73.2086,6,2018,초전동 1673
혁신도시엘에이치아파트8단지,2023-01-20,23100,59.97,12,2015,충무공동 300
더퀸즈웰가,2023-01-20,29000,75.4984,17,2015,평거동 1130
진주혁신코오롱하늘채,2023-01-12,25000,84.95,6,2014,충무공동 230
진주혁신코오롱하늘채,2023-01-18,26000,84.95,7,2014,충무공동 230
진주혁신도시대방노블랜드더캐슬아파트,2023-01-13,43000,84.9899,16,2018,충무공동 296
진주혁신도시대방노블랜드더캐슬아파트,2023-01-15,45000,84.9899,18,2018,충무공동 296
혁신도시엘에이치아파트8단지,2023-01-16,23000,59.97,8,2015,충무공동 300
진주문산코아루,2023-01-10,21200,84.9867,2,2010,문산읍 소문리 2421
주공그린빌,2023-01-10,13650,51.74,15,2005,가좌동 573-1
이현하이클래스웰가,2023-01-19,28000,122.01,13,2008,이현동 1180
진주혁신코오롱하늘채,2023-01-19,27000,84.95,1,2014,충무공동 230
신안주공1,2023-01-13,19000,74.83,9,1998,신안동 708-1
한주럭키타운,2023-01-17,20000,84.81,14,1990,주약동 156
진주혁신도시센텀리버파크,2023-01-19,20000,75.97,2,2013,충무공동 191
대경아르떼빌,2023-01-18,8400,31.02,6,2002,호탄동 620-1
혁신도시엘에이치아파트8단지,2023-01-17,22000,59.96,18,2015,충무공동 300
혁신도시엘에이치5단지,2023-01-07,27000,84.95,17,2014,충무공동 234
진주혁신도시대방노블랜드더캐슬아파트,2023-01-07,43000,103.3591,13,2018,충무공동 296
대경아르떼빌,2023-01-18,10000,38.09,6,2002,호탄동 620-1
가좌주공1차,2023-01-16,10000,38.64,4,1993,가좌동 660
진주정촌대경파미르,2023-01-12,22000,66.6161,9,2019,정촌면 예하리 1286
진주혁신도시중흥에스-클래스센트럴시티4단지,2023-01-17,33000,84.9815,9,2020,충무공동 295
진주문산코아루,2023-01-10,21200,84.9867,2,2010,문산읍 소문리 2421
건영아모리움,2023-01-17,23000,74.7092,21,2017,평거동 141
평거주공1차,2023-01-17,15000,46.68,4,1988,평거동 326
벽산블루밍(구)동신,2023-01-17,8500,59.76,5,1993,평거동 401
혁신도시엘에이치아파트9단지,2023-01-16,24000,59.97,22,2017,충무공동 302
상봉1,2023-01-14,3700,41.389,1,1976,상봉동 800-1
진주혁신도시중흥에스-클래스센트럴시티2단지,2023-01-14,40000,99.8723,24,2020,충무공동 293
평거휴먼시아3단지,2023-01-16,32000,84.95,10,2011,평거동 897
가좌주공2차,2023-01-14,9000,38.64,13,1993,가좌동 660
초전해모로루비채4단지,2023-01-14,27000,84.9908,15,2014,초전동 1670
진주혁신도시중흥에스-클래스센트럴시티4단지,2023-01-13,33500,84.8046,4,2020,충무공동 295
진주혁신도시중흥에스-클래스더퍼스트,2023-01-14,40000,99.864,12,2020,충무공동 275
혁신도시엘에이치아파트9단지,2023-01-13,21000,59.97,22,2017,충무공동 302
혁신도시엘에이치아파트8단지,2023-01-16,21000,59.97,2,2015,충무공동 300
현대,2023-01-05,13000,84.55,11,1989,신안동 20
진주초전푸르지오2단지,2023-01-14,29000,101.977,17,2010,초전동 1637-1
센트렐웰가,2023-01-14,25000,59.8868,7,2018,가좌동 1981
진주혁신도시센텀리버파크,2023-01-16,25000,75.97,13,2013,충무공동 191
진주혁신도시중흥에스-클래스더퍼스트,2023-01-14,45000,99.864,17,2020,충무공동 275
가좌주공1차,2023-01-14,10000,41.3,1,1993,가좌동 660
초전해모로루비채2단지,2023-01-13,25000,74.9798,15,2014,초전동 1667
진주혁신도시센텀리버파크,2023-01-13,24500,75.54,7,2013,충무공동 191
한림풀에버,2023-01-12,25000,84.9644,2,2015,충무공동 77
엠코타운더프라하,2023-01-13,32000,84.933,23,2014,평거동 1132
더퀸즈웰가,2023-01-09,32000,84.7157,13,2015,평거동 1130
신안주공3,2023-01-13,14500,59.8,15,1997,신안동 705-1
가좌주공1차,2023-01-04,10500,41.3,10,1993,가좌동 660
혁신도시엘에이치아파트9단지,2023-01-12,22050,59.97,7,2017,충무공동 302
혁신도시엘에이치아파트9단지,2023-01-12,22050,59.97,7,2017,충무공동 302
현대성우트리팰리스,2023-01-12,17850,106.07,8,2006,주약동 156-1
신안주공1,2023-01-10,20000,84.98,7,1998,신안동 708-1
스카이시티프라디움,2023-01-12,32000,84.9898,36,2019,가좌동 1958
진주혁신코오롱하늘채,2023-01-05,23000,84.95,19,2014,충무공동 230
힐스테이트초전,2023-01-09,27500,84.9196,20,2019,초전동 1665
진주혁신도시라온프라이빗아파트,2023-01-10,33600,84.8922,9,2017,충무공동 195
한림풀에버,2023-01-09,26000,84.9088,3,2015,충무공동 77
신안주공2,2023-01-10,15700,59.8,6,1996,신안동 707-1
진주혁신도시중흥에스-클래스더퍼스트,2023-01-10,38000,99.864,7,2020,충무공동 275
엠코타운더프라하,2023-01-07,30000,84.9651,29,2014,평거동 1132
초전해모로루비채2단지,2023-01-10,25200,84.9908,7,2014,초전동 1667
진주초장엠코타운더이스턴파크,2023-01-10,31000,101.828,16,2014,초전동 1669
진주혁신도시중흥에스-클래스더퍼스트,2023-01-07,42000,113.4763,3,2020,충무공동 275
이지더원,2023-01-10,27000,73.2086,12,2018,초전동 1673
주공그린빌,2023-01-10,18000,59.27,16,2005,가좌동 573-1
대림,2023-01-07,8500,59.91,1,1995,초전동 702-22
진주혁신도시중흥에스-클래스더퍼스트,2023-01-07,50000,113.4763,13,2020,충무공동 275
진주혁신도시라온프라이빗아파트,2023-01-03,28000,84.8922,9,2017,충무공동 195
진주초장엠코타운더이스턴파크,2023-01-10,24000,73.6669,9,2014,초전동 1669
진주혁신코오롱하늘채,2023-01-09,25000,84.95,7,2014,충무공동 230
들말흥한타운,2023-01-05,29400,125.61,8,1998,평거동 191-1
혁신도시엘에이치5단지,2023-01-04,28000,84.95,3,2014,충무공동 234
혁신도시엘에이치아파트9단지,2023-01-07,23000,59.97,5,2017,충무공동 302
주공그린빌,2023-01-07,20000,84.9,5,2005,가좌동 573-1
금산흥한골든빌,2023-01-03,5500,37.84,12,2002,금산면 장사리 1000
진주혁신도시중흥에스-클래스더프라임,2023-01-09,35500,97.7268,10,2019,충무공동 90
금산e편한세상,2023-01-06,23000,121.9893,14,2008,금산면 장사리 768
한림풀에버,2023-01-07,25000,67.1597,22,2015,충무공동 77
진주초전푸르지오1단지,2023-01-09,40400,162.517,20,2009,초전동 1640-1
주공그린빌,2023-01-05,17000,59.27,9,2005,가좌동 573-1
진주혁신도시중흥에스-클래스더퍼스트,2023-01-07,45000,99.864,13,2020,충무공동 275
금산흥한골든빌,2023-01-04,7500,58.12,10,2002,금산면 장사리 1000
진주혁신도시중흥에스-클래스더퍼스트,2023-01-05,38850,99.9097,20,2020,충무공동 275
진주혁신도시라온프라이빗아파트,2023-01-05,28000,84.9087,19,2017,충무공동 195
주공그린빌,2023-01-05,12000,51.74,7,2005,가좌동 573-1
센트렐웰가,2023-01-05,19500,75.7795,18,2018,가좌동 1981
센트렐웰가,2023-01-04,27000,84.9914,26,2018,가좌동 1981
혁신도시엘에이치아파트9단지,2023-01-05,27000,59.97,19,2017,충무공동 302
진주정촌대경파미르,2023-01-05,26000,84.9625,11,2019,정촌면 예하리 1286
주공그린빌,2023-01-04,16000,51.74,3,2005,가좌동 573-1
한보은빛마을,2023-01-04,20000,84.86,14,2002,주약동 360-2
센트렐웰가,2023-01-04,29500,84.9914,19,2018,가좌동 1981
진주혁신도시대방노블랜드더캐슬아파트,2023-01-03,46000,84.9474,16,2018,충무공동 296
평거주공1차,2023-01-03,10000,39.69,5,1988,평거동 326
혁신도시엘에이치아파트8단지,2023-01-03,23300,59.97,15,2015,충무공동 300
진주혁신도시센텀리버파크,2023-01-02,24000,84.95,3,2013,충무공동 191
신안주공2,2023-01-01,11000,49.97,14,1996,신안동 707-1
혁신도시엘에이치5단지,2023-01-07,27000,84.95,17,2014,충무공동 234
한주럭키타운,2023-01-09,15200,84.81,1,1990,주약동 156
가좌주공1차,2023-01-16,10000,38.64,4,1993,가좌동 660
가좌주공1차,2023-01-14,10000,41.3,1,1993,가좌동 660
초전해모로루비채4단지,2023-01-15,32000,100.8994,9,2014,초전동 1670
센트렐웰가,2023-02-18,30000,84.9222,14,2018,가좌동 1981
진주혁신도시라온프라이빗아파트,2023-02-24,35000,84.9087,11,2017,충무공동 195
진주정촌대경파미르,2023-02-25,19950,84.9426,7,2019,정촌면 예하리 1286
진주혁신도시중흥에스-클래스더프라임,2023-02-07,42000,110.6238,6,2019,충무공동 90
이지더원,2023-02-23,25000,73.2086,15,2018,초전동 1673
진주강남동일동미라주,2023-02-20,28000,84.9806,15,2021,강남동 387
진주혁신도시중흥에스-클래스센트럴시티4단지,2023-02-25,32000,84.9815,13,2020,충무공동 295
진주혁신코오롱하늘채,2023-02-27,25000,75.99,5,2014,충무공동 230
현대,2023-02-06,15000,143.07,20,1996,하대동 101
진주혁신도시중흥에스-클래스더프라임,2023-02-28,32000,84.9858,12,2019,충무공동 90
한주럭키타운,2023-02-24,21000,84.81,15,1990,주약동 156
가좌주공1차,2023-02-20,13400,49.94,11,1993,가좌동 660
신안주공2,2023-02-17,14650,59.8,3,1996,신안동 707-1
혁신도시엘에이치아파트9단지,2023-02-15,23000,59.97,7,2017,충무공동 302
가좌주공1차,2023-02-10,10500,49.94,9,1993,가좌동 660
진주정촌대경파미르,2023-02-11,21000,84.9426,17,2019,정촌면 예하리 1286
가좌주공1차,2023-02-06,13000,49.94,12,1993,가좌동 660
가좌주공1차,2023-02-04,10500,41.3,11,1993,가좌동 660
힐스테이트초전,2023-02-01,28000,91.2066,12,2019,초전동 1665
혁신도시엘에이치아파트9단지,2023-02-02,23000,59.97,17,2017,충무공동 302
힐스테이트초전,2023-02-01,28000,91.2066,12,2019,초전동 1665
진주우방아이유쉘,2023-02-11,25000,84.9578,19,2017,정촌면 예하리 1296
대경강남타운,2023-02-12,18000,94.68,1,1997,강남동 233
한림풀에버,2023-02-23,30000,84.9088,20,2015,충무공동 77
스카이시티프라디움,2023-02-17,32000,84.9818,31,2019,가좌동 1958
한림풀에버,2023-02-27,30000,84.9644,16,2015,충무공동 77
진주포레스트부영,2023-02-16,16742,59.9885,4,2020,충무공동 145
진주혁신도시중흥에스-클래스더프라임,2023-02-13,35000,84.9858,14,2019,충무공동 90
진주정촌대경파미르,2023-02-18,21000,84.9426,20,2019,정촌면 예하리 1286
신안주공2,2023-02-01,7000,49.97,4,1996,신안동 707-1
센트렐웰가,2023-02-25,30000,84.8133,18,2018,가좌동 1981
센트렐웰가,2023-02-25,30000,84.8133,18,2018,가좌동 1981
진주혁신도시중흥에스-클래스센트럴시티4단지,2023-02-28,30000,84.9815,25,2020,충무공동 295
힐스테이트초전,2023-02-10,28000,84.9196,1,2019,초전동 1665
힐스테이트초전,2023-02-10,28000,84.9196,1,2019,초전동 1665
혁신도시엘에이치아파트8단지,2023-02-28,23000,59.97,4,2015,충무공동 300
주공그린빌,2023-02-18,14500,51.74,14,2005,가좌동 573-1
가호에일린의뜰,2023-02-28,30000,100.3166,16,2012,가좌동 1936
진주평거엘크루,2023-02-22,36000,84.9195,4,2016,평거동 919
현대,2023-02-10,18000,84.93,18,1996,하대동 101
엠코타운더프라하,2023-02-11,32000,84.933,8,2014,평거동 1132
진주혁신도시중흥에스-클래스더프라임,2023-02-23,43000,110.6238,13,2019,충무공동 90
혁신도시엘에이치아파트8단지,2023-02-10,17000,59.97,18,2015,충무공동 300
혁신도시엘에이치아파트8단지,2023-02-25,22000,59.96,4,2015,충무공동 300
금산느티나무,2023-02-26,12000,59.42,15,2003,금산면 장사리 963-1
주공그린빌,2023-02-23,17500,59.27,3,2005,가좌동 573-1
진주혁신코오롱하늘채,2023-02-10,26000,84.95,3,2014,충무공동 230
진주혁신코오롱하늘채,2023-02-11,23000,75.99,17,2014,충무공동 230
혁신도시엘에이치아파트9단지,2023-02-27,23800,59.97,12,2017,충무공동 302
하대주공,2023-02-15,8500,44.03,4,1982,하대동 73-1
진주혁신코오롱하늘채,2023-02-17,27000,84.95,13,2014,충무공동 230
진주혁신코오롱하늘채,2023-02-27,26460,84.95,18,2014,충무공동 230
한림풀에버,2023-02-11,25000,84.9088,15,2015,충무공동 77
스카이시티프라디움,2023-02-10,30500,84.9898,24,2019,가좌동 1958
진주혁신도시중흥에스-클래스더프라임,2023-02-28,32000,84.9858,12,2019,충무공동 90
금산느티나무,2023-02-28,9000,74.88,9,2003,금산면 장사리 963-1
대경아르떼빌,2023-02-21,7300,31.02,5,2002,호탄동 620-1
한림풀에버,2023-02-13,27000,84.9644,13,2015,충무공동 77
가좌주공1차,2023-02-13,10000,41.3,15,1993,가좌동 660
가좌주공1차,2023-02-13,10000,41.3,15,1993,가좌동 660
신안주공3,2023-02-10,13000,49.96,9,1997,신안동 705-1
두산위브,2023-02-21,18000,84.995,14,2009,금산면 장사리 705
진주혁신도시중흥에스-클래스더퍼스트,2023-02-05,43000,99.864,7,2020,충무공동 275
한림풀에버,2023-02-09,27000,84.9088,18,2015,충무공동 77
힐스테이트초전,2023-02-21,28000,84.9196,29,2019,초전동 1665
진주혁신코오롱하늘채,2023-02-27,25000,84.95,4,2014,충무공동 230
진주혁신도시센텀리버파크,2023-02-01,24750,84.83,24,2013,충무공동 191
가좌주공1차,2023-02-20,11200,41.3,14,1993,가좌동 660
가좌주공1차,2023-02-20,11250,41.3,14,1993,가좌동 660
혁신도시엘에이치아파트8단지,2023-02-22,23000,59.97,11,2015,충무공동 300
신안주공1,2023-02-17,21000,84.53,3,1998,신안동 708-1
초전해모로루비채4단지,2023-02-23,28000,84.9671,12,2014,초전동 1670
힐스테이트초전,2023-02-09,28000,84.9351,20,2019,초전동 1665
신안주공1,2023-02-17,21000,84.98,11,1998,신안동 708-1
현대,2023-02-14,14000,84.955,2,1997,초전동 805
진주정촌대경파미르,2023-02-18,16000,84.9426,18,2019,정촌면 예하리 1286
혁신도시엘에이치아파트8단지,2023-02-22,23000,59.97,11,2015,충무공동 300
센트렐웰가,2023-02-25,30000,84.8133,18,2018,가좌동 1981
진주평거엘크루,2023-02-27,28000,72.6786,3,2016,평거동 919
더퀸즈웰가,2023-02-13,32000,84.9163,10,2015,평거동 1130
진주강남동일동미라주,2023-02-20,28000,84.9806,15,2021,강남동 387
주공그린빌,2023-02-27,16800,59.27,13,2005,가좌동 573-1
신안주공1,2023-02-20,22000,84.98,2,1998,신안동 708-1
이현하이클래스웰가,2023-02-21,38000,176.73,27,2008,이현동 1180
대경아르떼빌,2023-02-21,7300,31.02,5,2002,호탄동 620-1
센트렐웰가,2023-02-11,28000,84.9914,26,2018,가좌동 1981
혁신도시엘에이치아파트8단지,2023-02-18,20500,59.97,11,2015,충무공동 300
현대,2023-02-04,14000,59.96,5,1997,초전동 805
한림풀에버,2023-02-28,25000,67.3717,1,2015,충무공동 77
가좌주공1차,2023-02-15,13500,49.94,13,1993,가좌동 660
진주푸르지오1단지,2023-02-24,18000,84.9414,2,2007,금산면 장사리 962-1
진주푸르지오1단지,2023-02-24,18000,84.9414,2,2007,금산면 장사리 962-1
진주혁신코오롱하늘채,2023-02-06,26000,84.95,12,2014,충무공동 230
진주혁신도시센텀리버파크,2023-02-24,26500,84.95,3,2013,충무공동 191
혁신도시엘에이치아파트9단지,2023-02-15,23000,59.97,10,2017,충무공동 302
혁신도시엘에이치아파트8단지,2023-02-13,21000,59.97,2,2015,충무공동 300
진주혁신도시중흥에스-클래스센트럴시티4단지,2023-02-13,33000,84.9815,20,2020,충무공동 295
진주혁신도시센텀리버파크,2023-02-15,27000,84.83,9,2013,충무공동 191
혁신도시엘에이치아파트8단지,2023-02-13,22000,59.97,25,2015,충무공동 300
진주혁신코오롱하늘채,2023-02-08,25000,84.95,17,2014,충무공동 230
혁신도시엘에이치아파트8단지,2023-02-15,23000,59.97,19,2015,충무공동 300
혁신도시엘에이치아파트9단지,2023-02-17,24000,59.97,13,2017,충무공동 302
진주혁신도시라온프라이빗아파트,2023-02-16,33000,84.9087,14,2017,충무공동 195
진주푸르지오2단지,2023-02-23,24000,139.6609,17,2007,금산면 장사리 964-1
진주혁신코오롱하늘채,2023-02-13,26000,84.95,10,2014,충무공동 230
진주혁신코오롱하늘채,2023-02-06,26000,84.95,12,2014,충무공동 230
진주혁신도시센텀리버파크,2023-02-15,26000,84.95,1,2013,충무공동 191
진주혁신도시중흥에스-클래스더프라임,2023-02-21,30000,84.9912,6,2019,충무공동 90
진주혁신도시대방노블랜드더캐슬아파트,2023-02-20,35500,84.9474,9,2018,충무공동 296
진주혁신도시중흥에스-클래스센트럴시티3단지,2023-02-17,33000,84.8046,8,2020,충무공동 298
진주혁신코오롱하늘채,2023-02-17,27500,84.95,20,2014,충무공동 230
진주혁신도시중흥에스-클래스센트럴시티2단지,2023-02-21,35000,84.9815,9,2020,충무공동 293
혁신도시엘에이치5단지,2023-02-10,25000,84.95,10,2014,충무공동 234
혁신도시엘에이치5단지,2023-02-14,25000,84.95,9,2014,충무공동 234
진주혁신코오롱하늘채,2023-02-15,25000,84.95,10,2014,충무공동 230
혁신도시엘에이치5단지,2023-02-10,25000,84.95,19,2014,충무공동 234
진주푸르지오1단지,2023-02-28,19000,84.9414,14,2007,금산면 장사리 962-1
신안주공1,2023-02-20,22000,84.98,2,1998,신안동 708-1
현대,2023-02-14,11000,59.89,18,1996,하대동 101
진주혁신도시중흥에스-클래스더퍼스트,2023-02-18,41000,99.864,4,2020,충무공동 275
화인,2023-02-27,10000,83.435,4,1994,상봉동 615-2
진주혁신도시중흥에스-클래스더프라임,2023-02-17,35000,97.7268,4,2019,충무공동 90
혁신도시엘에이치아파트9단지,2023-02-03,24500,59.97,15,2017,충무공동 302
엠코타운더프라하,2023-02-11,30000,84.9651,33,2014,평거동 1132
진주혁신코오롱하늘채,2023-02-25,25000,84.95,11,2014,충무공동 230
센트렐웰가,2023-02-16,31500,84.9914,11,2018,가좌동 1981
진주혁신도시라온프라이빗아파트,2023-02-05,31000,84.9087,10,2017,충무공동 195
한주파크맨션,2023-02-24,11000,76.44,1,1990,신안동 33-16
주공그린빌,2023-02-25,21000,84.9,17,2005,가좌동 573-1
진주정촌대경파미르,2023-02-27,21000,84.9426,3,2019,정촌면 예하리 1286
혁신도시엘에이치아파트9단지,2023-02-28,27500,59.97,24,2017,충무공동 302
혁신도시엘에이치아파트8단지,2023-02-15,20000,59.97,7,2015,충무공동 300
진주혁신코오롱하늘채,2023-02-22,24000,84.95,2,2014,충무공동 230
진주혁신도시라온프라이빗아파트,2023-02-27,35000,84.9087,11,2017,충무공동 195
포레나신진주,2023-02-25,29500,84.9515,3,2019,가좌동 2056
진주정촌대경파미르,2023-02-25,22000,84.9625,15,2019,정촌면 예하리 1286
시티프라디움,2023-02-25,30000,84.9941,18,2020,가좌동 2058
진주푸르지오1단지,2023-02-24,18000,84.9414,2,2007,금산면 장사리 962-1
더퀸즈웰가,2023-02-16,23500,58.4018,8,2015,평거동 1130
현대,2023-02-13,19000,59.92,15,2000,주약동 360
혁신도시엘에이치아파트8단지,2023-02-14,23000,59.97,25,2015,충무공동 300
혁신도시엘에이치아파트8단지,2023-02-21,23000,59.97,12,2015,충무공동 300
진주혁신도시라온프라이빗아파트,2023-02-15,31000,84.8922,18,2017,충무공동 195
진주혁신도시센텀리버파크,2023-02-13,27000,84.95,11,2013,충무공동 191
가좌주공2차,2023-02-15,8000,38.64,1,1993,가좌동 660
진주혁신도시센텀리버파크,2023-02-15,26000,84.88,2,2013,충무공동 191
진주혁신도시중흥에스-클래스센트럴시티4단지,2023-02-13,32000,84.9815,12,2020,충무공동 295
혁신도시엘에이치아파트8단지,2023-02-15,23000,59.97,25,2015,충무공동 300
혁신도시엘에이치아파트9단지,2023-02-20,23000,59.97,24,2017,충무공동 302
진주혁신도시라온프라이빗아파트,2023-02-15,30000,84.8827,1,2017,충무공동 195
혁신도시엘에이치아파트8단지,2023-02-22,23000,59.97,15,2015,충무공동 300
진주혁신도시라온프라이빗아파트,2023-02-20,33000,84.9087,21,2017,충무공동 195
진주혁신도시센텀리버파크,2023-02-15,24000,75.76,2,2013,충무공동 191
진주혁신코오롱하늘채,2023-02-20,24000,75.99,8,2014,충무공동 230
진주혁신도시중흥에스-클래스센트럴시티2단지,2023-02-20,33000,84.9815,29,2020,충무공동 293
진주혁신도시중흥에스-클래스센트럴시티2단지,2023-02-22,33000,84.9815,22,2020,충무공동 293
진주혁신코오롱하늘채,2023-02-21,27000,84.95,15,2014,충무공동 230
진주혁신도시라온프라이빗아파트,2023-02-20,33000,84.8922,14,2017,충무공동 195
진주혁신도시라온프라이빗아파트,2023-02-27,33000,84.8922,18,2017,충무공동 195
진주혁신코오롱하늘채,2023-02-27,25000,75.99,8,2014,충무공동 230
힐스테이트초전,2023-02-07,28000,91.0451,10,2019,초전동 1665
초전해모로루비채4단지,2023-02-25,28000,84.9671,19,2014,초전동 1670
혁신도시엘에이치아파트8단지,2023-02-27,23000,59.97,13,2015,충무공동 300
진주혁신도시센텀리버파크,2023-02-17,28000,84.95,8,2013,충무공동 191
진주정촌대경파미르,2023-02-28,21000,84.9426,10,2019,정촌면 예하리 1286
엠코타운더프라하,2023-02-11,33600,84.9651,32,2014,평거동 1132
힐스테이트초전,2023-02-26,29000,84.9196,17,2019,초전동 1665
신안주공2,2023-02-23,9000,39.99,13,1996,신안동 707-1
진주혁신도시센텀리버파크,2023-02-25,27000,84.95,14,2013,충무공동 191
가좌주공1차,2023-02-08,9000,41.3,3,1993,가좌동 660
가좌주공1차,2023-02-13,7000,41.3,1,1993,가좌동 660
가좌주공2차,2023-02-08,9000,38.64,5,1993,가좌동 660
한주럭키타운,2023-02-24,21000,84.81,15,1990,주약동 156
가좌주공1차,2023-02-04,13000,49.94,15,1993,가좌동 660
가좌주공2차,2023-02-24,9000,38.64,15,1993,가좌동 660
가좌주공2차,2023-02-23,9000,38.64,3,1993,가좌동 660
이지더원,2023-02-06,30000,84.9614,20,2018,초전동 1673
진주초장엠코타운더이스턴파크,2023-02-20,23000,73.556,10,2014,초전동 1669
금산느티나무,2023-02-26,12000,59.42,15,2003,금산면 장사리 963-1
힐스테이트초전,2023-02-28,30000,84.9351,19,2019,초전동 1665
진주혁신도시중흥에스-클래스센트럴시티4단지,2023-02-16,30000,84.8046,20,2020,충무공동 295
현대,2023-02-28,14000,59.96,7,1997,초전동 805
평거휴먼시아4단지,2023-02-26,26000,84.91,3,2011,평거동 797
한림풀에버,2023-02-26,28000,84.9644,18,2015,충무공동 77
진주정촌대경파미르,2023-02-20,23000,84.9426,7,2019,정촌면 예하리 1286
진주정촌대경파미르,2023-02-28,21000,84.9426,10,2019,정촌면 예하리 1286
진주혁신코오롱하늘채,2023-02-01,27000,84.95,11,2014,충무공동 230
진주초전푸르지오1단지,2023-02-28,31500,101.977,15,2009,초전동 1640-1
주공그린빌,2023-02-25,15200,59.27,3,2005,가좌동 573-1
금산흥한골든빌,2023-02-04,13500,73.61,5,2002,금산면 장사리 1000
진주초장엠코타운더이스턴파크,2023-02-07,26000,101.828,8,2014,초전동 1669
신안주공2,2023-02-18,15000,59.8,6,1996,신안동 707-1
진주평거엘크루,2023-02-04,33000,84.9195,11,2016,평거동 919
진주정촌대경파미르,2023-02-20,21000,84.9426,12,2019,정촌면 예하리 1286
가좌주공1차,2023-02-14,12500,44.94,1,1993,가좌동 660
들말흥한타운,2023-02-11,15000,59.871,1,1998,평거동 191-1
상봉1,2023-02-27,3000,40.44,2,1976,상봉동 800-1
진주혁신도시라온프라이빗아파트,2023-02-03,29000,84.9087,3,2017,충무공동 195
대영,2023-02-21,14000,84.86,7,1992,하대동 654-2
혁신도시엘에이치아파트9단지,2023-02-15,24000,59.97,15,2017,충무공동 302
센트렐웰가,2023-02-16,31500,84.9914,11,2018,가좌동 1981
진주초장엠코타운더이스턴파크,2023-02-23,24500,73.556,13,2014,초전동 1669
진주초전푸르지오1단지,2023-02-25,42000,162.517,15,2009,초전동 1640-1
진주혁신코오롱하늘채,2023-02-06,26000,84.95,15,2014,충무공동 230
혁신도시엘에이치5단지,2023-02-06,26000,84.95,6,2014,충무공동 234
주공그린빌,2023-02-21,13600,51.74,1,2005,가좌동 573-1
진주혁신도시중흥에스-클래스센트럴시티4단지,2023-02-16,35000,99.8146,32,2020,충무공동 295
촉석맨션,2023-02-06,6000,52.46,2,1980,상평동 219-91
진주혁신도시중흥에스-클래스더퍼스트,2023-02-25,40000,99.864,11,2020,충무공동 275
이지더원,2023-02-03,26000,73.2086,5,2018,초전동 1673
진주혁신도시라온프라이빗아파트,2023-02-24,35000,84.9087,11,2017,충무공동 195
들말흥한타운,2023-02-18,15225,59.871,3,1998,평거동 191-1
진주정촌대경파미르,2023-02-11,23000,84.9426,19,2019,정촌면 예하리 1286
진주정촌대경파미르,2023-02-25,23000,84.9625,19,2019,정촌면 예하리 1286
들말대경,2023-02-19,16500,59.595,12,1998,평거동 190
센트렐웰가,2023-02-25,31000,84.9222,33,2018,가좌동 1981
주공그린빌,2023-02-27,16800,59.27,13,2005,가좌동 573-1
진주정촌대경파미르,2023-02-13,23000,84.9426,11,2019,정촌면 예하리 1286
진주혁신도시중흥에스-클래스더프라임,2023-02-25,34000,97.7268,5,2019,충무공동 90
진주혁신도시센텀리버파크,2023-02-25,27000,84.95,11,2013,충무공동 191
들말흥한타운,2023-02-25,22000,84.89,5,1998,평거동 191-1
이지더원,2023-02-23,25000,73.2086,15,2018,초전동 1673
주공그린빌,2023-02-17,14500,59.27,1,2005,가좌동 573-1
진주혁신도시대방노블랜드더캐슬아파트,2023-02-24,40000,104.8302,20,2018,충무공동 296
혁신도시엘에이치아파트8단지,2023-02-20,20000,59.97,17,2015,충무공동 300
혁신도시엘에이치아파트8단지,2023-02-24,23100,59.97,14,2015,충무공동 300
포레나신진주,2023-02-18,30000,84.9515,6,2019,가좌동 2056
상봉2,2023-02-20,7000,61.77,5,1986,상봉동 1446
엠코타운더프라하,2023-02-21,32000,84.9651,3,2014,평거동 1132
진주혁신도시중흥에스-클래스더프라임,2023-02-23,30000,84.9912,12,2019,충무공동 90
진주초전푸르지오2단지,2023-02-11,40000,125.029,5,2010,초전동 1637-1
신안주공1,2023-02-24,21000,84.53,7,1998,신안동 708-1
신안주공2,2023-02-10,14000,59.8,8,1996,신안동 707-1
진주강남동일동미라주,2023-02-19,27000,84.9806,6,2021,강남동 387
혁신도시엘에이치아파트9단지,2023-02-08,19000,59.97,2,2017,충무공동 302
진주우방아이유쉘,2023-02-10,24000,84.9578,9,2017,정촌면 예하리 1296
초전해모로루비채2단지,2023-02-15,28000,84.9908,3,2014,초전동 1667
평거주공1차,2023-02-20,8400,39.3,5,1988,평거동 326
가좌주공1차,2023-02-22,13500,49.94,8,1993,가좌동 660
진주우방아이유쉘,2023-02-11,25000,84.9578,19,2017,정촌면 예하리 1296
엠코타운더프라하,2023-02-08,52000,153.2116,11,2014,평거동 1132
평거휴먼시아3단지,2023-02-22,31000,84.95,11,2011,평거동 897
들말흥한타운,2023-02-19,27825,125.61,15,1998,평거동 191-1
센트렐웰가,2023-02-12,28000,59.4732,5,2018,가좌동 1981
일동,2023-02-22,12000,81.46,9,1994,초전동 1426
진주초장엠코타운더이스턴파크,2023-02-18,23000,73.6669,22,2014,초전동 1669
스카이시티프라디움,2023-02-21,33000,84.991,24,2019,가좌동 1958
진주정촌대경파미르,2023-02-22,21000,84.9625,4,2019,정촌면 예하리 1286
평거휴먼시아3단지,2023-02-22,28400,84.95,13,2011,평거동 897
신안주공2,2023-02-06,13000,49.97,13,1996,신안동 707-1
진주혁신코오롱하늘채,2023-02-09,24000,84.95,1,2014,충무공동 230
센트렐웰가,2023-02-18,30000,84.9222,7,2018,가좌동 1981
센트렐웰가,2023-02-18,30000,84.9222,14,2018,가좌동 1981
진주정촌대경파미르,2023-02-10,21000,84.9426,4,2019,정촌면 예하리 1286
진주초전푸르지오1단지,2023-02-19,25000,84.77,18,2009,초전동 1640-1
진주우방아이유쉘,2023-02-18,22000,84.9758,20,2017,정촌면 예하리 1296
하대주공,2023-02-17,7000,36.2,3,1982,하대동 73-1
가좌주공1차,2023-02-20,11250,41.3,14,1993,가좌동 660
가좌주공1차,2023-02-20,11500,41.3,14,1993,가좌동 660
진주혁신도시중흥에스-클래스더프라임,2023-02-11,30000,84.9912,6,2019,충무공동 90
진주혁신도시중흥에스-클래스센트럴시티4단지,2023-02-14,31000,84.9815,21,2020,충무공동 295
진주혁신도시대방노블랜드더캐슬아파트,2023-02-11,30000,103.3591,17,2018,충무공동 296
진주혁신도시중흥에스-클래스더프라임,2023-02-18,30000,84.9912,9,2019,충무공동 90
진주혁신도시중흥에스-클래스더프라임,2023-02-17,35000,97.7268,4,2019,충무공동 90
진주혁신도시라온프라이빗아파트,2023-02-15,30000,84.8827,23,2017,충무공동 195
진주혁신도시센텀리버파크,2023-02-13,29000,84.88,23,2013,충무공동 191
엠코타운더프라하,2023-02-17,32000,84.933,17,2014,평거동 1132
진주혁신도시중흥에스-클래스센트럴시티3단지,2023-02-13,37000,99.8723,8,2020,충무공동 298
진주정촌대경파미르,2023-02-20,14700,84.9426,1,2019,정촌면 예하리 1286
진주정촌대경파미르,2023-02-20,14700,84.9426,1,2019,정촌면 예하리 1286
럭키강변,2023-02-20,16000,74.45,15,1991,하대동 75-3
힐스테이트초전,2023-02-01,28000,91.2066,12,2019,초전동 1665
진주혁신도시센텀리버파크,2023-02-19,25000,84.95,5,2013,충무공동 191
초전해모로루비채4단지,2023-02-13,30000,100.8994,2,2014,초전동 1670
초전해모로루비채2단지,2023-02-14,27300,84.9671,15,2014,초전동 1667
진주혁신도시중흥에스-클래스더프라임,2023-02-20,29000,84.9858,22,2019,충무공동 90
진주초전푸르지오2단지,2023-02-04,33000,101.977,22,2010,초전동 1637-1
진주우방아이유쉘,2023-02-18,24000,84.9578,9,2017,정촌면 예하리 1296
힐스테이트초전,2023-02-05,25000,84.9351,18,2019,초전동 1665
상봉2,2023-02-20,6000,61.77,4,1986,상봉동 1446
진주혁신도시중흥에스-클래스센트럴시티4단지,2023-02-16,30000,84.8046,20,2020,충무공동 295
엠코타운더프라하,2023-02-18,33000,84.9651,26,2014,평거동 1132
신안주공3,2023-02-11,15600,59.8,11,1997,신안동 705-1
한주럭키타운,2023-02-04,18000,84.81,13,1990,주약동 156
진주평거우방아이유쉘스카이팰리스,2023-02-04,30000,84.0198,11,2019,평거동 1137
가좌주공2차,2023-02-14,10000,38.64,13,1993,가좌동 660
가좌주공1차,2023-02-12,12000,41.3,3,1993,가좌동 660
엠코타운더프라하,2023-02-10,30000,84.933,33,2014,평거동 1132
금산흥한골든빌,2023-02-16,10000,58.12,7,2002,금산면 장사리 1000
진주강남동일동미라주,2023-02-18,27000,84.9806,6,2021,강남동 387
초전해모로루비채2단지,2023-02-06,24000,74.9798,18,2014,초전동 1667
포레나신진주,2023-02-17,30000,84.9543,21,2019,가좌동 2056
진주평거엘크루,2023-02-04,34000,84.9195,3,2016,평거동 919
진주혁신도시대방노블랜드더캐슬아파트,2023-02-11,30000,103.3591,17,2018,충무공동 296
진주초장엠코타운더이스턴파크,2023-02-17,26500,84.977,10,2014,초전동 1669
진주혁신코오롱하늘채,2023-02-10,24000,75.99,10,2014,충무공동 230
한보타워,2023-02-16,10000,83.93,11,1991,신안동 28-4
진주우방아이유쉘,2023-02-17,21000,84.9578,6,2017,정촌면 예하리 1296
진주혁신도시중흥에스-클래스센트럴시티4단지,2023-02-13,31000,84.9815,21,2020,충무공동 295
진주혁신도시중흥에스-클래스센트럴시티3단지,2023-02-17,35000,99.8146,22,2020,충무공동 298
한림풀에버,2023-02-05,23000,84.9644,17,2015,충무공동 77
진주정촌대경파미르,2023-02-16,23000,84.9426,13,2019,정촌면 예하리 1286
진주혁신도시중흥에스-클래스더퍼스트,2023-02-01,20000,99.864,14,2020,충무공동 275
엠코타운더프라하,2023-02-12,33500,84.9651,17,2014,평거동 1132
혁신도시엘에이치아파트8단지,2023-02-16,25500,59.97,15,2015,충무공동 300
엠코타운더프라하,2023-02-16,27000,66.5175,8,2014,평거동 1132
평거주공1차,2023-02-15,10000,39.3,3,1988,평거동 326
평거주공1차,2023-02-08,10000,39.69,1,1988,평거동 326
일진스위트포레강남,2023-02-16,23000,58.9514,15,2021,강남동 141-1
일진스위트포레강남,2023-02-16,23000,58.9514,15,2021,강남동 141-1
힐스테이트초전,2023-02-09,28000,84.9351,20,2019,초전동 1665
혁신도시엘에이치5단지,2023-02-16,23100,75.84,2,2014,충무공동 234
진주혁신코오롱하늘채,2023-02-16,24000,84.95,12,2014,충무공동 230
진주혁신도시중흥에스-클래스센트럴시티4단지,2023-02-04,37800,99.8723,7,2020,충무공동 295
진주문산파란채,2023-02-11,16000,84.9015,9,2010,문산읍 삼곡리 1224
센트렐웰가,2023-02-11,30000,84.8381,6,2018,가좌동 1981
혁신도시엘에이치아파트9단지,2023-02-08,23000,59.97,16,2017,충무공동 302
진주혁신도시중흥에스-클래스센트럴시티3단지,2023-02-05,30000,84.9815,21,2020,충무공동 298
힐스테이트초전,2023-02-11,28000,84.9196,22,2019,초전동 1665
가좌주공1차,2023-02-14,11500,44.94,5,1993,가좌동 660
진주혁신코오롱하늘채,2023-02-14,22500,84.95,6,2014,충무공동 230
신안주공3,2023-02-14,16300,59.8,6,1997,신안동 705-1
현대,2023-02-10,18000,84.93,18,1996,하대동 101
더퀸즈웰가,2023-02-13,24500,58.4018,27,2015,평거동 1130
가좌주공1차,2023-02-14,11500,41.3,14,1993,가좌동 660
가좌주공2차,2023-02-11,9975,41.3,5,1993,가좌동 660
들말한보타운,2023-02-14,16000,59.8,8,1997,평거동 192-1
혁신도시엘에이치아파트9단지,2023-02-13,24000,59.97,13,2017,충무공동 302
휴앤인엘리시움,2023-02-10,32000,84.8578,14,2019,충무공동 134
혁신도시엘에이치아파트8단지,2023-02-02,22000,59.97,6,2015,충무공동 300
진주혁신도시센텀리버파크,2023-02-10,23000,84.95,13,2013,충무공동 191
진주초장엠코타운더이스턴파크,2023-02-12,25000,84.977,29,2014,초전동 1669
평거휴먼시아3단지,2023-02-13,30000,84.95,3,2011,평거동 897
진주혁신도시대방노블랜드더캐슬아파트,2023-02-02,45000,103.9623,11,2018,충무공동 296
혁신도시엘에이치아파트9단지,2023-02-07,21000,59.97,14,2017,충무공동 302
평거휴먼시아4단지,2023-02-13,25000,84.95,3,2011,평거동 797
진주평거엘크루,2023-02-04,34000,84.9195,9,2016,평거동 919
평거휴먼시아3단지,2023-02-10,30000,84.95,10,2011,평거동 897
혁신도시엘에이치아파트8단지,2023-02-13,22000,59.96,5,2015,충무공동 300
진주혁신코오롱하늘채,2023-02-10,23000,75.99,15,2014,충무공동 230
순화가밀라씨티빌,2023-02-10,4800,39.49,5,2003,봉곡동 469-9
상봉1,2023-02-04,3000,41.9,3,1976,상봉동 800-1
센트렐웰가,2023-02-11,28000,75.3872,33,2018,가좌동 1981
대경강남타운,2023-02-12,18000,94.68,1,1997,강남동 233
진주초장엠코타운더이스턴파크,2023-02-06,25000,84.977,15,2014,초전동 1669
진주평거우방아이유쉘스카이팰리스,2023-02-12,30000,84.0198,15,2019,평거동 1137
혁신도시엘에이치아파트9단지,2023-02-13,25000,59.97,6,2017,충무공동 302
들말대경,2023-02-13,17000,59.595,15,1998,평거동 190
평거휴먼시아4단지,2023-02-10,22000,59.98,12,2011,평거동 797
한주럭키타운,2023-02-10,17000,76.58,4,1990,주약동 156
진주혁신도시중흥에스-클래스더프라임,2023-02-11,34000,97.7268,10,2019,충무공동 90
더퀸즈웰가,2023-02-10,32000,84.7157,32,2015,평거동 1130
진주우방아이유쉘,2023-02-10,24000,84.9756,17,2017,정촌면 예하리 1296
혁신도시엘에이치아파트8단지,2023-02-08,22000,59.97,14,2015,충무공동 300
신안주공2,2023-02-03,12400,49.97,2,1996,신안동 707-1
대경아르떼빌,2023-02-08,10000,38.09,8,2002,호탄동 620-1
가좌주공1차,2023-02-04,12000,41.3,2,1993,가좌동 660
혁신도시엘에이치아파트9단지,2023-02-10,23000,59.97,6,2017,충무공동 302
이지더원,2023-02-10,25000,73.2086,16,2018,초전동 1673
주공그린빌,2023-02-06,14400,51.74,11,2005,가좌동 573-1
시티프라디움,2023-02-10,26000,84.9941,20,2020,가좌동 2058
혁신도시엘에이치아파트8단지,2023-02-09,22000,59.96,7,2015,충무공동 300
엠코타운더프라하,2023-02-09,31000,84.933,27,2014,평거동 1132
대화리네르빌,2023-02-04,18000,82.3136,6,2007,가좌동 721-1
대경아르떼빌,2023-02-09,7875,31.02,6,2002,호탄동 620-1
혁신도시엘에이치아파트9단지,2023-02-07,22500,59.97,5,2017,충무공동 302
대경아르떼빌,2023-02-08,10000,38.09,8,2002,호탄동 620-1
힐스테이트초전,2023-02-04,26000,84.9196,11,2019,초전동 1665
더퀸즈웰가,2023-02-04,25000,58.7908,8,2015,평거동 1130
가좌주공2차,2023-02-08,11000,44.94,1,1993,가좌동 660
힐스테이트초전,2023-02-01,28000,84.9196,24,2019,초전동 1665
엠코타운더프라하,2023-02-07,47000,119.7937,24,2014,평거동 1132
진주정촌대경파미르,2023-02-08,20475,84.9426,4,2019,정촌면 예하리 1286
진주우방아이유쉘,2023-02-08,25000,84.9758,14,2017,정촌면 예하리 1296
진주혁신도시대방노블랜드더캐슬아파트,2023-02-08,42000,103.9623,4,2018,충무공동 296
혁신도시엘에이치5단지,2023-02-06,27000,84.95,17,2014,충무공동 234
진주혁신도시중흥에스-클래스센트럴시티2단지,2023-02-01,42000,117.7407,26,2020,충무공동 293
센트렐웰가,2023-02-07,26000,75.3872,6,2018,가좌동 1981
현대금빛마을,2023-02-03,7000,59.28,9,2000,집현면 봉강리 249
진주혁신도시센텀리버파크,2023-02-07,26000,84.95,5,2013,충무공동 191
더퀸즈웰가,2023-02-05,25000,65.6733,30,2015,평거동 1130
혁신도시엘에이치아파트9단지,2023-02-07,22500,59.97,5,2017,충무공동 302
혁신도시엘에이치아파트8단지,2023-02-07,22000,59.96,8,2015,충무공동 300
이현주공,2023-02-04,5425,55.8,3,1983,이현동 8-1
가좌주공1차,2023-02-04,13000,49.94,15,1993,가좌동 660
진주혁신도시중흥에스-클래스센트럴시티4단지,2023-02-06,32000,84.9815,7,2020,충무공동 295
이지더원,2023-02-06,30000,84.9614,20,2018,초전동 1673
한림풀에버,2023-02-06,27000,84.9088,19,2015,충무공동 77
주공그린빌,2023-02-06,16000,51.74,11,2005,가좌동 573-1
들말흥한타운,2023-02-05,18500,77.391,8,1998,평거동 191-1
럭키강변,2023-02-02,16000,74.45,15,1991,하대동 75-3
초전해모로루비채2단지,2023-02-04,23000,74.9798,9,2014,초전동 1667
진주우방아이유쉘,2023-02-03,22000,84.9578,20,2017,정촌면 예하리 1296
진주평거엘크루,2023-02-01,30000,84.9195,2,2016,평거동 919
혁신도시엘에이치아파트8단지,2023-02-04,22000,59.97,16,2015,충무공동 300
더퀸즈웰가,2023-02-02,27000,66.3912,28,2015,평거동 1130
진주혁신코오롱하늘채,2023-02-01,27000,84.95,11,2014,충무공동 230
진주평거우방아이유쉘스카이팰리스,2023-02-01,30000,84.0198,9,2019,평거동 1137
진주정촌대경파미르,2023-02-03,23000,84.9426,14,2019,정촌면 예하리 1286
주공그린빌,2023-02-03,15500,51.74,13,2005,가좌동 573-1
주공그린빌,2023-02-01,17500,59.27,4,2005,가좌동 573-1
진주푸르지오1단지,2023-02-02,15000,84.9414,4,2007,금산면 장사리 962-1
진주푸르지오1단지,2023-02-02,15000,84.9414,4,2007,금산면 장사리 962-1
초전해모로루비채2단지,2023-02-01,24000,84.9671,1,2014,초전동 1667
진주혁신도시중흥에스-클래스센트럴시티4단지,2023-02-01,32000,84.9815,7,2020,충무공동 295
진주혁신도시대방노블랜드더캐슬아파트,2023-02-02,35000,84.9899,10,2018,충무공동 296
청구타운,2023-02-01,13000,59.99,6,1997,초전동 1431-3
가좌주공1차,2023-02-01,12000,41.3,11,1993,가좌동 660
진주혁신도시대방노블랜드더캐슬아파트,2023-02-02,43000,84.9899,11,2018,충무공동 296
진주혁신도시중흥에스-클래스센트럴시티3단지,2023-02-27,32000,84.8046,13,2020,충무공동 298
주공그린빌,2023-02-13,17800,84.9,4,2005,가좌동 573-1
평거주공1차,2023-02-04,9000,39.69,1,1988,평거동 326
평거주공1차,2023-03-08,10500,47.01,5,1988,평거동 326
가좌주공1차,2023-03-15,12500,49.94,13,1993,가좌동 660
이지더원,2023-03-07,32000,113.588,18,2018,초전동 1673
주공그린빌,2023-03-01,17500,59.27,16,2005,가좌동 573-1
진주강남동일동미라주,2023-03-22,26000,75.998,18,2021,강남동 387
진주강남동일동미라주,2023-03-22,26000,75.998,18,2021,강남동 387
평거주공1차,2023-03-22,11000,46.68,3,1988,평거동 326
금산흥한골든빌,2023-03-24,7000,58.12,9,2002,금산면 장사리 1000
진주강남동일동미라주,2023-03-22,26000,75.998,18,2021,강남동 387
신안주공2,2023-03-10,13400,59.8,4,1996,신안동 707-1
주공그린빌,2023-03-08,16000,59.27,2,2005,가좌동 573-1
벽산블루밍(구)동신,2023-03-02,6000,59.76,4,1993,평거동 401
흥한타운2,2023-03-04,12000,59.935,1,1995,신안동 454-4
진주정촌대경파미르,2023-03-17,23000,84.9625,17,2019,정촌면 예하리 1286
진주혁신도시중흥에스-클래스센트럴시티4단지,2023-03-14,32000,84.9815,21,2020,충무공동 295
혁신도시엘에이치아파트8단지,2023-03-22,25000,59.97,18,2015,충무공동 300
진주정촌대경파미르,2023-03-23,23000,84.9426,15,2019,정촌면 예하리 1286
이지더원,2023-03-07,32000,113.588,18,2018,초전동 1673
초전해모로루비채2단지,2023-03-01,27000,84.9671,19,2014,초전동 1667
혁신도시엘에이치아파트9단지,2023-03-16,18186,59.97,22,2017,충무공동 302
엠코타운더프라하,2023-03-08,50000,119.7937,9,2014,평거동 1132
평거휴먼시아3단지,2023-03-26,34900,84.95,4,2011,평거동 897
진주평거우방아이유쉘스카이팰리스,2023-03-28,35000,84.0198,26,2019,평거동 1137
한림풀에버,2023-03-03,28000,84.9644,17,2015,충무공동 77
진주초장엠코타운더이스턴파크,2023-03-11,29000,84.977,18,2014,초전동 1669
진주강남동일동미라주,2023-03-30,29000,84.9831,20,2021,강남동 387
진주센트럴자이,2023-03-08,28000,84.956,15,2013,상평동 1069
스카이시티프라디움,2023-03-15,34000,84.991,20,2019,가좌동 1958
평거휴먼시아3단지,2023-03-21,28000,84.98,9,2011,평거동 897
혁신도시엘에이치아파트8단지,2023-03-13,24000,59.97,18,2015,충무공동 300
혁신도시엘에이치아파트8단지,2023-03-13,24000,59.97,18,2015,충무공동 300
금산느티나무,2023-03-29,10500,59.42,8,2003,금산면 장사리 963-1
하대주공,2023-03-20,8000,44.3,1,1982,하대동 73-1
평거휴먼시아4단지,2023-03-24,22000,59.98,2,2011,평거동 797
흥한타운,2023-03-09,9500,59.88,12,1995,상대동 307-4
진주문산코아루,2023-03-31,22000,84.9844,19,2010,문산읍 소문리 2421
휴앤인엘리시움,2023-03-29,21000,84.8578,26,2019,충무공동 134
평거휴먼시아4단지,2023-03-18,26000,84.95,2,2011,평거동 797
초전해모로루비채2단지,2023-03-03,28000,84.9671,17,2014,초전동 1667
제일풍경채,2023-03-02,29000,110.7705,12,2007,가좌동 479-1
진주정촌대경파미르,2023-03-31,22000,84.9426,14,2019,정촌면 예하리 1286
진주혁신코오롱하늘채,2023-03-07,24500,84.95,11,2014,충무공동 230
진주강남동일동미라주,2023-03-25,29500,84.9806,15,2021,강남동 387
진주정촌대경파미르,2023-03-29,22500,84.9426,16,2019,정촌면 예하리 1286
한림풀에버,2023-03-16,28000,84.9644,10,2015,충무공동 77
진주평거엘크루,2023-03-08,28000,84.9624,11,2016,평거동 919
진주포레스트부영,2023-03-29,16742,59.9925,8,2020,충무공동 145
혁신도시엘에이치아파트9단지,2023-03-18,24000,59.97,19,2017,충무공동 302
진주강남동일동미라주,2023-03-22,26000,75.998,18,2021,강남동 387
진주혁신도시센텀리버파크,2023-03-01,24000,84.95,6,2013,충무공동 191
이현하이클래스웰가,2023-03-28,22000,75.07,5,2008,이현동 1180
진주혁신코오롱하늘채,2023-03-29,27000,84.95,11,2014,충무공동 230
진주혁신도시중흥에스-클래스센트럴시티2단지,2023-03-11,30000,84.9815,23,2020,충무공동 293
진주포레스트부영,2023-03-24,16742,59.9925,21,2020,충무공동 145
진주강남동일동미라주,2023-03-30,32000,84.9806,22,2021,강남동 387
진주정촌대경파미르,2023-03-31,21000,66.1957,5,2019,정촌면 예하리 1286
한보타운,2023-03-03,11000,84.6,3,1993,평거동 737
혁신도시엘에이치아파트8단지,2023-03-15,22500,59.97,1,2015,충무공동 300
진주혁신도시센텀리버파크,2023-03-28,24000,84.95,6,2013,충무공동 191
진주혁신코오롱하늘채,2023-03-13,27000,84.95,13,2014,충무공동 230
진주혁신도시센텀리버파크,2023-03-30,27000,84.95,18,2013,충무공동 191
혁신도시엘에이치아파트8단지,2023-03-27,23000,59.97,10,2015,충무공동 300
진주혁신도시센텀리버파크,2023-03-29,27000,84.88,3,2013,충무공동 191
진주혁신코오롱하늘채,2023-03-30,27000,84.95,16,2014,충무공동 230
한림풀에버,2023-03-19,28000,84.9088,19,2015,충무공동 77
하대주공,2023-03-29,7000,44.3,4,1982,하대동 73-1
주공그린빌,2023-03-18,22000,84.9,11,2005,가좌동 573-1
금산흥한골든빌,2023-03-11,11000,58.12,3,2002,금산면 장사리 1000
혁신도시엘에이치아파트9단지,2023-03-25,23000,59.97,9,2017,충무공동 302
대림,2023-03-07,15000,110.56,15,1995,초전동 702-22
진주혁신도시센텀리버파크,2023-03-18,23000,75.54,2,2013,충무공동 191
혁신도시엘에이치5단지,2023-03-04,24000,84.95,18,2014,충무공동 234
이현하이클래스웰가,2023-03-18,23100,84.98,10,2008,이현동 1180
이현하이클래스웰가,2023-03-18,23100,84.98,10,2008,이현동 1180
포레나신진주,2023-03-01,29000,84.9515,19,2019,가좌동 2056
진주정촌대경파미르,2023-03-25,22000,84.9426,3,2019,정촌면 예하리 1286
신안주공3,2023-03-31,15000,59.8,2,1997,신안동 705-1
엠코타운더프라하,2023-03-03,53000,153.2116,14,2014,평거동 1132
이지더원,2023-03-24,25700,73.2086,6,2018,초전동 1673
진주정촌대경파미르,2023-03-29,22500,84.9426,16,2019,정촌면 예하리 1286
진주혁신도시센텀리버파크,2023-03-29,27000,84.95,3,2013,충무공동 191
진주혁신코오롱하늘채,2023-03-29,27000,84.95,2,2014,충무공동 230
진주혁신코오롱하늘채,2023-03-29,27000,84.95,10,2014,충무공동 230
진주혁신도시센텀리버파크,2023-03-29,27000,84.95,4,2013,충무공동 191
진주혁신코오롱하늘채,2023-03-03,26000,84.95,16,2014,충무공동 230
혁신도시엘에이치아파트9단지,2023-03-10,25000,59.97,22,2017,충무공동 302
하영그린맨션,2023-03-11,10000,77.64,5,1992,평거동 742
더퀸즈웰가,2023-03-02,25000,58.7908,10,2015,평거동 1130
혁신도시엘에이치아파트8단지,2023-03-29,22000,59.97,6,2015,충무공동 300
진주혁신도시대방노블랜드더캐슬아파트,2023-03-04,35000,103.3591,22,2018,충무공동 296
포레나신진주,2023-03-01,29000,84.9515,19,2019,가좌동 2056
프리미어웰가,2023-03-21,17000,59.9964,9,2021,가좌동 1945
건영아모리움,2023-03-23,24150,78.466,16,2017,평거동 141
신안주공3,2023-03-09,15500,59.8,11,1997,신안동 705-1
현대,2023-03-30,16000,59.92,14,2000,주약동 360
한림풀에버,2023-03-30,30000,84.9088,20,2015,충무공동 77
이지더원,2023-03-17,25000,84.9614,2,2018,초전동 1673
초전해모로루비채4단지,2023-03-22,27000,84.9908,3,2014,초전동 1670
진주포레스트부영,2023-03-31,16742,59.9925,20,2020,충무공동 145
진주혁신도시라온프라이빗아파트,2023-03-25,34000,84.9087,13,2017,충무공동 195
가좌주공1차,2023-03-29,11500,44.94,13,1993,가좌동 660
대림,2023-03-15,12500,59.91,14,1995,초전동 702-22
더퀸즈웰가,2023-03-25,27000,65.6733,9,2015,평거동 1130
가좌주공2차,2023-03-02,9000,38.64,3,1993,가좌동 660
이지더원,2023-03-30,33000,113.588,17,2018,초전동 1673
한림풀에버,2023-03-29,27000,84.9088,4,2015,충무공동 77
신안주공1,2023-03-23,15000,74.83,5,1998,신안동 708-1
한주럭키타운,2023-03-08,17000,84.81,8,1990,주약동 156
더퀸즈웰가,2023-03-29,24000,58.7908,32,2015,평거동 1130
엠코타운더프라하,2023-03-27,30000,84.933,22,2014,평거동 1132
주공그린빌,2023-03-21,15000,51.74,18,2005,가좌동 573-1
진주평거엘크루,2023-03-29,32000,84.9624,1,2016,평거동 919
힐스테이트초전,2023-03-31,29000,84.9196,26,2019,초전동 1665
대화리네르빌,2023-03-28,18500,82.3136,3,2007,가좌동 721-1
힐스테이트초전,2023-03-08,31000,91.2066,28,2019,초전동 1665
더퀸즈웰가,2023-03-18,32000,84.7157,26,2015,평거동 1130
엠코타운더프라하,2023-03-31,28500,66.5175,10,2014,평거동 1132
가좌주공1차,2023-03-28,13000,49.94,9,1993,가좌동 660
금산흥한골든빌,2023-03-02,6200,48.31,1,2002,금산면 장사리 1000
현대,2023-03-22,17000,84.955,14,1997,초전동 805
진주혁신도시중흥에스-클래스센트럴시티2단지,2023-03-19,35000,117.7407,18,2020,충무공동 293
청구타운,2023-03-06,12000,59.99,1,1997,초전동 1431-3
한주럭키타운,2023-03-30,18000,76.58,7,1990,주약동 156
진주혁신도시대방노블랜드더캐슬아파트,2023-03-31,38000,84.9899,7,2018,충무공동 296
혁신도시엘에이치아파트9단지,2023-03-14,24000,59.97,17,2017,충무공동 302
가좌주공1차,2023-03-23,13000,49.94,2,1993,가좌동 660
진주혁신도시대방노블랜드더캐슬아파트,2023-03-20,45000,103.3591,10,2018,충무공동 296
상봉1,2023-03-14,3000,40.44,1,1976,상봉동 800-1
주공그린빌,2023-03-25,16000,51.74,4,2005,가좌동 573-1
현대,2023-03-19,13200,84.99,5,1991,상대동 472
금산느티나무,2023-03-30,11000,59.42,17,2003,금산면 장사리 963-1
센트렐웰가,2023-03-01,32000,84.9222,23,2018,가좌동 1981
들말한보타운,2023-03-29,16500,59.8,6,1997,평거동 192-1
진주초장엠코타운더이스턴파크,2023-03-11,24000,73.6669,22,2014,초전동 1669
더퀸즈웰가,2023-03-29,24000,58.7908,32,2015,평거동 1130
주공그린빌,2023-03-07,14500,51.74,1,2005,가좌동 573-1
흥한타운,2023-03-09,9500,59.88,12,1995,상대동 307-4
주공그린빌,2023-03-24,22000,84.9,3,2005,가좌동 573-1
청구타운,2023-03-29,17500,84.98,4,1997,초전동 1431-3
진주평거엘크루,2023-03-08,28000,84.9624,11,2016,평거동 919
한주럭키타운,2023-03-29,16000,76.58,12,1990,주약동 156
주공그린빌,2023-03-29,11500,51.74,5,2005,가좌동 573-1
두산위브,2023-03-25,15000,84.994,6,2009,금산면 장사리 705
가좌주공1차,2023-03-25,10100,38.64,8,1993,가좌동 660
주공그린빌,2023-03-28,22000,84.9,12,2005,가좌동 573-1
주공그린빌,2023-03-09,14700,51.74,6,2005,가좌동 573-1
초전해모로루비채4단지,2023-03-27,29000,84.9908,24,2014,초전동 1670
진주혁신도시중흥에스-클래스센트럴시티2단지,2023-03-24,40000,117.7407,19,2020,충무공동 293
두산위브,2023-03-25,18500,84.991,18,2009,금산면 장사리 705
혁신도시엘에이치아파트9단지,2023-03-20,25000,59.97,19,2017,충무공동 302
진주정촌대경파미르,2023-03-23,23000,84.9426,10,2019,정촌면 예하리 1286
신안주공2,2023-03-27,15000,59.8,12,1996,신안동 707-1
진주정촌대경파미르,2023-03-23,23000,84.9426,10,2019,정촌면 예하리 1286
진주혁신도시라온프라이빗아파트,2023-03-25,34000,84.9087,13,2017,충무공동 195
진주평거엘크루,2023-03-23,29000,84.9195,1,2016,평거동 919
진주정촌대경파미르,2023-03-03,21000,84.9426,16,2019,정촌면 예하리 1286
평거주공1차,2023-03-13,12000,46.68,2,1988,평거동 326
신안주공3,2023-03-12,17000,59.8,12,1997,신안동 705-1
진주혁신도시대방노블랜드더캐슬아파트,2023-03-24,36500,84.9474,23,2018,충무공동 296
휴앤인엘리시움,2023-03-17,29500,84.7831,17,2019,충무공동 134
삼성,2023-03-13,16500,84.93,3,1996,호탄동 579-14
하대주공,2023-03-16,7100,35.64,1,1982,하대동 73-1
가좌주공1차,2023-03-16,11500,41.3,3,1993,가좌동 660
엠코타운더프라하,2023-03-23,30000,84.933,10,2014,평거동 1132
현대,2023-03-24,11500,59.89,1,1996,하대동 101
한림풀에버,2023-03-24,31000,84.9088,16,2015,충무공동 77
진주혁신도시라온프라이빗아파트,2023-03-22,31000,84.8922,11,2017,충무공동 195
평거현대1,2023-03-23,12000,59.4,15,1993,신안동 454-3
이지더원,2023-03-19,25000,73.2086,7,2018,초전동 1673
초전해모로루비채4단지,2023-03-23,27000,84.9908,21,2014,초전동 1670
대림,2023-03-15,8500,72.61,4,1989,상평동 277-1
가좌주공1차,2023-03-23,23500,49.94,13,1993,가좌동 660
진주혁신도시센텀리버파크,2023-03-22,23000,84.88,4,2013,충무공동 191
진주혁신도시중흥에스-클래스더프라임,2023-03-19,33000,97.7268,17,2019,충무공동 90
진주정촌대경파미르,2023-03-18,23000,84.9426,12,2019,정촌면 예하리 1286
신안주공2,2023-03-21,15400,59.8,3,1996,신안동 707-1
진주정촌대경파미르,2023-03-20,20000,66.1957,19,2019,정촌면 예하리 1286
혁신도시엘에이치아파트8단지,2023-03-20,25000,59.96,13,2015,충무공동 300
혁신도시엘에이치5단지,2023-03-20,26000,84.95,9,2014,충무공동 234
혁신도시엘에이치아파트8단지,2023-03-21,22000,59.97,1,2015,충무공동 300
현대금빛마을,2023-03-21,6500,59.28,12,2000,집현면 봉강리 249
혁신도시엘에이치아파트8단지,2023-03-21,23000,59.97,4,2015,충무공동 300
더퀸즈웰가,2023-03-17,32000,84.9163,16,2015,평거동 1130
평거휴먼시아4단지,2023-03-21,26000,84.95,5,2011,평거동 797
혁신도시엘에이치아파트9단지,2023-03-20,25000,59.97,25,2017,충무공동 302
하대주공,2023-03-20,7000,44.3,2,1982,하대동 73-1
혁신도시엘에이치5단지,2023-03-20,26000,84.95,9,2014,충무공동 234
센트렐웰가,2023-03-18,30000,75.3872,24,2018,가좌동 1981
진주정촌대경파미르,2023-03-19,24000,84.9426,19,2019,정촌면 예하리 1286
현대,2023-03-03,10000,84.99,3,1991,상대동 472
한림풀에버,2023-03-19,26250,84.9088,13,2015,충무공동 77
진주혁신코오롱하늘채,2023-03-19,26000,84.95,20,2014,충무공동 230
이지더원,2023-03-17,25000,84.9614,2,2018,초전동 1673
진주정촌대경파미르,2023-03-13,20000,84.9426,1,2019,정촌면 예하리 1286
신안주공2,2023-03-16,14175,59.8,11,1996,신안동 707-1
신안주공3,2023-03-02,15750,59.8,14,1997,신안동 705-1
진주정촌대경파미르,2023-03-14,22000,76.253,12,2019,정촌면 예하리 1286
진주정촌대경파미르,2023-03-02,23000,84.9426,13,2019,정촌면 예하리 1286
대동디지털황토,2023-03-01,19000,84.6814,6,2003,호탄동 579-1
힐스테이트초전,2023-03-15,30000,84.9196,11,2019,초전동 1665
건영아모리움,2023-03-08,25000,75.2088,21,2017,평거동 141
신안주공2,2023-03-16,14175,59.8,11,1996,신안동 707-1
하대주공,2023-03-08,5500,36.2,2,1982,하대동 73-1
들말대경,2023-03-16,14000,59.595,3,1998,평거동 190
현대,2023-03-13,21000,84.98,11,2000,주약동 360
금산e편한세상,2023-03-15,15000,84.9746,21,2008,금산면 장사리 768
금호석류,2023-03-09,20000,84.87,8,1999,주약동 407-1
가좌주공1차,2023-03-15,12500,49.94,13,1993,가좌동 660
금산흥한골든빌,2023-03-07,5000,37.84,15,2002,금산면 장사리 1000
초전해모로루비채2단지,2023-03-15,27100,84.9671,6,2014,초전동 1667
현대금빛마을,2023-03-13,10000,84.876,4,2000,집현면 봉강리 249
진주혁신도시중흥에스-클래스더프라임,2023-03-08,32000,84.9912,9,2019,충무공동 90
금산느티나무,2023-03-14,13000,59.42,16,2003,금산면 장사리 963-1
두산위브,2023-03-04,18000,84.994,11,2009,금산면 장사리 705
진주혁신도시중흥에스-클래스더퍼스트,2023-03-11,42000,99.864,12,2020,충무공동 275
혁신도시엘에이치아파트8단지,2023-03-08,20100,59.97,2,2015,충무공동 300
삼성,2023-03-13,17000,84.93,3,1996,호탄동 579-14
힐스테이트초전,2023-03-14,27500,84.9196,11,2019,초전동 1665
힐스테이트초전,2023-03-10,30000,84.9196,19,2019,초전동 1665
진주정촌대경파미르,2023-03-12,20000,84.9426,13,2019,정촌면 예하리 1286
혁신도시엘에이치아파트9단지,2023-03-13,27000,59.97,25,2017,충무공동 302
신안주공2,2023-03-12,14147,59.8,6,1996,신안동 707-1
한림풀에버,2023-03-06,25000,84.9088,11,2015,충무공동 77
한보타운,2023-03-03,11000,84.6,3,1993,평거동 737
한림풀에버,2023-03-01,30000,84.9644,15,2015,충무공동 77
평거주공1차,2023-03-13,12000,46.68,2,1988,평거동 326
진주혁신도시대방노블랜드더캐슬아파트,2023-03-10,35000,103.3591,20,2018,충무공동 296
한림풀에버,2023-03-12,27000,84.9088,2,2015,충무공동 77
진주혁신도시중흥에스-클래스더퍼스트,2023-03-12,41000,99.864,10,2020,충무공동 275
시티프라디움,2023-03-03,29000,84.9941,28,2020,가좌동 2058
가좌주공1차,2023-03-01,11000,41.3,12,1993,가좌동 660
엠코타운더프라하,2023-03-08,50000,119.7937,9,2014,평거동 1132
진주초장엠코타운더이스턴파크,2023-03-08,28000,84.9915,25,2014,초전동 1669
진주정촌대경파미르,2023-03-04,23000,84.9426,20,2019,정촌면 예하리 1286
진주포레스트부영,2023-03-06,16742,59.9885,6,2020,충무공동 145
진주혁신도시센텀리버파크,2023-03-09,15000,75.76,16,2013,충무공동 191
혁신도시엘에이치아파트8단지,2023-03-06,22700,59.97,9,2015,충무공동 300
들말한보타운,2023-03-08,14000,59.8,9,1997,평거동 192-1
가호에일린의뜰,2023-03-01,24000,77.8216,21,2012,가좌동 1936
들말한보타운,2023-03-01,16000,59.8,6,1997,평거동 192-1
힐스테이트초전,2023-03-08,28000,84.9196,10,2019,초전동 1665
진주정촌대경파미르,2023-03-04,11550,76.253,8,2019,정촌면 예하리 1286
진주정촌대경파미르,2023-03-04,11550,76.253,8,2019,정촌면 예하리 1286
더퀸즈웰가,2023-03-03,22000,58.4018,6,2015,평거동 1130
한림풀에버,2023-03-03,28000,84.9644,17,2015,충무공동 77
혁신도시엘에이치아파트8단지,2023-03-06,23000,59.97,12,2015,충무공동 300
진주정촌대경파미르,2023-03-07,23000,84.9426,9,2019,정촌면 예하리 1286
이지더원,2023-03-05,32000,113.588,18,2018,초전동 1673
한보타운,2023-03-04,10000,59.94,16,1993,평거동 737
혁신도시엘에이치아파트8단지,2023-03-04,23000,59.98,16,2015,충무공동 300
힐스테이트초전,2023-03-06,30000,84.9196,15,2019,초전동 1665
가좌주공1차,2023-03-01,9000,41.3,5,1993,가좌동 660
들말한보타운,2023-03-06,15500,59.8,3,1997,평거동 192-1
스카이시티프라디움,2023-03-04,32000,84.991,36,2019,가좌동 1958
진주정촌대경파미르,2023-03-06,10500,84.9426,13,2019,정촌면 예하리 1286
들말흥한타운,2023-03-04,19000,125.61,1,1998,평거동 191-1
신안주공2,2023-03-04,13500,59.8,7,1996,신안동 707-1
진주초장엠코타운더이스턴파크,2023-03-05,24000,73.556,10,2014,초전동 1669
대화리네르빌,2023-03-04,19000,82.3136,2,2007,가좌동 721-1
포레나신진주,2023-03-01,32000,84.9543,29,2019,가좌동 2056
신안주공1,2023-03-03,20000,84.98,3,1998,신안동 708-1
주공그린빌,2023-03-03,15750,59.27,6,2005,가좌동 573-1
금산흥한골든빌,2023-03-03,10000,58.12,12,2002,금산면 장사리 1000
동국강변타워2,2023-03-03,5300,59.8,1,1992,상평동 209-2
신안주공1,2023-03-03,20000,84.98,3,1998,신안동 708-1
진주정촌대경파미르,2023-03-03,22000,84.9625,2,2019,정촌면 예하리 1286
더퀸즈웰가,2023-03-02,28000,75.4984,28,2015,평거동 1130
주공그린빌,2023-03-01,15000,51.74,2,2005,가좌동 573-1
진주평거우방아이유쉘스카이팰리스,2023-03-02,34000,84.8954,24,2019,평거동 1137
포레나신진주,2023-03-01,29000,84.9515,19,2019,가좌동 2056
진주혁신도시중흥에스-클래스더퍼스트,2023-03-01,38850,99.9097,10,2020,충무공동 275
진주혁신코오롱하늘채,2023-03-28,23000,84.95,1,2014,충무공동 230
혁신도시엘에이치아파트8단지,2023-03-22,25000,59.97,18,2015,충무공동 300
진주혁신도시중흥에스-클래스센트럴시티4단지,2023-03-14,32000,84.9815,21,2020,충무공동 295
금호석류,2023-03-09,20000,84.87,8,1999,주약동 407-1
진주정촌대경파미르,2023-03-04,23000,84.9426,20,2019,정촌면 예하리 1286
진주혁신도시중흥에스-클래스더프라임,2023-04-29,33000,84.9912,10,2019,충무공동 90
신안주공3,2023-04-26,14500,59.8,15,1997,신안동 705-1
센트렐웰가,2023-04-09,34000,84.8133,28,2018,가좌동 1981
하대주공,2023-04-12,6500,44.03,2,1982,하대동 73-1
시티프라디움,2023-04-02,31000,84.9941,22,2020,가좌동 2058
금산흥한골든빌,2023-04-10,6000,58.12,5,2002,금산면 장사리 1000
가좌주공1차,2023-04-15,13500,49.94,8,1993,가좌동 660
진주정촌대경파미르,2023-04-16,21000,84.9426,11,2019,정촌면 예하리 1286
진주혁신도시대방노블랜드더캐슬아파트,2023-04-16,42000,103.9623,23,2018,충무공동 296
진주혁신코오롱하늘채,2023-04-08,23000,75.99,4,2014,충무공동 230
혁신도시엘에이치아파트8단지,2023-04-05,23100,59.97,13,2015,충무공동 300
이지더원,2023-04-28,32000,84.9614,3,2018,초전동 1673
현대,2023-04-12,11000,59.89,25,1996,하대동 101
진주혁신코오롱하늘채,2023-04-04,24500,84.95,11,2014,충무공동 230
이지더원,2023-04-17,28000,73.2086,5,2018,초전동 1673
신안주공1,2023-04-27,22000,84.53,14,1998,신안동 708-1
신안주공3,2023-04-26,14500,59.8,15,1997,신안동 705-1
초전해모로루비채4단지,2023-04-22,30500,84.9908,25,2014,초전동 1670
진주혁신도시중흥에스-클래스더프라임,2023-04-25,31000,84.9912,8,2019,충무공동 90
센트렐웰가,2023-04-09,34000,84.8133,28,2018,가좌동 1981
진주정촌대경파미르,2023-04-18,23000,84.9625,7,2019,정촌면 예하리 1286
진주혁신도시중흥에스-클래스더프라임,2023-04-24,34000,84.9858,24,2019,충무공동 90
혁신도시엘에이치아파트9단지,2023-04-09,25000,59.97,12,2017,충무공동 302
진주혁신도시중흥에스-클래스더프라임,2023-04-28,34000,97.7268,17,2019,충무공동 90
금산흥한골든빌,2023-04-28,11000,58.12,12,2002,금산면 장사리 1000
힐스테이트초전,2023-04-09,30000,84.9196,3,2019,초전동 1665
혁신도시엘에이치아파트9단지,2023-04-20,26000,59.97,18,2017,충무공동 302
신안주공1,2023-04-27,20000,84.98,1,1998,신안동 708-1
진주정촌대경파미르,2023-04-14,20000,66.1957,19,2019,정촌면 예하리 1286
혁신도시엘에이치아파트9단지,2023-04-13,27000,59.97,24,2017,충무공동 302
금호석류,2023-04-11,19000,84.87,1,1999,주약동 407-1
휴앤인엘리시움,2023-04-21,32000,84.9666,23,2019,충무공동 134
신안주공2,2023-04-10,15000,59.8,15,1996,신안동 707-1
진주혁신도시센텀리버파크,2023-04-08,28000,84.83,25,2013,충무공동 191
진주혁신도시중흥에스-클래스더프라임,2023-04-28,35000,97.7268,13,2019,충무공동 90
진주혁신도시중흥에스-클래스더프라임,2023-04-29,33000,84.9912,10,2019,충무공동 90
진주혁신코오롱하늘채,2023-04-06,26000,84.95,1,2014,충무공동 230
현대,2023-04-12,16000,59.92,2,2000,주약동 360
주공그린빌,2023-04-11,14700,51.74,14,2005,가좌동 573-1
신안주공2,2023-04-05,15000,59.8,7,1996,신안동 707-1
진주혁신도시대방노블랜드더캐슬아파트,2023-04-25,35000,84.9474,17,2018,충무공동 296
초전해모로루비채4단지,2023-04-22,30500,84.9908,25,2014,초전동 1670
한주럭키타운,2023-04-25,20000,84.81,10,1990,주약동 156
진주강남동일동미라주,2023-04-08,27000,75.998,5,2021,강남동 387
혁신도시엘에이치아파트8단지,2023-04-23,25000,59.97,11,2015,충무공동 300
한주럭키타운,2023-04-29,17000,76.58,3,1990,주약동 156
진주정촌대경파미르,2023-04-30,19000,66.1957,15,2019,정촌면 예하리 1286
들말흥한타운,2023-04-10,25500,84.89,3,1998,평거동 191-1
신안주공2,2023-04-10,1500,59.8,9,1996,신안동 707-1
현대,2023-04-29,17000,84.93,14,1996,하대동 101
한림풀에버,2023-04-22,28000,84.9088,13,2015,충무공동 77
한림풀에버,2023-04-29,27500,84.9644,16,2015,충무공동 77
주공그린빌,2023-04-28,12800,59.27,2,2005,가좌동 573-1
혁신도시엘에이치아파트8단지,2023-04-25,24000,59.98,7,2015,충무공동 300
진주혁신도시대방노블랜드더캐슬아파트,2023-04-07,30000,84.9474,22,2018,충무공동 296
혁신도시엘에이치아파트9단지,2023-04-20,26000,59.97,18,2017,충무공동 302
평거주공1차,2023-04-03,9000,39.69,5,1988,평거동 326
평거현대1,2023-04-13,12000,59.81,2,1993,신안동 454-3
진주혁신도시대방노블랜드더캐슬아파트,2023-04-12,37000,104.8302,8,2018,충무공동 296
진주혁신도시대방노블랜드더캐슬아파트,2023-04-16,42000,103.9623,23,2018,충무공동 296
진주혁신도시중흥에스-클래스센트럴시티2단지,2023-04-18,35000,99.8723,17,2020,충무공동 293
혁신도시엘에이치아파트9단지,2023-04-19,25000,59.97,14,2017,충무공동 302
진주혁신도시중흥에스-클래스센트럴시티2단지,2023-04-07,33000,84.9815,21,2020,충무공동 293
엠코타운더프라하,2023-04-20,35000,84.933,20,2014,평거동 1132
이지더원,2023-04-20,29000,73.2086,24,2018,초전동 1673
들말한보타운,2023-04-14,21000,76.61,10,1997,평거동 192-1
대경,2023-04-04,17000,69.023,1,2000,호탄동 602-1
진주혁신도시대방노블랜드더캐슬아파트,2023-04-29,38000,103.9623,18,2018,충무공동 296
금산흥한골든빌,2023-04-01,7500,48.31,3,2002,금산면 장사리 1000
진주포레스트부영,2023-04-27,17060,59.9925,6,2020,충무공동 145
더퀸즈웰가,2023-04-24,25500,58.4018,5,2015,평거동 1130
더퀸즈웰가,2023-04-24,25500,58.4018,5,2015,평거동 1130
진주센트럴자이,2023-04-15,28000,84.9059,4,2013,상평동 1069
혁신도시엘에이치5단지,2023-04-01,27000,84.95,11,2014,충무공동 234
혁신도시엘에이치아파트8단지,2023-04-05,23100,59.97,13,2015,충무공동 300
평거휴먼시아4단지,2023-04-15,27000,84.95,6,2011,평거동 797
이지더원,2023-04-08,32000,84.9614,10,2018,초전동 1673
한림풀에버,2023-04-01,28000,84.9644,7,2015,충무공동 77
진주초전푸르지오1단지,2023-04-10,27000,84.77,15,2009,초전동 1640-1
대경아르떼빌,2023-04-14,9500,38.09,3,2002,호탄동 620-1
신안주공2,2023-04-26,15800,59.8,15,1996,신안동 707-1
주공그린빌,2023-04-28,12800,59.27,2,2005,가좌동 573-1
이지더원,2023-04-28,32000,84.9614,3,2018,초전동 1673
센트렐웰가,2023-04-30,27000,59.8868,1,2018,가좌동 1981
가좌주공1차,2023-04-15,13000,49.94,8,1993,가좌동 660
현대,2023-04-20,12400,70.96,7,1989,신안동 20
동일스위트,2023-04-14,19000,84.725,4,2008,상평동 1068-1
신안주공2,2023-04-30,14100,59.8,2,1996,신안동 707-1
건영아모리움,2023-04-28,25500,79.5826,9,2017,평거동 141
진주정촌대경파미르,2023-04-20,13000,84.9426,16,2019,정촌면 예하리 1286
진주정촌대경파미르,2023-04-30,20000,66.1957,13,2019,정촌면 예하리 1286
진주평거엘크루,2023-04-13,29000,84.9195,1,2016,평거동 919
힐스테이트초전,2023-04-25,30000,84.9196,14,2019,초전동 1665
포레나신진주,2023-04-08,31000,84.9543,30,2019,가좌동 2056
진주초장엠코타운더이스턴파크,2023-04-17,31000,101.5255,16,2014,초전동 1669
한림풀에버,2023-04-28,26000,67.3717,24,2015,충무공동 77
진주초장엠코타운더이스턴파크,2023-04-13,24000,73.6669,19,2014,초전동 1669
한림풀에버,2023-04-29,27000,84.9088,8,2015,충무공동 77
진주혁신코오롱하늘채,2023-04-19,27000,84.95,19,2014,충무공동 230
진주혁신도시센텀리버파크,2023-04-28,26000,84.95,1,2013,충무공동 191
진주정촌대경파미르,2023-04-28,23000,84.9625,11,2019,정촌면 예하리 1286
진주정촌대경파미르,2023-04-30,19000,66.1957,15,2019,정촌면 예하리 1286
센트렐웰가,2023-04-10,23100,84.9222,30,2018,가좌동 1981
진주혁신도시중흥에스-클래스더프라임,2023-04-28,40000,110.6238,4,2019,충무공동 90
진주포레스트부영,2023-04-28,17060,59.9925,19,2020,충무공동 145
금산흥한골든빌,2023-04-28,11000,58.12,12,2002,금산면 장사리 1000
금산흥한골든빌,2023-04-28,13000,73.61,3,2002,금산면 장사리 1000
센트렐웰가,2023-04-10,30000,84.9914,10,2018,가좌동 1981
포레나신진주,2023-04-08,31000,84.9543,30,2019,가좌동 2056
힐스테이트초전,2023-04-06,33000,84.9351,10,2019,초전동 1665
진주정촌대경파미르,2023-04-26,18500,66.6161,8,2019,정촌면 예하리 1286
주공그린빌,2023-04-15,15000,51.74,11,2005,가좌동 573-1
진주정촌대경파미르,2023-04-24,21000,84.9625,20,2019,정촌면 예하리 1286
진주강남동일동미라주,2023-04-27,29000,84.9806,11,2021,강남동 387
진주혁신도시센텀리버파크,2023-04-26,26000,75.54,16,2013,충무공동 191
혁신도시엘에이치아파트8단지,2023-04-01,22000,59.97,11,2015,충무공동 300
진주혁신코오롱하늘채,2023-04-05,27000,84.95,4,2014,충무공동 230
진주혁신도시라온프라이빗아파트,2023-04-03,32000,84.9087,17,2017,충무공동 195
진주혁신도시중흥에스-클래스더프라임,2023-04-24,34000,84.9858,24,2019,충무공동 90
휴앤인엘리시움,2023-04-17,30000,84.9666,7,2019,충무공동 134
한주럭키타운,2023-04-25,20000,84.81,10,1990,주약동 156
이지더원,2023-04-26,26000,73.2086,24,2018,초전동 1673
혁신도시엘에이치아파트8단지,2023-04-26,23000,59.97,13,2015,충무공동 300
포레나신진주,2023-04-25,35300,84.9515,27,2019,가좌동 2056
평거주공1차,2023-04-19,9500,39.69,3,1988,평거동 326
진주혁신도시대방노블랜드더캐슬아파트,2023-04-25,35000,84.9474,17,2018,충무공동 296
진주혁신도시대방노블랜드더캐슬아파트,2023-04-24,35000,84.9899,20,2018,충무공동 296
이현하이클래스웰가,2023-04-23,37000,127.76,12,2008,이현동 1180
진주정촌대경파미르,2023-04-22,20000,84.9426,17,2019,정촌면 예하리 1286
현대,2023-04-20,30000,127.69,11,2000,주약동 360
혁신도시엘에이치아파트8단지,2023-04-18,20100,59.97,2,2015,충무공동 300
진주혁신도시대방노블랜드더캐슬아파트,2023-04-14,40000,84.9899,6,2018,충무공동 296
진주혁신도시대방노블랜드더캐슬아파트,2023-04-14,38000,84.9899,13,2018,충무공동 296
대동디지털황토,2023-04-01,17000,59.9762,13,2003,호탄동 579-1
진주혁신도시대방노블랜드더캐슬아파트,2023-04-08,35000,103.3591,5,2018,충무공동 296
미르젠,2023-04-03,7500,33.06,2,2017,하대동 603-1
엠코타운더프라하,2023-04-21,31000,84.9651,30,2014,평거동 1132
한보(하대3차),2023-04-19,7000,58.5,5,1993,하대동 75-17
신안주공1,2023-04-10,22000,84.98,7,1998,신안동 708-1
진주평거엘크루,2023-04-13,37000,101.4795,3,2016,평거동 919
진주혁신도시라온프라이빗아파트,2023-04-22,31000,84.9087,24,2017,충무공동 195
진주혁신도시중흥에스-클래스더프라임,2023-04-23,33000,84.9858,2,2019,충무공동 90
진주초전푸르지오2단지,2023-04-11,36000,101.977,8,2010,초전동 1637-1
진주강남동일동미라주,2023-04-21,28000,75.998,12,2021,강남동 387
신안주공3,2023-04-21,15225,59.8,13,1997,신안동 705-1
한림풀에버,2023-04-21,27000,67.3717,20,2015,충무공동 77
가좌주공1차,2023-04-18,13500,49.94,13,1993,가좌동 660
초전해모로루비채2단지,2023-04-03,35000,84.8022,19,2014,초전동 1667
가좌주공1차,2023-04-21,12500,49.94,13,1993,가좌동 660
금산흥한골든빌,2023-04-20,7300,48.31,2,2002,금산면 장사리 1000
혁신도시엘에이치아파트8단지,2023-04-20,24000,59.97,14,2015,충무공동 300
포레나신진주,2023-04-20,29000,84.9515,19,2019,가좌동 2056
금산흥한골든빌,2023-04-20,7300,48.31,2,2002,금산면 장사리 1000
진주초장엠코타운더이스턴파크,2023-04-06,26000,73.556,21,2014,초전동 1669
진주평거엘크루,2023-04-13,29000,84.9195,1,2016,평거동 919
들말흥한타운,2023-04-19,24000,84.89,14,1998,평거동 191-1
초전해모로루비채4단지,2023-04-19,25500,84.9908,1,2014,초전동 1670
진주포레스트부영,2023-04-18,16742,59.9925,21,2020,충무공동 145
진주혁신도시대방노블랜드더캐슬아파트,2023-04-15,35000,104.8302,19,2018,충무공동 296
대동디지털황토,2023-04-17,20000,84.6814,10,2003,호탄동 579-1
엠코타운더프라하,2023-04-09,37800,84.9651,17,2014,평거동 1132
센트렐웰가,2023-04-15,32000,84.9914,27,2018,가좌동 1981
들말흥한타운,2023-04-17,23000,99.85,12,1998,평거동 191-1
혁신도시엘에이치아파트9단지,2023-04-15,25000,59.97,24,2017,충무공동 302
남강휴먼빌,2023-04-14,20000,84.9376,2,2010,내동면 독산리 1104
엠코타운더프라하,2023-04-01,32000,84.933,13,2014,평거동 1132
대영,2023-04-11,13800,84.86,10,1992,하대동 654-2
스카이시티프라디움,2023-04-16,28000,84.9818,30,2019,가좌동 1958
혁신도시엘에이치아파트8단지,2023-04-16,22500,59.97,2,2015,충무공동 300
대경,2023-04-01,20000,83.304,9,2000,호탄동 602-1
신안주공3,2023-04-16,14000,59.8,1,1997,신안동 705-1
진주혁신코오롱하늘채,2023-04-06,27000,84.95,18,2014,충무공동 230
진주혁신코오롱하늘채,2023-04-06,27000,84.95,10,2014,충무공동 230
힐스테이트초전,2023-04-16,28000,84.9351,10,2019,초전동 1665
신안주공3,2023-04-14,15500,59.8,13,1997,신안동 705-1
가좌주공1차,2023-04-15,13000,49.94,8,1993,가좌동 660
진주정촌대경파미르,2023-04-14,20000,66.1957,19,2019,정촌면 예하리 1286
신안주공3,2023-04-14,15800,59.8,1,1997,신안동 705-1
신안주공2,2023-04-10,15000,59.8,14,1996,신안동 707-1
신안주공2,2023-04-13,14500,59.8,4,1996,신안동 707-1
진주혁신코오롱하늘채,2023-04-04,27000,84.95,3,2014,충무공동 230
진주혁신코오롱하늘채,2023-04-04,27000,84.95,20,2014,충무공동 230
평거현대1,2023-04-07,12000,59.4,15,1993,신안동 454-3
주공그린빌,2023-04-13,15000,51.74,10,2005,가좌동 573-1
평거주공1차,2023-04-03,10000,39.3,2,1988,평거동 326
가좌주공1차,2023-04-08,9000,38.64,9,1993,가좌동 660
가좌주공1차,2023-04-11,9450,38.64,8,1993,가좌동 660
금호석류,2023-04-11,19000,84.87,1,1999,주약동 407-1
진주평거우방아이유쉘스카이팰리스,2023-04-08,35000,84.2136,27,2019,평거동 1137
현대,2023-04-07,13000,70.96,11,1989,신안동 20
더퀸즈웰가,2023-04-10,25000,58.7908,20,2015,평거동 1130
진주혁신도시중흥에스-클래스더퍼스트,2023-04-11,39000,99.864,15,2020,충무공동 275
가좌주공2차,2023-04-04,13000,49.94,2,1993,가좌동 660
진주혁신코오롱하늘채,2023-04-08,28000,84.95,11,2014,충무공동 230
초전해모로루비채4단지,2023-04-07,31000,100.8994,7,2014,초전동 1670
진주정촌대경파미르,2023-04-10,24000,84.9426,10,2019,정촌면 예하리 1286
진주혁신도시중흥에스-클래스더프라임,2023-04-08,35000,97.7268,12,2019,충무공동 90
진주평거엘크루,2023-04-08,30000,72.6786,8,2016,평거동 919
청구타운,2023-04-10,13700,59.99,10,1997,초전동 1431-3
평거휴먼시아3단지,2023-04-09,28000,84.97,2,2011,평거동 897
힐스테이트초전,2023-04-06,29500,84.9351,6,2019,초전동 1665
금호석류,2023-04-08,33000,155.81,3,1999,주약동 407-1
진주혁신도시중흥에스-클래스더퍼스트,2023-04-09,40000,99.864,14,2020,충무공동 275
스카이시티프라디움,2023-04-07,33000,84.991,38,2019,가좌동 1958
가좌주공1차,2023-04-04,9000,41.3,8,1993,가좌동 660
대경아르떼빌,2023-04-03,8000,31.02,2,2002,호탄동 620-1
진주강남동일동미라주,2023-04-05,31000,84.9806,12,2021,강남동 387
진주혁신도시라온프라이빗아파트,2023-04-04,32000,84.9087,17,2017,충무공동 195
혁신도시엘에이치아파트8단지,2023-04-05,24000,59.97,16,2015,충무공동 300
혁신도시엘에이치아파트8단지,2023-04-03,23000,59.97,16,2015,충무공동 300
평거휴먼시아4단지,2023-04-03,27000,84.95,15,2011,평거동 797
혁신도시엘에이치아파트8단지,2023-04-03,26000,59.96,21,2015,충무공동 300
진주정촌대경파미르,2023-04-03,21000,76.253,8,2019,정촌면 예하리 1286
신안주공3,2023-04-03,13500,59.8,2,1997,신안동 705-1
혁신도시엘에이치아파트8단지,2023-04-03,25000,59.97,10,2015,충무공동 300
진주강남동일동미라주,2023-04-01,30500,84.9806,24,2021,강남동 387
진주혁신도시중흥에스-클래스더퍼스트,2023-04-21,47000,113.4763,14,2020,충무공동 275
혁신도시엘에이치아파트8단지,2023-04-07,22000,59.97,3,2015,충무공동 300
시티프라디움,2023-04-02,31000,84.9941,22,2020,가좌동 2058
스카이시티프라디움,2023-04-07,33000,84.991,38,2019,가좌동 1958
이지더원,2023-04-17,28000,73.2086,5,2018,초전동 1673
두산위브,2023-05-25,17000,84.994,3,2009,금산면 장사리 705
혁신도시엘에이치아파트9단지,2023-05-14,23150,59.97,14,2017,충무공동 302
혁신도시엘에이치아파트9단지,2023-05-14,23150,59.97,14,2017,충무공동 302
진주평거엘크루,2023-05-26,33000,84.9195,2,2016,평거동 919
한림풀에버,2023-05-29,30000,84.9088,11,2015,충무공동 77
혁신도시엘에이치아파트9단지,2023-05-24,26000,59.97,24,2017,충무공동 302
하대주공,2023-05-15,6000,44.03,5,1982,하대동 73-1
진주혁신도시라온프라이빗아파트,2023-05-01,32000,84.8922,23,2017,충무공동 195
두산위브,2023-05-25,17000,84.994,3,2009,금산면 장사리 705
진주포레스트부영,2023-05-23,17060,59.9925,3,2020,충무공동 145
힐스테이트초전,2023-05-29,35000,91.2066,13,2019,초전동 1665
진주혁신코오롱하늘채,2023-05-29,28000,84.95,19,2014,충무공동 230
진주혁신코오롱하늘채,2023-05-08,22000,84.95,1,2014,충무공동 230
진주혁신도시대방노블랜드더캐슬아파트,2023-05-25,40500,84.9899,3,2018,충무공동 296
주공그린빌,2023-05-24,15000,51.74,4,2005,가좌동 573-1
한림풀에버,2023-05-27,31000,84.9088,14,2015,충무공동 77
혁신도시엘에이치아파트8단지,2023-05-29,23000,59.97,12,2015,충무공동 300
금산아이파크,2023-05-17,18000,84.17,16,2004,금산면 장사리 965-1
진주혁신도시라온프라이빗아파트,2023-05-20,35000,84.8827,15,2017,충무공동 195
혁신도시엘에이치아파트9단지,2023-05-18,24000,59.97,5,2017,충무공동 302
진주혁신도시중흥에스-클래스더프라임,2023-05-09,36000,97.7268,10,2019,충무공동 90
진주강남동일동미라주,2023-05-25,29000,84.9831,32,2021,강남동 387
센트렐웰가,2023-05-12,30000,84.9222,3,2018,가좌동 1981
진주정촌대경파미르,2023-05-11,23000,84.9426,19,2019,정촌면 예하리 1286
진주혁신코오롱하늘채,2023-05-29,28000,84.95,3,2014,충무공동 230
신안주공1,2023-05-01,21000,84.98,14,1998,신안동 708-1
주공그린빌,2023-05-26,20000,84.9,10,2005,가좌동 573-1
시티프라디움,2023-05-01,30000,84.9909,37,2020,가좌동 2058
혁신도시엘에이치아파트9단지,2023-05-01,25000,59.97,4,2017,충무공동 302
혁신도시엘에이치아파트9단지,2023-05-01,25000,59.97,4,2017,충무공동 302
초전해모로루비채4단지,2023-05-12,29500,84.9908,8,2014,초전동 1670
한림풀에버,2023-05-09,30000,84.9088,16,2015,충무공동 77
현대,2023-05-20,19500,84.96,2,2000,주약동 360
진주혁신도시대방노블랜드더캐슬아파트,2023-05-29,35000,103.3591,5,2018,충무공동 296
금산느티나무,2023-05-01,13965,84.74,8,2003,금산면 장사리 963-1
센트렐웰가,2023-05-20,33000,84.9222,12,2018,가좌동 1981
한림풀에버,2023-05-28,30000,84.9644,9,2015,충무공동 77
혁신도시엘에이치아파트8단지,2023-05-20,25000,59.97,4,2015,충무공동 300
주공그린빌,2023-05-10,15500,51.74,7,2005,가좌동 573-1
현대,2023-05-22,16000,59.92,16,2000,주약동 360
혁신도시엘에이치아파트9단지,2023-05-17,25000,59.97,9,2017,충무공동 302
진주혁신도시중흥에스-클래스더프라임,2023-05-12,32000,84.9912,5,2019,충무공동 90
진주푸르지오1단지,2023-05-26,19000,84.9726,18,2007,금산면 장사리 962-1
한주럭키타운,2023-05-28,18000,84.81,12,1990,주약동 156
진주정촌대경파미르,2023-05-17,21000,66.6161,9,2019,정촌면 예하리 1286
진주혁신도시중흥에스-클래스더프라임,2023-05-13,35000,84.9912,18,2019,충무공동 90
엠코타운더프라하,2023-05-11,31000,84.9651,3,2014,평거동 1132
엠코타운더프라하,2023-05-11,31000,84.9651,3,2014,평거동 1132
진주초장엠코타운더이스턴파크,2023-05-28,26000,73.6669,14,2014,초전동 1669
청구타운,2023-05-12,13500,59.99,6,1997,초전동 1431-3
혁신도시엘에이치아파트8단지,2023-05-15,24000,59.97,14,2015,충무공동 300
진주혁신도시대방노블랜드더캐슬아파트,2023-05-15,38000,84.9899,24,2018,충무공동 296
진주혁신도시대방노블랜드더캐슬아파트,2023-05-12,40000,84.9899,12,2018,충무공동 296
진주혁신도시중흥에스-클래스센트럴시티2단지,2023-05-19,40000,99.8723,24,2020,충무공동 293
신안주공3,2023-05-08,12000,49.96,1,1997,신안동 705-1
진주혁신도시중흥에스-클래스더퍼스트,2023-05-10,42500,99.864,19,2020,충무공동 275
진주혁신도시대방노블랜드더캐슬아파트,2023-05-15,38000,84.9899,7,2018,충무공동 296
혁신도시엘에이치아파트8단지,2023-05-11,23000,59.97,5,2015,충무공동 300
진주포레스트부영,2023-05-31,16742,59.9925,5,2020,충무공동 145
혁신도시엘에이치아파트9단지,2023-05-13,21000,59.97,5,2017,충무공동 302
진주포레스트부영,2023-05-24,17060,59.9925,23,2020,충무공동 145
진주초전푸르지오2단지,2023-05-07,36500,125.029,1,2010,초전동 1637-1
진주혁신도시중흥에스-클래스센트럴시티3단지,2023-05-15,33000,84.9815,4,2020,충무공동 298
금산흥한골든빌,2023-05-15,11500,58.12,10,2002,금산면 장사리 1000
진주강남동일동미라주,2023-05-28,28300,84.9831,22,2021,강남동 387
가좌주공1차,2023-05-11,11000,44.94,3,1993,가좌동 660
청구타운,2023-05-28,13000,59.99,14,1997,초전동 1431-3
한주럭키타운,2023-05-19,17500,76.58,11,1990,주약동 156
상봉2,2023-05-26,7000,53.85,5,1986,상봉동 1446
진주혁신코오롱하늘채,2023-05-29,28000,84.95,19,2014,충무공동 230
힐스테이트초전,2023-05-31,30000,84.9196,1,2019,초전동 1665
한림풀에버,2023-05-17,26500,84.9644,1,2015,충무공동 77
진주혁신코오롱하늘채,2023-05-26,27000,84.95,2,2014,충무공동 230
진주혁신도시센텀리버파크,2023-05-28,27000,75.97,7,2013,충무공동 191
진주혁신도시중흥에스-클래스센트럴시티2단지,2023-05-11,36000,99.8723,6,2020,충무공동 293
현대금빛마을,2023-05-02,8000,84.876,4,2000,집현면 봉강리 249
들말흥한타운,2023-05-30,22000,84.89,5,1998,평거동 191-1
진주혁신도시대방노블랜드더캐슬아파트,2023-05-26,44000,103.3591,18,2018,충무공동 296
가좌주공1차,2023-05-26,13500,49.94,13,1993,가좌동 660
가좌주공1차,2023-05-30,10500,41.3,6,1993,가좌동 660
진주혁신도시대방노블랜드더캐슬아파트,2023-05-23,43000,103.3591,3,2018,충무공동 296
진주강남동일동미라주,2023-05-28,29900,84.9806,10,2021,강남동 387
진주정촌대경파미르,2023-05-27,21000,84.9426,12,2019,정촌면 예하리 1286
평거휴먼시아4단지,2023-05-17,27000,84.98,7,2011,평거동 797
더퀸즈웰가,2023-05-26,18375,58.7908,14,2015,평거동 1130
한주럭키타운,2023-05-26,20000,84.81,10,1990,주약동 156
들말흥한타운,2023-05-26,20000,77.391,7,1998,평거동 191-1
혁신도시엘에이치아파트9단지,2023-05-15,25000,59.97,6,2017,충무공동 302
진주포레스트부영,2023-05-24,17060,59.9925,14,2020,충무공동 145
진주푸르지오1단지,2023-05-26,19000,84.9726,18,2007,금산면 장사리 962-1
혁신도시엘에이치아파트9단지,2023-05-24,26000,59.97,24,2017,충무공동 302
대화리네르빌,2023-05-25,19000,82.3136,10,2007,가좌동 721-1
진주혁신도시대방노블랜드더캐슬아파트,2023-05-25,38000,103.9623,18,2018,충무공동 296
진주혁신도시센텀리버파크,2023-05-10,24000,75.97,3,2013,충무공동 191
진주강남동일동미라주,2023-05-24,30000,84.9806,14,2021,강남동 387
진주포레스트부영,2023-05-25,17060,59.9925,8,2020,충무공동 145
진주포레스트부영,2023-05-24,17060,59.9925,8,2020,충무공동 145
진주정촌대경파미르,2023-05-24,23000,84.9625,6,2019,정촌면 예하리 1286
진주포레스트부영,2023-05-24,17060,59.9925,19,2020,충무공동 145
센트렐웰가,2023-05-20,30000,84.9222,2,2018,가좌동 1981
진주포레스트부영,2023-05-23,17060,59.9925,22,2020,충무공동 145
진주혁신코오롱하늘채,2023-05-21,28000,84.95,2,2014,충무공동 230
상대주공,2023-05-15,5500,41.55,3,1980,하대동 72
진주혁신도시센텀리버파크,2023-05-19,29000,84.95,13,2013,충무공동 191
대동디지털황토,2023-05-22,16000,59.9762,3,2003,호탄동 579-1
가좌주공1차,2023-05-03,10000,44.94,1,1993,가좌동 660
진주포레스트부영,2023-05-23,16499,59.9925,19,2020,충무공동 145
하대주공,2023-05-18,6500,36.2,2,1982,하대동 73-1
진주정촌대경파미르,2023-05-20,21500,84.9625,12,2019,정촌면 예하리 1286
스카이시티프라디움,2023-05-20,36000,84.9898,39,2019,가좌동 1958
신안주공3,2023-05-19,15750,59.8,10,1997,신안동 705-1
한주럭키타운,2023-05-22,21500,123.33,5,1990,주약동 156
금산아이파크,2023-05-22,14000,59.78,8,2004,금산면 장사리 965-1
힐스테이트초전,2023-05-22,28000,84.9196,4,2019,초전동 1665
엠코타운더프라하,2023-05-22,32000,84.9651,12,2014,평거동 1132
가좌주공1차,2023-05-18,10000,41.3,1,1993,가좌동 660
더퀸즈웰가,2023-05-18,33000,84.9163,18,2015,평거동 1130
평거주공1차,2023-05-19,9500,39.69,1,1988,평거동 326
진주포레스트부영,2023-05-19,16742,59.9925,22,2020,충무공동 145
진주포레스트부영,2023-05-19,17060,59.9925,17,2020,충무공동 145
진주혁신코오롱하늘채,2023-05-19,29000,84.95,16,2014,충무공동 230
혁신도시엘에이치아파트8단지,2023-05-16,24000,59.97,11,2015,충무공동 300
더퀸즈웰가,2023-05-17,26000,58.7908,16,2015,평거동 1130
현대금빛마을,2023-05-01,6000,59.28,7,2000,집현면 봉강리 249
진주푸르지오1단지,2023-05-18,17000,84.9414,8,2007,금산면 장사리 962-1
초전해모로루비채4단지,2023-05-11,28500,84.9671,1,2014,초전동 1670
청구타운,2023-05-12,13500,59.99,6,1997,초전동 1431-3
현대,2023-05-15,12000,59.89,12,1996,하대동 101
엠코타운더프라하,2023-05-16,29000,84.933,6,2014,평거동 1132
진주초장엠코타운더이스턴파크,2023-05-10,26000,73.6669,13,2014,초전동 1669
초전해모로루비채4단지,2023-05-16,29000,84.9671,22,2014,초전동 1670
더퀸즈웰가,2023-05-17,29000,66.3912,10,2015,평거동 1130
엠코타운더프라하,2023-05-16,29000,84.933,6,2014,평거동 1132
진주혁신도시중흥에스-클래스더퍼스트,2023-05-14,50000,113.4763,3,2020,충무공동 275
진주혁신도시대방노블랜드더캐슬아파트,2023-05-16,39000,103.3591,21,2018,충무공동 296
이지더원,2023-05-15,39500,113.588,6,2018,초전동 1673
진주혁신도시중흥에스-클래스더퍼스트,2023-05-02,41000,99.864,10,2020,충무공동 275
진주혁신도시중흥에스-클래스더퍼스트,2023-05-09,40000,99.864,6,2020,충무공동 275
하대주공,2023-05-03,4500,44.3,5,1982,하대동 73-1
한림풀에버,2023-05-14,30000,84.9644,3,2015,충무공동 77
진주우방아이유쉘,2023-05-13,23000,84.9578,12,2017,정촌면 예하리 1296
힐스테이트초전,2023-05-15,30500,84.9196,6,2019,초전동 1665
혁신도시엘에이치아파트9단지,2023-05-03,23000,59.97,25,2017,충무공동 302
현대,2023-05-08,10000,70.96,2,1989,신안동 20
진주혁신코오롱하늘채,2023-05-15,29000,84.95,14,2014,충무공동 230
가좌주공2차,2023-05-13,10000,44.94,15,1993,가좌동 660
들말흥한타운,2023-05-14,16600,59.871,15,1998,평거동 191-1
진주푸르지오2단지,2023-05-13,26000,139.6609,17,2007,금산면 장사리 964-1
진주혁신도시중흥에스-클래스센트럴시티2단지,2023-05-06,38000,117.7407,24,2020,충무공동 293
진주강남동일동미라주,2023-05-02,30000,84.9806,10,2021,강남동 387
힐스테이트초전,2023-05-12,30000,84.9351,17,2019,초전동 1665
혁신도시엘에이치아파트8단지,2023-05-10,23000,59.97,9,2015,충무공동 300
두산위브,2023-05-12,19000,84.991,17,2009,금산면 장사리 705
혁신도시엘에이치아파트8단지,2023-05-12,23000,59.97,6,2015,충무공동 300
진주초장엠코타운더이스턴파크,2023-05-11,31000,101.5255,3,2014,초전동 1669
가좌주공1차,2023-05-04,13000,49.94,15,1993,가좌동 660
엠코타운더프라하,2023-05-10,53000,153.2116,23,2014,평거동 1132
진주초전푸르지오1단지,2023-05-10,39500,134.68,25,2009,초전동 1640-1
대경아르떼빌,2023-05-01,7600,31.02,7,2002,호탄동 620-1
신안주공2,2023-05-11,16000,59.8,12,1996,신안동 707-1
진주정촌대경파미르,2023-05-03,20000,84.9426,2,2019,정촌면 예하리 1286
진주혁신도시대방노블랜드더캐슬아파트,2023-05-11,38000,103.3591,2,2018,충무공동 296
이현하이클래스웰가,2023-05-05,22000,75.07,8,2008,이현동 1180
신안주공2,2023-05-11,15200,59.8,11,1996,신안동 707-1
주공그린빌,2023-05-03,22000,84.9,7,2005,가좌동 573-1
진주혁신도시중흥에스-클래스더프라임,2023-05-10,35000,97.7268,8,2019,충무공동 90
진주혁신도시중흥에스-클래스더프라임,2023-05-10,35000,97.7268,8,2019,충무공동 90
진주혁신도시중흥에스-클래스더프라임,2023-05-09,36000,97.7268,10,2019,충무공동 90
신안주공1,2023-05-01,22000,84.98,9,1998,신안동 708-1
진주초장엠코타운더이스턴파크,2023-05-03,27500,84.9915,3,2014,초전동 1669
이현하이클래스웰가,2023-05-10,28000,127.76,12,2008,이현동 1180
두산위브,2023-05-01,22000,112.397,19,2009,금산면 장사리 705
혁신도시엘에이치아파트8단지,2023-05-09,23000,59.97,3,2015,충무공동 300
진주포레스트부영,2023-05-10,17060,59.9925,5,2020,충무공동 145
혁신도시엘에이치아파트8단지,2023-05-02,24000,59.97,14,2015,충무공동 300
포레나신진주,2023-05-04,19000,84.9543,32,2019,가좌동 2056
센트렐웰가,2023-05-05,31000,84.9914,16,2018,가좌동 1981
두산위브,2023-05-01,22000,112.397,19,2009,금산면 장사리 705
진주평거엘크루,2023-05-08,30000,72.6786,9,2016,평거동 919
엠코타운더프라하,2023-05-05,28000,84.9651,31,2014,평거동 1132
평거휴먼시아3단지,2023-05-04,30000,84.95,9,2011,평거동 897
들말한보타운,2023-05-04,16000,59.8,11,1997,평거동 192-1
진주정촌대경파미르,2023-05-06,20000,84.9426,8,2019,정촌면 예하리 1286
상봉1,2023-05-07,2500,40.473,5,1976,상봉동 800-1
금산느티나무,2023-05-04,14500,84.74,2,2003,금산면 장사리 963-1
들말흥한타운,2023-05-05,16500,59.871,6,1998,평거동 191-1
국민3차,2023-05-01,7500,59.35,3,1990,상평동 239-2
스카이시티프라디움,2023-05-04,32000,84.9898,32,2019,가좌동 1958
진주혁신코오롱하늘채,2023-05-04,29000,84.95,11,2014,충무공동 230
이지더원,2023-05-03,38000,113.588,3,2018,초전동 1673
가좌주공2차,2023-05-01,9500,38.64,12,1993,가좌동 660
가좌주공1차,2023-05-03,13000,49.94,13,1993,가좌동 660
국민3차,2023-05-01,7500,59.35,3,1990,상평동 239-2
진주정촌대경파미르,2023-05-02,22000,84.9625,20,2019,정촌면 예하리 1286
초전해모로루비채4단지,2023-05-01,27000,84.9671,15,2014,초전동 1670
더퀸즈웰가,2023-05-01,30000,84.9163,17,2015,평거동 1130
가좌주공2차,2023-05-01,10500,44.94,7,1993,가좌동 660
엠코타운더프라하,2023-05-01,32000,84.9651,3,2014,평거동 1132
혁신도시엘에이치아파트9단지,2023-05-01,25000,59.97,5,2017,충무공동 302
들말흥한타운,2023-05-01,16000,59.871,9,1998,평거동 191-1
진주초장엠코타운더이스턴파크,2023-05-11,31000,101.5255,3,2014,초전동 1669
상대주공,2023-06-14,2000,40.99,3,1980,하대동 72
한림풀에버,2023-06-10,28500,67.1597,10,2015,충무공동 77
혁신도시엘에이치아파트9단지,2023-06-12,25500,59.97,9,2017,충무공동 302
혁신도시엘에이치아파트9단지,2023-06-10,25500,59.97,12,2017,충무공동 302
진주포레스트부영,2023-06-16,17060,59.9925,16,2020,충무공동 145
주공그린빌,2023-06-01,14300,51.74,2,2005,가좌동 573-1
들말대경,2023-06-30,25000,84.99,11,1998,평거동 190
스카이시티프라디움,2023-06-24,33000,84.991,9,2019,가좌동 1958
하대주공,2023-06-30,4500,36.2,2,1982,하대동 73-1
시티프라디움,2023-06-13,33000,84.9941,38,2020,가좌동 2058
진주혁신도시중흥에스-클래스센트럴시티3단지,2023-06-11,41000,99.8146,19,2020,충무공동 298
스카이시티프라디움,2023-06-10,30000,84.9898,22,2019,가좌동 1958
혁신도시엘에이치아파트8단지,2023-06-08,25100,59.97,6,2015,충무공동 300
진주포레스트부영,2023-06-28,17060,59.9925,14,2020,충무공동 145
진주포레스트부영,2023-06-29,17060,59.9925,11,2020,충무공동 145
진주포레스트부영,2023-06-16,17060,59.9925,14,2020,충무공동 145
진주포레스트부영,2023-06-07,17060,59.9925,7,2020,충무공동 145
진주포레스트부영,2023-06-29,17060,59.9925,19,2020,충무공동 145
동신,2023-06-24,6000,59.92,14,1992,명석면 우수리 110-1
혁신도시엘에이치5단지,2023-06-15,28500,75.99,14,2014,충무공동 234
포레나신진주,2023-06-26,30000,84.9515,32,2019,가좌동 2056
진주평거우방아이유쉘스카이팰리스,2023-06-27,35000,84.0198,33,2019,평거동 1137
진주혁신코오롱하늘채,2023-06-17,31000,84.95,11,2014,충무공동 230
평거하우스토리,2023-06-01,35000,166.11,4,2009,평거동 150-4
진주혁신도시중흥에스-클래스더프라임,2023-06-08,35000,97.7268,5,2019,충무공동 90
이지더원,2023-06-12,42000,113.588,8,2018,초전동 1673
진주혁신도시중흥에스-클래스센트럴시티3단지,2023-06-13,39000,84.8046,18,2020,충무공동 298
혁신도시엘에이치아파트9단지,2023-06-10,25500,59.97,12,2017,충무공동 302
진주문산코아루,2023-06-26,20000,84.9844,24,2010,문산읍 소문리 2421
주공그린빌,2023-06-20,17500,59.27,5,2005,가좌동 573-1
진주혁신도시대방노블랜드더캐슬아파트,2023-06-17,44000,103.3591,14,2018,충무공동 296
진주혁신도시라온프라이빗아파트,2023-06-18,32000,79.0385,7,2017,충무공동 195
엠코타운더프라하,2023-06-15,32000,84.933,31,2014,평거동 1132
혁신도시엘에이치아파트9단지,2023-06-12,25500,59.97,9,2017,충무공동 302
진주혁신도시중흥에스-클래스더퍼스트,2023-06-17,46000,99.864,10,2020,충무공동 275
진주초장엠코타운더이스턴파크,2023-06-18,30000,84.9915,9,2014,초전동 1669
한림풀에버,2023-06-17,31000,84.9644,12,2015,충무공동 77
진주혁신도시센텀리버파크,2023-06-23,31000,84.95,16,2013,충무공동 191
혁신도시엘에이치아파트9단지,2023-06-30,25000,59.97,13,2017,충무공동 302
진주혁신도시중흥에스-클래스센트럴시티4단지,2023-06-05,38000,84.9815,13,2020,충무공동 295
혁신도시엘에이치아파트8단지,2023-06-08,25100,59.97,6,2015,충무공동 300
한림풀에버,2023-06-15,35000,84.9088,20,2015,충무공동 77
진주초장엠코타운더이스턴파크,2023-06-30,18000,73.556,22,2014,초전동 1669
신안주공3,2023-06-30,15000,59.8,8,1997,신안동 705-1
한림풀에버,2023-06-10,28500,67.1597,10,2015,충무공동 77
엠코타운더프라하,2023-06-24,33500,84.933,31,2014,평거동 1132
현대,2023-06-21,10000,84.55,13,1989,신안동 20
진주포레스트부영,2023-06-19,17060,59.9925,12,2020,충무공동 145
진주강남동일동미라주,2023-06-28,37000,109.9586,15,2021,강남동 387
진주혁신도시중흥에스-클래스센트럴시티2단지,2023-06-16,43000,99.8723,19,2020,충무공동 293
센트렐웰가,2023-06-08,34000,84.9914,8,2018,가좌동 1981
시티프라디움,2023-06-27,32000,84.9941,7,2020,가좌동 2058
진주혁신도시중흥에스-클래스더프라임,2023-06-18,35000,84.9912,19,2019,충무공동 90
혁신도시엘에이치아파트9단지,2023-06-29,25000,59.97,25,2017,충무공동 302
진주포레스트부영,2023-06-22,17060,59.9925,25,2020,충무공동 145
신안주공2,2023-06-23,14000,59.8,10,1996,신안동 707-1
청구타운,2023-06-01,14000,59.99,7,1997,초전동 1431-3
더퀸즈웰가,2023-06-29,26000,58.4018,12,2015,평거동 1130
혁신도시엘에이치아파트9단지,2023-06-17,25000,59.97,9,2017,충무공동 302
휴앤인엘리시움,2023-06-10,38000,117.329,11,2019,충무공동 134
더퀸즈웰가,2023-06-20,28500,66.3912,18,2015,평거동 1130
진주정촌대경파미르,2023-06-29,20000,66.1957,9,2019,정촌면 예하리 1286
대경,2023-06-30,19425,83.304,4,2000,호탄동 602-1
혁신도시엘에이치5단지,2023-06-15,28500,75.99,14,2014,충무공동 234
진주포레스트부영,2023-06-28,17060,59.9925,3,2020,충무공동 145
진주정촌대경파미르,2023-06-10,21000,84.9426,18,2019,정촌면 예하리 1286
진주포레스트부영,2023-06-21,17060,59.9925,14,2020,충무공동 145
진주포레스트부영,2023-06-15,17060,59.9925,5,2020,충무공동 145
주공그린빌,2023-06-01,14300,51.74,2,2005,가좌동 573-1
진주혁신도시중흥에스-클래스센트럴시티2단지,2023-06-16,43000,99.8723,19,2020,충무공동 293
엠코타운더프라하,2023-06-09,41000,100.8222,25,2014,평거동 1132
가좌주공2차,2023-06-26,10000,38.64,14,1993,가좌동 660
진주혁신도시중흥에스-클래스더프라임,2023-06-01,42000,110.9212,8,2019,충무공동 90
엠코타운더프라하,2023-06-05,31500,84.9651,15,2014,평거동 1132
진주혁신도시중흥에스-클래스더프라임,2023-06-01,42000,110.9212,8,2019,충무공동 90
흥한타운2,2023-06-14,12000,59.935,1,1995,신안동 454-4
가좌주공1차,2023-06-02,11000,49.94,1,1993,가좌동 660
가좌주공1차,2023-06-23,11000,41.3,7,1993,가좌동 660
진주포레스트부영,2023-06-30,17060,59.9925,6,2020,충무공동 145
진주초장엠코타운더이스턴파크,2023-06-11,30000,101.828,3,2014,초전동 1669
스카이시티프라디움,2023-06-24,33000,84.991,9,2019,가좌동 1958
현대,2023-06-30,12000,59.89,12,1996,하대동 101
상평국민1차,2023-06-30,6500,59.94,2,1990,상평동 250-1
들말대경,2023-06-30,25000,84.99,11,1998,평거동 190
진주평거우방아이유쉘스카이팰리스,2023-06-27,35000,84.0198,33,2019,평거동 1137
더퀸즈웰가,2023-06-06,25000,58.7908,14,2015,평거동 1130
진주혁신도시라온프라이빗아파트,2023-06-18,32000,79.0385,7,2017,충무공동 195
진주정촌대경파미르,2023-06-25,20000,66.1957,13,2019,정촌면 예하리 1286
신안주공2,2023-06-21,15000,59.8,12,1996,신안동 707-1
진주포레스트부영,2023-06-30,17060,59.9925,22,2020,충무공동 145
혁신도시엘에이치아파트9단지,2023-06-13,26000,59.97,20,2017,충무공동 302
주공그린빌,2023-06-09,14400,51.74,4,2005,가좌동 573-1
진주포레스트부영,2023-06-16,17060,59.9925,10,2020,충무공동 145
진주혁신도시중흥에스-클래스센트럴시티4단지,2023-06-10,41000,84.8046,15,2020,충무공동 295
가좌주공1차,2023-06-21,11000,41.3,7,1993,가좌동 660
진주혁신도시중흥에스-클래스센트럴시티4단지,2023-06-24,38000,84.9815,17,2020,충무공동 295
진주정촌대경파미르,2023-06-05,20000,66.6161,19,2019,정촌면 예하리 1286
진주포레스트부영,2023-06-30,17060,59.9925,12,2020,충무공동 145
진주포레스트부영,2023-06-22,17060,59.9925,19,2020,충무공동 145
혁신도시엘에이치아파트8단지,2023-06-28,23500,59.97,8,2015,충무공동 300
진주강남동일동미라주,2023-06-10,29700,84.9831,12,2021,강남동 387
진주혁신코오롱하늘채,2023-06-17,31000,84.95,11,2014,충무공동 230
진주포레스트부영,2023-06-29,17060,59.9925,17,2020,충무공동 145
진주포레스트부영,2023-06-29,17060,59.9925,12,2020,충무공동 145
진주포레스트부영,2023-06-28,17060,59.9925,22,2020,충무공동 145
진주포레스트부영,2023-06-28,17060,59.9925,20,2020,충무공동 145
진주포레스트부영,2023-06-28,16858,59.9925,7,2020,충무공동 145
진주포레스트부영,2023-06-28,17060,59.9885,4,2020,충무공동 145
진주초장엠코타운더이스턴파크,2023-06-23,26000,73.556,4,2014,초전동 1669
진주포레스트부영,2023-06-28,17060,59.9925,13,2020,충무공동 145
진주포레스트부영,2023-06-28,17060,59.9925,20,2020,충무공동 145
진주포레스트부영,2023-06-28,17060,59.9925,1,2020,충무공동 145
진주포레스트부영,2023-06-27,17060,59.9925,11,2020,충무공동 145
진주혁신도시중흥에스-클래스더프라임,2023-06-24,30000,97.7268,8,2019,충무공동 90
주공그린빌,2023-06-23,17500,59.27,9,2005,가좌동 573-1
금산흥한골든빌,2023-06-23,13000,84.88,2,2002,금산면 장사리 1000
진주포레스트부영,2023-06-26,17060,59.9925,19,2020,충무공동 145
진주포레스트부영,2023-06-26,17060,59.9885,7,2020,충무공동 145
진주포레스트부영,2023-06-27,17060,59.9885,2,2020,충무공동 145
평거주공1차,2023-06-26,9000,39.69,3,1988,평거동 326
진주혁신도시중흥에스-클래스센트럴시티4단지,2023-06-24,32000,84.9815,5,2020,충무공동 295
진주강남동일동미라주,2023-06-22,29700,84.9831,12,2021,강남동 387
진주혁신도시중흥에스-클래스더프라임,2023-06-27,35000,84.9912,13,2019,충무공동 90
진주포레스트부영,2023-06-27,17060,59.9925,6,2020,충무공동 145
진주정촌대경파미르,2023-06-14,24000,84.9426,11,2019,정촌면 예하리 1286
한주럭키타운,2023-06-23,18000,76.58,12,1990,주약동 156
진주혁신도시중흥에스-클래스센트럴시티3단지,2023-06-26,22000,84.9815,12,2020,충무공동 298
혁신도시엘에이치아파트8단지,2023-06-25,25000,59.96,15,2015,충무공동 300
힐스테이트초전,2023-06-26,15000,91.0451,21,2019,초전동 1665
진주포레스트부영,2023-06-26,17060,59.9885,19,2020,충무공동 145
현대,2023-06-23,16270,59.92,5,2000,주약동 360
진주포레스트부영,2023-06-23,17060,59.9925,24,2020,충무공동 145
진주포레스트부영,2023-06-22,17060,59.9925,18,2020,충무공동 145
진주포레스트부영,2023-06-23,17060,59.9925,6,2020,충무공동 145
진주평거우방아이유쉘스카이팰리스,2023-06-01,35000,84.0198,16,2019,평거동 1137
한주타운,2023-06-14,15000,84.63,13,1992,상봉동 1096
진주포레스트부영,2023-06-21,17060,59.9925,18,2020,충무공동 145
진주포레스트부영,2023-06-23,17060,59.9925,4,2020,충무공동 145
진주포레스트부영,2023-06-22,17060,59.9925,7,2020,충무공동 145
진주포레스트부영,2023-06-22,17060,59.9925,10,2020,충무공동 145
진주포레스트부영,2023-06-22,17060,59.9885,2,2020,충무공동 145
힐스테이트초전,2023-06-21,30000,84.9196,17,2019,초전동 1665
진주포레스트부영,2023-06-21,17060,59.9885,23,2020,충무공동 145
진주포레스트부영,2023-06-22,17060,59.9925,4,2020,충무공동 145
신안주공2,2023-06-21,14500,59.8,13,1996,신안동 707-1
진주포레스트부영,2023-06-22,17060,59.9925,21,2020,충무공동 145
진주포레스트부영,2023-06-22,17060,59.9925,7,2020,충무공동 145
진주혁신도시대방노블랜드더캐슬아파트,2023-06-21,40000,84.9899,3,2018,충무공동 296
상대한보타운,2023-06-20,19000,84.99,8,2002,상대동 304-4
센트렐웰가,2023-06-17,27000,59.45,27,2018,가좌동 1981
혁신도시엘에이치5단지,2023-06-19,29500,84.95,4,2014,충무공동 234
진주포레스트부영,2023-06-14,17060,59.9925,21,2020,충무공동 145
미르젠,2023-06-01,10100,51.01,4,2017,하대동 603-8
혁신도시엘에이치5단지,2023-06-17,21000,75.99,2,2014,충무공동 234
진주포레스트부영,2023-06-21,17060,59.9925,16,2020,충무공동 145
진주초장엠코타운더이스턴파크,2023-06-17,30000,84.977,24,2014,초전동 1669
신안주공3,2023-06-20,12000,59.8,4,1997,신안동 705-1
진주혁신도시중흥에스-클래스센트럴시티3단지,2023-06-11,41000,99.8146,19,2020,충무공동 298
진주문산파란채,2023-06-13,18000,84.9015,7,2010,문산읍 삼곡리 1224
신안주공2,2023-06-20,14000,59.8,2,1996,신안동 707-1
가좌주공1차,2023-06-03,9000,41.3,5,1993,가좌동 660
진주포레스트부영,2023-06-20,17060,59.9885,10,2020,충무공동 145
진주포레스트부영,2023-06-20,17060,59.9925,21,2020,충무공동 145
진주포레스트부영,2023-06-20,17060,59.9925,5,2020,충무공동 145
진주포레스트부영,2023-06-20,17060,59.9925,7,2020,충무공동 145
힐스테이트초전,2023-06-09,20000,84.9351,22,2019,초전동 1665
진주포레스트부영,2023-06-16,17060,59.9885,3,2020,충무공동 145
진주혁신도시중흥에스-클래스더프라임,2023-06-12,38000,84.9912,14,2019,충무공동 90
한림풀에버,2023-06-17,31000,84.9644,15,2015,충무공동 77
한주럭키타운,2023-06-19,19800,84.81,4,1990,주약동 156
진주포레스트부영,2023-06-15,17060,59.9925,5,2020,충무공동 145
진주포레스트부영,2023-06-19,17060,59.9925,9,2020,충무공동 145
들말흥한타운,2023-06-17,22000,84.89,2,1998,평거동 191-1
진주정촌대경파미르,2023-06-14,23500,84.9426,19,2019,정촌면 예하리 1286
혁신도시엘에이치아파트9단지,2023-06-01,24000,59.97,12,2017,충무공동 302
현대,2023-06-19,14400,59.96,5,1997,초전동 805
진주포레스트부영,2023-06-19,17060,59.9885,13,2020,충무공동 145
진주혁신도시라온프라이빗아파트,2023-06-14,35000,84.8827,24,2017,충무공동 195
평거주공1차,2023-06-13,10000,39.69,1,1988,평거동 326
진주포레스트부영,2023-06-15,17060,59.9925,11,2020,충무공동 145
진주혁신코오롱하늘채,2023-06-16,30000,84.95,3,2014,충무공동 230
들말흥한타운,2023-06-16,24000,84.89,14,1998,평거동 191-1
진주포레스트부영,2023-06-16,17060,59.9925,10,2020,충무공동 145
진주포레스트부영,2023-06-16,17060,59.9925,15,2020,충무공동 145
진주포레스트부영,2023-06-15,17060,59.9925,3,2020,충무공동 145
진주포레스트부영,2023-06-15,17060,59.9925,12,2020,충무공동 145
진주포레스트부영,2023-06-15,17060,59.9925,17,2020,충무공동 145
혁신도시엘에이치아파트9단지,2023-06-14,27000,59.97,15,2017,충무공동 302
금산흥한골든빌,2023-06-15,11000,58.12,14,2002,금산면 장사리 1000
진주강남동일동미라주,2023-06-15,28875,84.9831,18,2021,강남동 387
진주혁신도시중흥에스-클래스센트럴시티3단지,2023-06-01,40000,84.9815,4,2020,충무공동 298
진주강남동일동미라주,2023-06-10,30000,84.9831,12,2021,강남동 387
혁신도시엘에이치아파트8단지,2023-06-14,24500,59.97,12,2015,충무공동 300
진주정촌대경파미르,2023-06-14,23500,84.9426,19,2019,정촌면 예하리 1286
들말흥한타운,2023-06-13,16000,59.871,2,1998,평거동 191-1
진주우방아이유쉘,2023-06-13,21000,84.9756,9,2017,정촌면 예하리 1296
진주혁신도시중흥에스-클래스더프라임,2023-06-09,41000,110.6238,2,2019,충무공동 90
혁신도시엘에이치아파트9단지,2023-06-12,25500,59.97,9,2017,충무공동 302
진주혁신도시중흥에스-클래스센트럴시티4단지,2023-06-05,38000,84.9815,13,2020,충무공동 295
엠코타운더프라하,2023-06-13,34000,84.933,9,2014,평거동 1132
스카이시티프라디움,2023-06-10,30000,84.9898,22,2019,가좌동 1958
가좌주공1차,2023-06-10,11000,41.3,12,1993,가좌동 660
혁신도시엘에이치아파트9단지,2023-06-10,24000,59.97,3,2017,충무공동 302
진주문산파란채,2023-06-13,18000,84.9015,7,2010,문산읍 삼곡리 1224
진주포레스트부영,2023-06-13,17060,59.9925,14,2020,충무공동 145
들말한보타운,2023-06-11,15000,59.8,1,1997,평거동 192-1
엠코타운더프라하,2023-06-13,30000,67.2755,16,2014,평거동 1132
더퀸즈웰가,2023-06-07,25500,58.4018,11,2015,평거동 1130
이현하이클래스웰가,2023-06-10,20800,84.98,17,2008,이현동 1180
진주혁신도시중흥에스-클래스더프라임,2023-06-03,38000,97.7268,20,2019,충무공동 90
진주포레스트부영,2023-06-12,17060,59.9925,20,2020,충무공동 145
진주포레스트부영,2023-06-12,17060,59.9925,11,2020,충무공동 145
진주포레스트부영,2023-06-12,17060,59.9885,7,2020,충무공동 145
금산흥한골든빌,2023-06-10,9500,58.12,7,2002,금산면 장사리 1000
대경아르떼빌,2023-06-09,10500,38.09,2,2002,호탄동 620-1
진주정촌대경파미르,2023-06-09,23000,84.9426,3,2019,정촌면 예하리 1286
현대,2023-06-02,14700,84.93,2,1996,하대동 101
진주포레스트부영,2023-06-09,17060,59.9925,19,2020,충무공동 145
진주포레스트부영,2023-06-09,17060,59.9925,5,2020,충무공동 145
혁신도시엘에이치아파트8단지,2023-06-05,22000,59.97,3,2015,충무공동 300
진주포레스트부영,2023-06-08,17060,59.9925,21,2020,충무공동 145
진주포레스트부영,2023-06-07,17060,59.9925,9,2020,충무공동 145
진주혁신도시센텀리버파크,2023-06-02,27000,75.54,15,2013,충무공동 191
진주포레스트부영,2023-06-05,17060,59.9885,18,2020,충무공동 145
진주정촌대경파미르,2023-06-03,23000,84.9426,15,2019,정촌면 예하리 1286
진주혁신도시라온프라이빗아파트,2023-06-03,38000,84.9087,8,2017,충무공동 195
진주포레스트부영,2023-06-05,17060,59.9925,5,2020,충무공동 145
진주포레스트부영,2023-06-05,17060,59.9925,2,2020,충무공동 145
진주포레스트부영,2023-06-05,17060,59.9885,9,2020,충무공동 145
진주정촌대경파미르,2023-06-01,23000,84.9625,4,2019,정촌면 예하리 1286
센트렐웰가,2023-06-03,34000,84.9222,24,2018,가좌동 1981
진주포레스트부영,2023-06-02,17060,59.9925,19,2020,충무공동 145
신안주공3,2023-06-02,15800,59.8,1,1997,신안동 705-1
혁신도시엘에이치아파트9단지,2023-06-01,25000,59.97,21,2017,충무공동 302
가좌주공1차,2023-06-02,11000,49.94,1,1993,가좌동 660
힐스테이트초전,2023-06-01,32000,84.9196,16,2019,초전동 1665
진주혁신도시중흥에스-클래스센트럴시티2단지,2023-06-01,40500,99.8723,15,2020,충무공동 293
진주혁신도시중흥에스-클래스센트럴시티2단지,2023-06-01,38000,117.7407,24,2020,충무공동 293
진주혁신코오롱하늘채,2023-06-03,28000,84.95,11,2014,충무공동 230
들말흥한타운,2023-07-22,16000,59.871,9,1998,평거동 191-1
한림풀에버,2023-07-31,30000,67.1597,6,2015,충무공동 77
한림풀에버,2023-07-15,35000,84.9644,12,2015,충무공동 77
진주혁신도시대방노블랜드더캐슬아파트,2023-07-29,43000,103.9623,9,2018,충무공동 296
금산흥한골든빌,2023-07-28,11000,58.12,5,2002,금산면 장사리 1000
금산흥한골든빌,2023-07-28,11000,58.12,5,2002,금산면 장사리 1000
금산흥한골든빌,2023-07-21,14500,84.88,2,2002,금산면 장사리 1000
센트렐웰가,2023-07-08,3500,84.9222,15,2018,가좌동 1981
신안주공3,2023-07-22,14500,59.8,4,1997,신안동 705-1
청구타운,2023-07-13,12000,59.99,9,1997,초전동 1431-3
진주포레스트부영,2023-07-14,17060,59.9885,7,2020,충무공동 145
진주포레스트부영,2023-07-13,17060,59.9885,12,2020,충무공동 145
더퀸즈웰가,2023-07-07,26000,58.4018,12,2015,평거동 1130
스카이시티프라디움,2023-07-08,30000,84.9898,22,2019,가좌동 1958
금산흥한골든빌,2023-07-06,11000,58.12,5,2002,금산면 장사리 1000
가좌주공1차,2023-07-05,11000,41.3,11,1993,가좌동 660
한림풀에버,2023-07-01,31000,84.9644,1,2015,충무공동 77
주공그린빌,2023-07-01,16000,84.9,17,2005,가좌동 573-1
진주포레스트부영,2023-07-21,17060,59.9925,19,2020,충무공동 145
진주포레스트부영,2023-07-10,17060,59.9925,5,2020,충무공동 145
진주포레스트부영,2023-07-05,17060,59.9925,23,2020,충무공동 145
진주포레스트부영,2023-07-31,17060,59.9885,15,2020,충무공동 145
혁신도시엘에이치아파트9단지,2023-07-31,25000,59.97,19,2017,충무공동 302
진주포레스트부영,2023-07-04,17060,59.9925,8,2020,충무공동 145
진주혁신도시중흥에스-클래스더프라임,2023-07-22,45000,110.6238,16,2019,충무공동 90
현대성우트리팰리스,2023-07-26,18000,106.07,12,2006,주약동 156-1
진주포레스트부영,2023-07-18,17060,59.9885,9,2020,충무공동 145
청구타운,2023-07-13,12000,59.99,9,1997,초전동 1431-3
진주혁신도시중흥에스-클래스센트럴시티4단지,2023-07-25,45000,99.8146,17,2020,충무공동 295
포레나신진주,2023-07-07,32000,84.9543,9,2019,가좌동 2056
도동대림,2023-07-29,8000,73.375,9,1992,하대동 585-2
진주혁신도시대방노블랜드더캐슬아파트,2023-07-29,43000,103.9623,9,2018,충무공동 296
진주혁신도시중흥에스-클래스더프라임,2023-07-22,40000,97.7268,5,2019,충무공동 90
센트렐웰가,2023-07-10,35000,84.8133,16,2018,가좌동 1981
혁신도시엘에이치5단지,2023-07-03,30000,84.95,8,2014,충무공동 234
힐스테이트초전,2023-07-14,38000,91.2066,21,2019,초전동 1665
힐스테이트초전,2023-07-29,36000,91.2066,24,2019,초전동 1665
들말한보타운,2023-07-29,15000,59.8,1,1997,평거동 192-1
힐스테이트초전,2023-07-07,30000,84.9196,15,2019,초전동 1665
진주문산파란채,2023-07-26,14500,84.8829,1,2010,문산읍 삼곡리 1224
혁신도시엘에이치아파트8단지,2023-07-08,25000,59.97,4,2015,충무공동 300
가좌주공1차,2023-07-28,11000,41.3,7,1993,가좌동 660
혁신도시엘에이치아파트8단지,2023-07-03,25000,59.96,2,2015,충무공동 300
진주포레스트부영,2023-07-21,17060,59.9925,1,2020,충무공동 145
진주포레스트부영,2023-07-20,17060,59.9885,23,2020,충무공동 145
진주혁신도시중흥에스-클래스더프라임,2023-07-01,39000,97.7268,9,2019,충무공동 90
대림,2023-07-16,9000,59.5,6,1995,초전동 702-22
초전해모로루비채2단지,2023-07-22,40000,84.8022,19,2014,초전동 1667
진주문산코아루,2023-07-08,21000,84.9867,15,2010,문산읍 소문리 2421
진주혁신도시중흥에스-클래스더프라임,2023-07-15,37000,97.7268,8,2019,충무공동 90
센트렐웰가,2023-07-21,30000,84.9222,2,2018,가좌동 1981
혁신도시엘에이치5단지,2023-07-03,30000,84.95,8,2014,충무공동 234
주공그린빌,2023-07-15,13100,59.27,8,2005,가좌동 573-1
한림풀에버,2023-07-15,35000,84.9644,12,2015,충무공동 77
진주혁신도시중흥에스-클래스더프라임,2023-07-22,40000,97.7268,5,2019,충무공동 90
힐스테이트초전,2023-07-07,30000,84.9196,15,2019,초전동 1665
진주혁신도시대방노블랜드더캐슬아파트,2023-07-28,45000,103.3591,2,2018,충무공동 296
진주포레스트부영,2023-07-26,17060,59.9885,6,2020,충무공동 145
혁신도시엘에이치아파트9단지,2023-07-26,23000,59.97,6,2017,충무공동 302
혁신도시엘에이치아파트8단지,2023-07-27,26000,59.96,12,2015,충무공동 300
엠코타운더프라하,2023-07-17,33000,84.933,28,2014,평거동 1132
진주혁신도시중흥에스-클래스더프라임,2023-07-17,43000,110.6238,6,2019,충무공동 90
힐스테이트초전,2023-07-12,34000,91.2066,10,2019,초전동 1665
한주럭키타운,2023-07-10,19500,84.81,12,1990,주약동 156
한림풀에버,2023-07-22,35000,84.9644,15,2015,충무공동 77
진주초전푸르지오2단지,2023-07-13,36100,125.029,5,2010,초전동 1637-1
금호석류,2023-07-28,20000,84.87,10,1999,주약동 407-1
금산흥한골든빌,2023-07-28,11000,58.12,5,2002,금산면 장사리 1000
혁신도시엘에이치아파트9단지,2023-07-31,25000,59.97,19,2017,충무공동 302
진주포레스트부영,2023-07-21,17060,59.9885,4,2020,충무공동 145
들말대경,2023-07-29,15000,59.595,13,1998,평거동 190
청구타운,2023-07-04,13000,59.99,15,1997,초전동 1431-3
신안주공3,2023-07-22,10500,49.96,11,1997,신안동 705-1
진주혁신도시센텀리버파크,2023-07-12,30400,84.95,18,2013,충무공동 191
진주혁신도시중흥에스-클래스더프라임,2023-07-10,37000,97.7268,9,2019,충무공동 90
힐스테이트초전,2023-07-29,35000,84.9196,26,2019,초전동 1665
현대,2023-07-29,12000,59.96,6,1997,초전동 805
혁신도시엘에이치아파트8단지,2023-07-10,24000,59.97,9,2015,충무공동 300
진주포레스트부영,2023-07-20,17060,59.9925,22,2020,충무공동 145
주공그린빌,2023-07-23,11550,51.74,10,2005,가좌동 573-1
가좌주공1차,2023-07-04,8000,41.3,10,1993,가좌동 660
주공그린빌,2023-07-25,17500,59.27,16,2005,가좌동 573-1
진주평거우방아이유쉘스카이팰리스,2023-07-30,23000,84.0198,31,2019,평거동 1137
들말한보타운,2023-07-26,15500,59.8,1,1997,평거동 192-1
혁신도시엘에이치아파트8단지,2023-07-22,24000,59.97,8,2015,충무공동 300
가좌주공1차,2023-07-29,13000,49.94,3,1993,가좌동 660
신안주공3,2023-07-28,13000,49.96,2,1997,신안동 705-1
진주혁신도시중흥에스-클래스더프라임,2023-07-14,42000,110.6238,8,2019,충무공동 90
주공그린빌,2023-07-29,16000,51.74,13,2005,가좌동 573-1
혁신도시엘에이치아파트9단지,2023-07-17,28000,59.97,7,2017,충무공동 302
진주정촌대경파미르,2023-07-30,23000,84.9625,10,2019,정촌면 예하리 1286
한보타워(하대1차),2023-07-21,12000,91.17,1,1992,하대동 109-5
신안주공3,2023-07-22,14500,59.8,4,1997,신안동 705-1
초전해모로루비채2단지,2023-07-31,24000,74.9798,1,2014,초전동 1667
진주포레스트부영,2023-07-26,17060,59.9925,21,2020,충무공동 145
진주포레스트부영,2023-07-31,17060,59.9925,11,2020,충무공동 145
한보타운,2023-07-29,9500,59.94,13,1993,평거동 737
혁신도시엘에이치아파트8단지,2023-07-24,24000,59.97,8,2015,충무공동 300
진주포레스트부영,2023-07-10,17060,59.9885,16,2020,충무공동 145
진주포레스트부영,2023-07-31,17060,59.9925,20,2020,충무공동 145
진주포레스트부영,2023-07-31,17060,59.9925,8,2020,충무공동 145
하대주공,2023-07-26,6300,44.03,5,1982,하대동 73-1
혁신도시엘에이치아파트8단지,2023-07-31,24500,59.97,11,2015,충무공동 300
가좌주공1차,2023-07-22,12000,49.94,6,1993,가좌동 660
힐스테이트초전,2023-07-31,33500,84.9196,24,2019,초전동 1665
이지더원,2023-07-21,30000,84.9614,1,2018,초전동 1673
진주포레스트부영,2023-07-31,17060,59.9925,17,2020,충무공동 145
더퀸즈웰가,2023-07-29,39000,100.6401,22,2015,평거동 1130
힐스테이트초전,2023-07-28,35000,84.9196,2,2019,초전동 1665
진주포레스트부영,2023-07-27,17060,59.9925,2,2020,충무공동 145
진주포레스트부영,2023-07-28,17060,59.9885,3,2020,충무공동 145
진주포레스트부영,2023-07-28,17060,59.9885,14,2020,충무공동 145
진주포레스트부영,2023-07-28,17060,59.9925,7,2020,충무공동 145
진주혁신도시중흥에스-클래스더프라임,2023-07-28,37000,84.9912,17,2019,충무공동 90
진주정촌대경파미르,2023-07-01,23500,84.9426,3,2019,정촌면 예하리 1286
상대주공,2023-07-15,4000,40.99,1,1980,하대동 72
휴앤인엘리시움,2023-07-04,40000,117.329,21,2019,충무공동 134
힐스테이트초전,2023-07-27,28000,84.9351,4,2019,초전동 1665
평거휴먼시아3단지,2023-07-27,30000,84.98,2,2011,평거동 897
진주포레스트부영,2023-07-28,17060,59.9925,1,2020,충무공동 145
진주포레스트부영,2023-07-25,17060,59.9925,22,2020,충무공동 145
진주포레스트부영,2023-07-18,17060,59.9885,21,2020,충무공동 145
진주포레스트부영,2023-07-27,15353,59.9885,23,2020,충무공동 145
진주포레스트부영,2023-07-27,17060,59.9925,12,2020,충무공동 145
혁신도시엘에이치아파트8단지,2023-07-26,24000,59.97,17,2015,충무공동 300
진주포레스트부영,2023-07-26,17060,59.9925,15,2020,충무공동 145
진주혁신도시라온프라이빗아파트,2023-07-26,29000,79.0385,23,2017,충무공동 195
진주포레스트부영,2023-07-21,17060,59.9925,17,2020,충무공동 145
진주포레스트부영,2023-07-26,17060,59.9925,11,2020,충무공동 145
진주포레스트부영,2023-07-26,17060,59.9925,4,2020,충무공동 145
진주혁신도시중흥에스-클래스더퍼스트,2023-07-22,43000,99.864,12,2020,충무공동 275
진주포레스트부영,2023-07-26,17060,59.9925,20,2020,충무공동 145
진주포레스트부영,2023-07-26,17060,59.9925,21,2020,충무공동 145
하영무지개맨션,2023-07-25,10000,83.7,4,1993,평거동 345
진주포레스트부영,2023-07-25,17060,59.9925,12,2020,충무공동 145
삼성,2023-07-08,10000,84.93,7,1996,호탄동 579-14
신안주공3,2023-07-17,16000,59.8,4,1997,신안동 705-1
진주초장엠코타운더이스턴파크,2023-07-04,33000,101.828,21,2014,초전동 1669
신안주공2,2023-07-24,15000,59.8,11,1996,신안동 707-1
진주초전푸르지오1단지,2023-07-08,37800,121.144,22,2009,초전동 1640-1
진주포레스트부영,2023-07-14,17060,59.9925,18,2020,충무공동 145
진주혁신도시중흥에스-클래스더프라임,2023-07-24,35000,110.6238,15,2019,충무공동 90
들말한보타운,2023-07-23,16500,59.8,6,1997,평거동 192-1
센트렐웰가,2023-07-23,35000,84.9222,27,2018,가좌동 1981
엠코타운더프라하,2023-07-15,31000,84.9651,26,2014,평거동 1132
진주포레스트부영,2023-07-18,17060,59.9925,17,2020,충무공동 145
진주포레스트부영,2023-07-19,17060,59.9925,21,2020,충무공동 145
금산흥한골든빌,2023-07-23,15000,84.88,2,2002,금산면 장사리 1000
신안주공2,2023-07-24,14800,59.8,12,1996,신안동 707-1
진주포레스트부영,2023-07-21,17060,59.9885,3,2020,충무공동 145
혁신도시엘에이치아파트9단지,2023-07-21,24000,59.97,16,2017,충무공동 302
진주포레스트부영,2023-07-21,17060,59.9885,18,2020,충무공동 145
들말대경,2023-07-20,17000,59.595,15,1998,평거동 190
더퀸즈웰가,2023-07-21,25000,58.4018,1,2015,평거동 1130
진주평거우방아이유쉘스카이팰리스,2023-07-15,29000,84.0198,9,2019,평거동 1137
센트렐웰가,2023-07-20,33700,84.9222,17,2018,가좌동 1981
진주포레스트부영,2023-07-20,17060,59.9885,12,2020,충무공동 145
진주포레스트부영,2023-07-06,17060,59.9925,17,2020,충무공동 145
한보(하대3차),2023-07-10,8000,58.5,4,1993,하대동 75-17
하대주공,2023-07-11,7000,44.03,3,1982,하대동 73-1
진주포레스트부영,2023-07-18,17060,59.9925,12,2020,충무공동 145
진주포레스트부영,2023-07-20,17060,59.9925,7,2020,충무공동 145
진주포레스트부영,2023-07-06,17060,59.9925,4,2020,충무공동 145
가좌주공1차,2023-07-18,13000,49.94,7,1993,가좌동 660
이현하이클래스웰가,2023-07-03,28000,122.01,13,2008,이현동 1180
한림풀에버,2023-07-05,32500,84.9644,5,2015,충무공동 77
진주혁신도시중흥에스-클래스센트럴시티2단지,2023-07-19,42000,99.8723,5,2020,충무공동 293
진주포레스트부영,2023-07-18,17060,59.9885,12,2020,충무공동 145
진주포레스트부영,2023-07-17,17060,59.9925,20,2020,충무공동 145
진주포레스트부영,2023-07-18,17060,59.9925,19,2020,충무공동 145
진주포레스트부영,2023-07-19,17060,59.9925,15,2020,충무공동 145
진주포레스트부영,2023-07-19,17060,59.9925,11,2020,충무공동 145
금산흥한골든빌,2023-07-19,7500,48.31,9,2002,금산면 장사리 1000
진주포레스트부영,2023-07-19,17060,59.9925,9,2020,충무공동 145
진주정촌대경파미르,2023-07-18,24000,84.9426,11,2019,정촌면 예하리 1286
진주포레스트부영,2023-07-19,17060,59.9885,17,2020,충무공동 145
혁신도시엘에이치아파트9단지,2023-07-17,28000,59.97,7,2017,충무공동 302
진주포레스트부영,2023-07-17,17060,59.9925,18,2020,충무공동 145
진주포레스트부영,2023-07-18,17060,59.9925,21,2020,충무공동 145
진주포레스트부영,2023-07-18,17060,59.9925,13,2020,충무공동 145
엠코타운더프라하,2023-07-15,31000,84.9651,26,2014,평거동 1132
가좌주공1차,2023-07-17,12000,49.94,10,1993,가좌동 660
진주혁신도시센텀리버파크,2023-07-07,32000,84.95,9,2013,충무공동 191
더퀸즈웰가,2023-07-12,26000,58.7908,11,2015,평거동 1130
진주포레스트부영,2023-07-07,17060,59.9925,6,2020,충무공동 145
신안주공2,2023-07-15,15000,59.8,12,1996,신안동 707-1
혁신도시엘에이치아파트9단지,2023-07-15,26000,59.97,13,2017,충무공동 302
센트렐웰가,2023-07-10,30000,84.9222,14,2018,가좌동 1981
진주포레스트부영,2023-07-17,17060,59.9925,16,2020,충무공동 145
혁신도시엘에이치아파트9단지,2023-07-05,25000,59.97,20,2017,충무공동 302
힐스테이트초전,2023-07-05,30000,84.9196,1,2019,초전동 1665
진주포레스트부영,2023-07-14,17060,59.9925,18,2020,충무공동 145
진주포레스트부영,2023-07-14,17060,59.9925,18,2020,충무공동 145
진주포레스트부영,2023-07-14,17060,59.9925,15,2020,충무공동 145
가좌주공2차,2023-07-13,9500,41.3,3,1993,가좌동 660
평거주공1차,2023-07-13,8000,39.69,2,1988,평거동 326
진주포레스트부영,2023-07-14,17060,59.9925,13,2020,충무공동 145
진주포레스트부영,2023-07-14,17060,59.9885,9,2020,충무공동 145
진주포레스트부영,2023-07-13,17060,59.9925,14,2020,충무공동 145
힐스테이트초전,2023-07-10,30000,84.9196,12,2019,초전동 1665
진주혁신도시중흥에스-클래스센트럴시티4단지,2023-07-11,44000,99.8146,34,2020,충무공동 295
가좌주공1차,2023-07-13,10500,41.3,11,1993,가좌동 660
진주포레스트부영,2023-07-13,17060,59.9925,10,2020,충무공동 145
진주포레스트부영,2023-07-13,17060,59.9925,6,2020,충무공동 145
진주포레스트부영,2023-07-12,17060,59.9925,4,2020,충무공동 145
진주포레스트부영,2023-07-13,17060,59.9925,21,2020,충무공동 145
진주포레스트부영,2023-07-13,16858,59.9925,20,2020,충무공동 145
진주포레스트부영,2023-07-12,17060,59.9925,12,2020,충무공동 145
진주포레스트부영,2023-07-12,17060,59.9885,21,2020,충무공동 145
진주포레스트부영,2023-07-12,17060,59.9885,13,2020,충무공동 145
진주포레스트부영,2023-07-12,17060,59.9925,22,2020,충무공동 145
진주포레스트부영,2023-07-12,17060,59.9925,7,2020,충무공동 145
혁신도시엘에이치아파트8단지,2023-07-07,25000,59.96,20,2015,충무공동 300
진주포레스트부영,2023-07-06,17060,59.9925,11,2020,충무공동 145
진주포레스트부영,2023-07-03,17060,59.9925,16,2020,충무공동 145
들말흥한타운,2023-07-06,15000,59.871,1,1998,평거동 191-1
진주포레스트부영,2023-07-07,17060,59.9925,16,2020,충무공동 145
진주정촌대경파미르,2023-07-11,24000,84.9625,6,2019,정촌면 예하리 1286
스카이시티프라디움,2023-07-08,30000,84.9898,22,2019,가좌동 1958
센트렐웰가,2023-07-08,35000,84.9222,15,2018,가좌동 1981
진주포레스트부영,2023-07-10,17060,59.9925,13,2020,충무공동 145
진주포레스트부영,2023-07-10,17060,59.9925,15,2020,충무공동 145
진주포레스트부영,2023-07-10,17060,59.9885,6,2020,충무공동 145
혁신도시엘에이치아파트8단지,2023-07-08,25000,59.97,4,2015,충무공동 300
혁신도시엘에이치아파트8단지,2023-07-08,25000,59.97,4,2015,충무공동 300
힐스테이트초전,2023-07-07,32000,84.9196,6,2019,초전동 1665
혁신도시엘에이치아파트9단지,2023-07-08,25500,59.97,20,2017,충무공동 302
진주포레스트부영,2023-07-07,17060,59.9925,17,2020,충무공동 145
진주포레스트부영,2023-07-07,17060,59.9925,10,2020,충무공동 145
진주포레스트부영,2023-07-07,17060,59.9925,9,2020,충무공동 145
혁신도시엘에이치5단지,2023-07-06,26000,84.95,11,2014,충무공동 234
평거주공1차,2023-07-01,9000,39.69,3,1988,평거동 326
진주포레스트부영,2023-07-07,17060,59.9925,9,2020,충무공동 145
진주포레스트부영,2023-07-07,17060,59.9925,9,2020,충무공동 145
대림,2023-07-05,9000,59.91,1,1995,초전동 702-22
진주포레스트부영,2023-07-06,17060,59.9925,15,2020,충무공동 145
초전해모로루비채2단지,2023-07-03,29700,84.9908,16,2014,초전동 1667
진주포레스트부영,2023-07-06,17060,59.9925,18,2020,충무공동 145
진주정촌대경파미르,2023-07-06,18000,76.253,2,2019,정촌면 예하리 1286
진주포레스트부영,2023-07-06,17060,59.9925,18,2020,충무공동 145
대림,2023-07-05,9000,59.91,1,1995,초전동 702-22
진주포레스트부영,2023-07-05,17060,59.9925,17,2020,충무공동 145
진주포레스트부영,2023-07-05,17060,59.9925,6,2020,충무공동 145
진주우방아이유쉘,2023-07-05,23000,84.9578,6,2017,정촌면 예하리 1296
진주포레스트부영,2023-07-05,17060,59.9925,11,2020,충무공동 145
진주포레스트부영,2023-07-05,17600,59.9925,20,2020,충무공동 145
진주포레스트부영,2023-07-05,17060,59.9925,3,2020,충무공동 145
진주포레스트부영,2023-07-05,17060,59.9925,19,2020,충무공동 145
진주포레스트부영,2023-07-03,17060,59.9885,19,2020,충무공동 145
진주포레스트부영,2023-07-04,17060,59.9925,9,2020,충무공동 145
진주포레스트부영,2023-07-03,17060,59.9925,10,2020,충무공동 145
혁신도시엘에이치아파트8단지,2023-07-03,24000,59.97,5,2015,충무공동 300
진주포레스트부영,2023-07-04,17060,59.9925,2,2020,충무공동 145
이현하이클래스웰가,2023-07-03,28000,122.01,13,2008,이현동 1180
진주포레스트부영,2023-07-03,17060,59.9885,21,2020,충무공동 145
진주포레스트부영,2023-07-03,17060,59.9925,22,2020,충무공동 145
진주포레스트부영,2023-07-03,17060,59.9885,10,2020,충무공동 145
진주포레스트부영,2023-07-03,17060,59.9885,10,2020,충무공동 145
진주포레스트부영,2023-07-03,17060,59.9925,13,2020,충무공동 145
진주초장엠코타운더이스턴파크,2023-07-03,28360,84.9915,23,2014,초전동 1669
가좌주공1차,2023-07-01,10000,41.3,9,1993,가좌동 660
진주혁신도시대방노블랜드더캐슬아파트,2023-07-01,35000,84.9899,3,2018,충무공동 296
가좌주공1차,2023-07-05,11000,41.3,11,1993,가좌동 660
센트렐웰가,2023-07-06,35000,84.9222,15,2018,가좌동 1981
진주혁신도시중흥에스-클래스더프라임,2023-08-23,27850,97.7268,13,2019,충무공동 90
진주혁신도시대방노블랜드더캐슬아파트,2023-08-12,42000,104.8302,2,2018,충무공동 296
진주혁신도시대방노블랜드더캐슬아파트,2023-08-12,42000,104.8302,2,2018,충무공동 296
진주혁신코오롱하늘채,2023-08-10,31000,84.95,8,2014,충무공동 230
혁신도시엘에이치5단지,2023-08-27,28000,84.95,14,2014,충무공동 234
진주포레스트부영,2023-08-24,17060,59.9925,8,2020,충무공동 145
진주포레스트부영,2023-08-23,17060,59.9925,7,2020,충무공동 145
진주혁신도시중흥에스-클래스센트럴시티2단지,2023-08-16,45000,117.7407,15,2020,충무공동 293
상대주공,2023-08-22,3500,41.55,1,1980,하대동 72
혁신도시엘에이치5단지,2023-08-13,30000,84.95,14,2014,충무공동 234
진주정촌대경파미르,2023-08-06,20000,66.6161,2,2019,정촌면 예하리 1286
혁신도시엘에이치아파트9단지,2023-08-04,26000,59.97,17,2017,충무공동 302
혁신도시엘에이치아파트9단지,2023-08-07,24000,59.97,2,2017,충무공동 302
진주포레스트부영,2023-08-17,17060,59.9925,24,2020,충무공동 145
진주포레스트부영,2023-08-21,17060,59.9925,1,2020,충무공동 145
이현하이클래스웰가,2023-08-11,30000,127.76,11,2008,이현동 1180
더퀸즈웰가,2023-08-29,32000,75.6705,2,2015,평거동 1130
진주포레스트부영,2023-08-30,17060,59.9885,22,2020,충무공동 145
진주강남동일동미라주,2023-08-12,32000,84.9831,12,2021,강남동 387
일진스위트포레강남,2023-08-28,30000,78.0238,16,2021,강남동 141-1
휴앤인엘리시움,2023-08-16,39000,117.768,5,2019,충무공동 134
진주문산코아루,2023-08-22,22000,84.9867,17,2010,문산읍 소문리 2421
진주혁신도시중흥에스-클래스더프라임,2023-08-21,37000,84.9912,12,2019,충무공동 90
진주푸르지오2단지,2023-08-29,24000,115.1967,11,2007,금산면 장사리 964-1
진주정촌대경파미르,2023-08-22,21500,84.9426,2,2019,정촌면 예하리 1286
상대주공,2023-08-24,7000,40.99,3,1980,하대동 72
한림풀에버,2023-08-28,27560,84.9644,6,2015,충무공동 77
평거휴먼시아4단지,2023-08-23,30000,84.91,8,2011,평거동 797
엠코타운더프라하,2023-08-24,48000,119.7937,34,2014,평거동 1132
이현하이클래스웰가,2023-08-29,22000,75.07,14,2008,이현동 1180
진주혁신도시라온프라이빗아파트,2023-08-29,30000,84.8827,23,2017,충무공동 195
혁신도시엘에이치아파트9단지,2023-08-23,26000,59.97,15,2017,충무공동 302
청구타운,2023-08-23,13000,59.99,15,1997,초전동 1431-3
혁신도시엘에이치아파트9단지,2023-08-07,24000,59.97,2,2017,충무공동 302
진주정촌대경파미르,2023-08-30,22000,84.9426,2,2019,정촌면 예하리 1286
금호석류,2023-08-20,19000,84.87,9,1999,주약동 407-1
센트렐웰가,2023-08-03,40000,84.9222,6,2018,가좌동 1981
주공그린빌,2023-08-29,17500,59.27,2,2005,가좌동 573-1
가좌주공1차,2023-08-04,11000,41.3,10,1993,가좌동 660
진주정촌대경파미르,2023-08-13,24000,84.9625,9,2019,정촌면 예하리 1286
흥한타운2,2023-08-04,13600,59.88,4,1995,신안동 454-4
한주럭키타운,2023-08-08,18000,76.58,10,1990,주약동 156
건영아모리움,2023-08-30,26000,78.9317,7,2017,평거동 141
힐스테이트초전,2023-08-21,34000,84.9196,11,2019,초전동 1665
더퀸즈웰가,2023-08-22,27900,58.7908,31,2015,평거동 1130
혁신도시엘에이치아파트9단지,2023-08-23,26000,59.97,15,2017,충무공동 302
신안주공2,2023-08-25,14850,59.8,8,1996,신안동 707-1
스카이시티프라디움,2023-08-09,35000,84.991,31,2019,가좌동 1958
스카이시티프라디움,2023-08-09,35000,84.991,31,2019,가좌동 1958
미르젠,2023-08-24,10000,54.09,2,2017,하대동 637
혁신도시엘에이치아파트8단지,2023-08-05,25000,59.97,14,2015,충무공동 300
센트렐웰가,2023-08-09,35000,84.9222,23,2018,가좌동 1981
금산흥한골든빌,2023-08-28,5000,37.84,12,2002,금산면 장사리 1000
진주평거우방아이유쉘스카이팰리스,2023-08-28,34000,84.0198,25,2019,평거동 1137
신안주공2,2023-08-03,14500,59.8,3,1996,신안동 707-1
센트렐웰가,2023-08-30,35000,84.9222,26,2018,가좌동 1981
진주혁신도시라온프라이빗아파트,2023-08-29,30000,84.8827,23,2017,충무공동 195
혁신도시엘에이치아파트8단지,2023-08-17,27000,59.96,15,2015,충무공동 300
혁신도시엘에이치아파트9단지,2023-08-17,28000,59.97,13,2017,충무공동 302
진주정촌대경파미르,2023-08-19,24000,84.9625,4,2019,정촌면 예하리 1286
진주초장엠코타운더이스턴파크,2023-08-19,30000,84.9915,26,2014,초전동 1669
초전해모로루비채4단지,2023-08-19,30000,84.9671,12,2014,초전동 1670
금산흥한골든빌,2023-08-02,5500,37.84,5,2002,금산면 장사리 1000
진주혁신도시중흥에스-클래스더프라임,2023-08-31,35000,84.9912,17,2019,충무공동 90
진주혁신도시중흥에스-클래스더프라임,2023-08-23,27850,97.7268,13,2019,충무공동 90
진주포레스트부영,2023-08-25,17060,59.9925,14,2020,충무공동 145
진주혁신도시라온프라이빗아파트,2023-08-29,30000,84.8827,23,2017,충무공동 195
진주포레스트부영,2023-08-07,17060,59.9925,18,2020,충무공동 145
남강휴먼빌,2023-08-25,25000,84.9679,15,2010,내동면 독산리 1104
혁신도시엘에이치아파트9단지,2023-08-26,25000,59.97,21,2017,충무공동 302
진주혁신도시중흥에스-클래스더프라임,2023-08-21,37000,97.7268,16,2019,충무공동 90
스카이시티프라디움,2023-08-20,34000,84.991,33,2019,가좌동 1958
진주정촌대경파미르,2023-08-30,22000,84.9426,2,2019,정촌면 예하리 1286
초전해모로루비채2단지,2023-08-18,13000,74.9798,14,2014,초전동 1667
이지더원,2023-08-24,42000,113.588,5,2018,초전동 1673
혁신도시엘에이치아파트9단지,2023-08-21,26000,59.97,23,2017,충무공동 302
신안주공3,2023-08-19,12800,49.96,5,1997,신안동 705-1
신안주공1,2023-08-31,20000,84.98,12,1998,신안동 708-1
가좌주공1차,2023-08-31,12500,49.94,15,1993,가좌동 660
혁신도시엘에이치아파트8단지,2023-08-05,23000,59.97,1,2015,충무공동 300
진주혁신도시대방노블랜드더캐슬아파트,2023-08-11,43000,103.9623,6,2018,충무공동 296
진주혁신코오롱하늘채,2023-08-31,30000,75.84,9,2014,충무공동 230
진주포레스트부영,2023-08-30,17060,59.9925,2,2020,충무공동 145
진주정촌대경파미르,2023-08-30,22000,84.9426,2,2019,정촌면 예하리 1286
진주혁신도시중흥에스-클래스센트럴시티4단지,2023-08-31,41000,84.8046,24,2020,충무공동 295
진주포레스트부영,2023-08-31,17060,59.9925,6,2020,충무공동 145
진주포레스트부영,2023-08-22,17060,59.9925,13,2020,충무공동 145
진주포레스트부영,2023-08-31,17060,59.9885,5,2020,충무공동 145
가호에일린의뜰,2023-08-25,29000,77.8216,19,2012,가좌동 1936
현대,2023-08-29,17000,84.955,4,1997,초전동 805
진주정촌대경파미르,2023-08-26,24500,84.9426,16,2019,정촌면 예하리 1286
동국강변타워1,2023-08-30,8000,80.82,2,1991,상평동 227
신안주공2,2023-08-30,14800,59.8,11,1996,신안동 707-1
들말한보타운,2023-08-14,23000,76.61,12,1997,평거동 192-1
진주포레스트부영,2023-08-30,17060,59.9925,13,2020,충무공동 145
두산위브,2023-08-24,22000,112.397,6,2009,금산면 장사리 705
상평국민1차,2023-08-03,4000,44.7,4,1990,상평동 250-1
현대성우트리팰리스,2023-08-19,23000,106.07,3,2006,주약동 156-1
진주포레스트부영,2023-08-30,17060,59.9925,16,2020,충무공동 145
진주포레스트부영,2023-08-24,17060,59.9925,5,2020,충무공동 145
미르젠,2023-08-24,10000,54.09,2,2017,하대동 637
진주우방아이유쉘,2023-08-25,24000,84.9758,5,2017,정촌면 예하리 1296
금산흥한골든빌,2023-08-28,2500,48.31,7,2002,금산면 장사리 1000
스카이시티프라디움,2023-08-29,30000,84.9898,9,2019,가좌동 1958
현대,2023-08-29,14000,84.99,4,1991,상대동 472
초전해모로루비채2단지,2023-08-08,28000,84.9671,13,2014,초전동 1667
진주포레스트부영,2023-08-28,17060,59.9885,9,2020,충무공동 145
진주포레스트부영,2023-08-28,17060,59.9925,15,2020,충무공동 145
한림풀에버,2023-08-20,26000,84.9644,10,2015,충무공동 77
진주포레스트부영,2023-08-28,17060,59.9925,8,2020,충무공동 145
가좌주공1차,2023-08-26,12000,44.94,7,1993,가좌동 660
진주포레스트부영,2023-08-28,17060,59.9925,20,2020,충무공동 145
현대금빛마을,2023-08-28,8000,84.876,10,2000,집현면 봉강리 249
진주포레스트부영,2023-08-28,17060,59.9925,7,2020,충무공동 145
혁신도시엘에이치아파트9단지,2023-08-26,25000,59.97,14,2017,충무공동 302
진주문산코아루,2023-08-02,21800,84.9867,2,2010,문산읍 소문리 2421
신안주공2,2023-08-27,14500,59.8,15,1996,신안동 707-1
화인,2023-08-28,9400,83.315,3,1994,상봉동 615-2
진주포레스트부영,2023-08-28,17060,59.9925,15,2020,충무공동 145
진주포레스트부영,2023-08-28,17060,59.9925,22,2020,충무공동 145
진주포레스트부영,2023-08-28,17060,59.9925,24,2020,충무공동 145
혁신도시엘에이치아파트9단지,2023-08-21,26000,59.97,23,2017,충무공동 302
진주포레스트부영,2023-08-09,17060,59.9925,5,2020,충무공동 145
진주우방아이유쉘,2023-08-16,22000,84.9578,4,2017,정촌면 예하리 1296
진주혁신도시중흥에스-클래스더프라임,2023-08-27,37000,84.9912,8,2019,충무공동 90
진주혁신도시센텀리버파크,2023-08-25,29000,75.97,4,2013,충무공동 191
진주포레스트부영,2023-08-25,17060,59.9885,15,2020,충무공동 145
진주혁신도시중흥에스-클래스센트럴시티2단지,2023-08-24,47000,117.7407,16,2020,충무공동 293
혁신도시엘에이치아파트9단지,2023-08-18,26000,59.97,13,2017,충무공동 302
진주혁신도시중흥에스-클래스더프라임,2023-08-20,28100,84.9912,8,2019,충무공동 90
센트렐웰가,2023-08-24,34500,84.9222,7,2018,가좌동 1981
진주정촌대경파미르,2023-08-24,22000,84.9426,19,2019,정촌면 예하리 1286
진주포레스트부영,2023-08-21,17060,59.9885,16,2020,충무공동 145
센트렐웰가,2023-08-17,35000,84.9222,12,2018,가좌동 1981
신안주공2,2023-08-18,15500,59.8,12,1996,신안동 707-1
진주초전푸르지오1단지,2023-08-09,35000,121.144,2,2009,초전동 1640-1
가좌주공1차,2023-08-24,11500,49.94,3,1993,가좌동 660
진주포레스트부영,2023-08-24,17060,59.9885,24,2020,충무공동 145
진주포레스트부영,2023-08-23,17060,59.9925,12,2020,충무공동 145
진주포레스트부영,2023-08-16,17060,59.9885,18,2020,충무공동 145
진주포레스트부영,2023-08-23,17060,59.9925,14,2020,충무공동 145
진주포레스트부영,2023-08-23,17060,59.9925,10,2020,충무공동 145
진주포레스트부영,2023-08-23,17060,59.9925,23,2020,충무공동 145
진주포레스트부영,2023-08-23,17060,59.9925,10,2020,충무공동 145
휴앤인엘리시움,2023-08-06,35000,84.9666,27,2019,충무공동 134
진주포레스트부영,2023-08-23,17060,59.9925,4,2020,충무공동 145
진주포레스트부영,2023-08-23,17060,59.9925,20,2020,충무공동 145
진주포레스트부영,2023-08-22,17060,59.9885,16,2020,충무공동 145
혁신도시엘에이치아파트9단지,2023-08-19,27000,59.97,14,2017,충무공동 302
진주정촌대경파미르,2023-08-22,21000,76.253,17,2019,정촌면 예하리 1286
진주포레스트부영,2023-08-18,17060,59.9925,13,2020,충무공동 145
신안주공3,2023-08-22,14700,59.8,5,1997,신안동 705-1
현대,2023-08-22,13000,59.89,14,1996,하대동 101
더퀸즈웰가,2023-08-22,27900,58.7908,31,2015,평거동 1130
들말흥한타운,2023-08-05,13230,59.871,11,1998,평거동 191-1
혁신도시엘에이치5단지,2023-08-16,31000,84.95,16,2014,충무공동 234
한보타운,2023-08-18,10000,84.87,17,1993,평거동 737
진주포레스트부영,2023-08-21,17060,59.9925,14,2020,충무공동 145
하대주공,2023-08-16,7000,44.03,5,1982,하대동 73-1
상대주공,2023-08-14,7000,40.99,3,1980,하대동 72
진주포레스트부영,2023-08-21,17060,59.9925,10,2020,충무공동 145
상대주공,2023-08-14,7000,40.99,3,1980,하대동 72
망경한보타운,2023-08-17,11000,59.44,17,1997,망경동 253
진주포레스트부영,2023-08-21,17060,59.9885,6,2020,충무공동 145
센트렐웰가,2023-08-20,34500,84.9222,7,2018,가좌동 1981
신안주공3,2023-08-21,15000,59.8,1,1997,신안동 705-1
진주포레스트부영,2023-08-21,17060,59.9925,12,2020,충무공동 145
한림풀에버,2023-08-11,30000,67.3717,16,2015,충무공동 77
진주혁신도시중흥에스-클래스센트럴시티4단지,2023-08-18,40000,84.9815,7,2020,충무공동 295
진주혁신도시중흥에스-클래스더프라임,2023-08-15,35000,97.7268,10,2019,충무공동 90
스카이시티프라디움,2023-08-18,35000,84.991,31,2019,가좌동 1958
진주초장엠코타운더이스턴파크,2023-08-05,28360,84.9915,23,2014,초전동 1669
초전해모로루비채4단지,2023-08-15,30000,84.9671,28,2014,초전동 1670
건영아모리움,2023-08-16,25000,77.3871,19,2017,평거동 141
망경한보타운,2023-08-17,11000,59.44,17,1997,망경동 253
진주포레스트부영,2023-08-17,17060,59.9925,16,2020,충무공동 145
가좌주공1차,2023-08-17,12000,49.94,1,1993,가좌동 660
진주혁신도시중흥에스-클래스더프라임,2023-08-07,37000,84.9858,21,2019,충무공동 90
진주포레스트부영,2023-08-17,17060,59.9925,23,2020,충무공동 145
금산느티나무,2023-08-14,12000,59.42,8,2003,금산면 장사리 963-1
진주초전푸르지오1단지,2023-08-14,35500,121.144,19,2009,초전동 1640-1
진주포레스트부영,2023-08-17,17060,59.9885,1,2020,충무공동 145
진주포레스트부영,2023-08-11,17060,59.9925,11,2020,충무공동 145
진주포레스트부영,2023-08-01,17060,59.9925,18,2020,충무공동 145
진주포레스트부영,2023-08-16,17060,59.9885,16,2020,충무공동 145
진주포레스트부영,2023-08-14,17060,59.9925,8,2020,충무공동 145
남강휴먼빌,2023-08-12,25000,84.9499,14,2010,내동면 독산리 1104
초전해모로루비채2단지,2023-08-10,30000,84.9908,4,2014,초전동 1667
진주포레스트부영,2023-08-09,17060,59.9925,19,2020,충무공동 145
진주포레스트부영,2023-08-16,17060,59.9925,20,2020,충무공동 145
진주포레스트부영,2023-08-16,17060,59.9925,6,2020,충무공동 145
진주강남동일동미라주,2023-08-16,29000,84.9831,9,2021,강남동 387
혁신도시엘에이치아파트9단지,2023-08-07,24000,59.97,2,2017,충무공동 302
금산느티나무,2023-08-14,12000,59.42,8,2003,금산면 장사리 963-1
엠코타운더프라하,2023-08-08,35100,84.9651,30,2014,평거동 1132
힐스테이트초전,2023-08-08,30000,84.9196,12,2019,초전동 1665
진주포레스트부영,2023-08-16,17060,59.9925,10,2020,충무공동 145
신안주공3,2023-08-09,13000,49.96,9,1997,신안동 705-1
진주포레스트부영,2023-08-14,17060,59.9885,25,2020,충무공동 145
진주평거우방아이유쉘스카이팰리스,2023-08-11,30000,84.2136,7,2019,평거동 1137
가좌주공1차,2023-08-14,13000,49.94,14,1993,가좌동 660
진주포레스트부영,2023-08-14,17060,59.9925,2,2020,충무공동 145
진주포레스트부영,2023-08-14,17060,59.9925,4,2020,충무공동 145
혁신도시엘에이치아파트8단지,2023-08-08,22000,59.97,4,2015,충무공동 300
힐스테이트초전,2023-08-08,30000,84.9196,12,2019,초전동 1665
휴앤인엘리시움,2023-08-06,35000,84.9666,27,2019,충무공동 134
진주문산코아루,2023-08-02,21800,84.9867,2,2010,문산읍 소문리 2421
진주포레스트부영,2023-08-07,17060,59.9925,14,2020,충무공동 145
진주정촌대경파미르,2023-08-09,21000,76.253,17,2019,정촌면 예하리 1286
진주포레스트부영,2023-08-11,17060,59.9885,22,2020,충무공동 145
진주포레스트부영,2023-08-11,17060,59.9925,18,2020,충무공동 145
휴앤인엘리시움,2023-08-10,30000,84.9666,17,2019,충무공동 134
현대,2023-08-02,11500,59.89,3,1996,하대동 101
진주포레스트부영,2023-08-11,17060,59.9925,8,2020,충무공동 145
주공그린빌,2023-08-11,14400,51.74,10,2005,가좌동 573-1
진주포레스트부영,2023-08-10,17060,59.9925,7,2020,충무공동 145
신안주공2,2023-08-03,10000,39.99,2,1996,신안동 707-1
진주포레스트부영,2023-08-11,17060,59.9925,8,2020,충무공동 145
현대,2023-08-11,14500,59.96,1,1997,초전동 805
진주포레스트부영,2023-08-07,17060,59.9925,4,2020,충무공동 145
진주정촌대경파미르,2023-08-10,23000,84.9426,20,2019,정촌면 예하리 1286
가좌주공1차,2023-08-09,9000,49.94,9,1993,가좌동 660
혁신도시엘에이치아파트8단지,2023-08-07,26000,59.97,16,2015,충무공동 300
진주초장엠코타운더이스턴파크,2023-08-10,28000,84.9915,3,2014,초전동 1669
혁신도시엘에이치아파트9단지,2023-08-07,24000,59.97,2,2017,충무공동 302
가좌주공2차,2023-08-10,10000,38.64,13,1993,가좌동 660
진주포레스트부영,2023-08-09,17060,59.9925,10,2020,충무공동 145
엠코타운더프라하,2023-08-08,35000,84.9651,30,2014,평거동 1132
스카이시티프라디움,2023-08-09,35000,84.991,31,2019,가좌동 1958
혁신도시엘에이치아파트9단지,2023-08-07,25000,59.97,25,2017,충무공동 302
진주초전푸르지오2단지,2023-08-08,36000,101.977,21,2010,초전동 1637-1
진주포레스트부영,2023-08-09,17060,59.9925,15,2020,충무공동 145
진주포레스트부영,2023-08-09,17060,59.9925,15,2020,충무공동 145
진주혁신도시대방노블랜드더캐슬아파트,2023-08-09,38500,84.9474,2,2018,충무공동 296
신안주공3,2023-08-04,15800,59.8,1,1997,신안동 705-1
진주포레스트부영,2023-08-08,17060,59.9925,14,2020,충무공동 145
혁신도시엘에이치아파트9단지,2023-08-08,26500,59.97,16,2017,충무공동 302
진주포레스트부영,2023-08-08,17060,59.9925,20,2020,충무공동 145
센트렐웰가,2023-08-07,35000,84.8133,5,2018,가좌동 1981
들말흥한타운,2023-08-05,26500,84.89,8,1998,평거동 191-1
혁신도시엘에이치아파트8단지,2023-08-03,25000,59.97,7,2015,충무공동 300
혁신도시엘에이치아파트8단지,2023-08-05,25000,59.97,15,2015,충무공동 300
혁신도시엘에이치아파트9단지,2023-08-04,26000,59.97,17,2017,충무공동 302
진주혁신코오롱하늘채,2023-08-04,19670,84.95,5,2014,충무공동 230
진주혁신코오롱하늘채,2023-08-03,30000,75.84,3,2014,충무공동 230
진주포레스트부영,2023-08-07,17060,59.9885,8,2020,충무공동 145
진주포레스트부영,2023-08-07,17060,59.9925,12,2020,충무공동 145
진주포레스트부영,2023-08-07,17060,59.9925,3,2020,충무공동 145
가좌주공1차,2023-08-02,11500,49.94,8,1993,가좌동 660
진주포레스트부영,2023-08-07,17060,59.9925,21,2020,충무공동 145
엠코타운더프라하,2023-08-05,33000,84.933,27,2014,평거동 1132
엠코타운더프라하,2023-08-05,33000,84.933,27,2014,평거동 1132
청구타운,2023-08-04,13650,59.99,2,1997,초전동 1431-3
진주포레스트부영,2023-08-03,17060,59.9925,7,2020,충무공동 145
진주초장엠코타운더이스턴파크,2023-08-05,28360,84.9915,23,2014,초전동 1669
진주포레스트부영,2023-08-07,17060,59.9925,20,2020,충무공동 145
진주포레스트부영,2023-08-04,17060,59.9925,11,2020,충무공동 145
들말대경,2023-08-04,27000,84.99,10,1998,평거동 190
신안주공2,2023-08-01,13850,59.8,11,1996,신안동 707-1
진주혁신코오롱하늘채,2023-08-04,19670,84.95,5,2014,충무공동 230
진주초장엠코타운더이스턴파크,2023-08-04,29500,84.977,4,2014,초전동 1669
진주포레스트부영,2023-08-03,17060,59.9925,22,2020,충무공동 145
진주포레스트부영,2023-08-03,17060,59.9925,3,2020,충무공동 145
진주포레스트부영,2023-08-03,17060,59.9925,2,2020,충무공동 145
금산아이파크,2023-08-02,15000,59.78,12,2004,금산면 장사리 965-1
들말흥한타운,2023-08-02,27000,125.61,12,1998,평거동 191-1
진주포레스트부영,2023-08-02,17060,59.9925,16,2020,충무공동 145
들말흥한타운,2023-08-01,14850,59.871,10,1998,평거동 191-1
진주포레스트부영,2023-08-01,17060,59.9885,2,2020,충무공동 145
진주정촌대경파미르,2023-08-01,25000,84.9625,19,2019,정촌면 예하리 1286
진주포레스트부영,2023-08-01,17060,59.9885,4,2020,충무공동 145
진주포레스트부영,2023-08-01,17060,59.9885,11,2020,충무공동 145
현대,2023-08-29,14000,84.99,4,1991,상대동 472
진주혁신도시대방노블랜드더캐슬아파트,2023-08-12,42000,104.8302,2,2018,충무공동 296
진주혁신코오롱하늘채,2023-08-10,31000,84.95,8,2014,충무공동 230
진주강남동일동미라주,2023-08-16,29000,84.9831,9,2021,강남동 387
한주럭키타운,2023-08-03,18000,84.81,8,1990,주약동 156
현대성우트리팰리스,2023-08-10,20000,134.53,9,2006,주약동 156-1
센트렐웰가,2023-08-24,34500,84.9222,7,2018,가좌동 1981
가좌주공1차,2023-08-24,9000,38.64,4,1993,가좌동 660
진주포레스트부영,2023-09-27,17060,59.9925,10,2020,충무공동 145
진주정촌대경파미르,2023-09-09,23000,84.9426,2,2019,정촌면 예하리 1286
힐스테이트초전,2023-09-24,36500,84.9196,28,2019,초전동 1665
초전해모로루비채4단지,2023-09-11,31000,84.9908,16,2014,초전동 1670
진주포레스트부영,2023-09-06,17060,59.9925,19,2020,충무공동 145
진주포레스트부영,2023-09-01,17060,59.9925,14,2020,충무공동 145
진주포레스트부영,2023-09-06,17060,59.9885,12,2020,충무공동 145
진주포레스트부영,2023-09-13,17060,59.9925,16,2020,충무공동 145
진주포레스트부영,2023-09-12,17060,59.9885,20,2020,충무공동 145
진주포레스트부영,2023-09-12,17060,59.9925,13,2020,충무공동 145
진주포레스트부영,2023-09-21,17060,59.9925,5,2020,충무공동 145
혁신도시엘에이치아파트9단지,2023-09-19,29000,59.97,18,2017,충무공동 302
평거휴먼시아4단지,2023-09-18,23700,59.98,4,2011,평거동 797
삼환나우빌,2023-09-13,47000,129.138,9,2009,주약동 133-130
현대,2023-09-14,12500,59.89,16,1996,하대동 101
주공그린빌,2023-09-01,14000,51.74,7,2005,가좌동 573-1
혁신도시엘에이치아파트8단지,2023-09-19,28000,59.96,7,2015,충무공동 300
한주럭키타운,2023-09-20,19000,84.81,13,1990,주약동 156
휴앤인엘리시움,2023-09-16,35000,84.7831,13,2019,충무공동 134
진흥더루벤스,2023-09-15,19000,122.956,3,2009,금산면 중천리 330
혁신도시엘에이치아파트8단지,2023-09-17,26000,59.96,14,2015,충무공동 300
힐스테이트초전,2023-09-23,35000,84.9196,6,2019,초전동 1665
진주혁신도시중흥에스-클래스더퍼스트,2023-09-21,50000,99.864,6,2020,충무공동 275
더퀸즈웰가,2023-09-24,35000,84.7157,19,2015,평거동 1130
진주포레스트부영,2023-09-11,17060,59.9925,3,2020,충무공동 145
진주혁신도시중흥에스-클래스센트럴시티2단지,2023-09-23,38000,84.9815,17,2020,충무공동 293
더퀸즈웰가,2023-09-01,26000,58.7908,28,2015,평거동 1130
진주혁신도시중흥에스-클래스더프라임,2023-09-15,45000,110.6238,1,2019,충무공동 90
진주정촌대경파미르,2023-09-02,21000,66.6161,11,2019,정촌면 예하리 1286
대경,2023-09-16,22000,83.304,12,2000,호탄동 602-1
진주혁신도시중흥에스-클래스더프라임,2023-09-10,40000,84.9912,16,2019,충무공동 90
평거주공1차,2023-09-14,9000,39.69,4,1988,평거동 326
일진스위트포레강남,2023-09-26,23500,58.9514,21,2021,강남동 141-1
평거주공1차,2023-09-13,8000,39.3,4,1988,평거동 326
혁신도시엘에이치5단지,2023-09-26,31000,84.95,4,2014,충무공동 234
평거휴먼시아4단지,2023-09-18,23700,59.98,4,2011,평거동 797
일진스위트포레강남,2023-09-26,23500,58.9514,21,2021,강남동 141-1
센트렐웰가,2023-09-24,35000,84.9222,28,2018,가좌동 1981
진주혁신도시중흥에스-클래스센트럴시티4단지,2023-09-25,42000,84.9815,23,2020,충무공동 295
더퀸즈웰가,2023-09-22,30000,66.3912,9,2015,평거동 1130
대경아르떼빌,2023-09-20,10500,38.09,4,2002,호탄동 620-1
가좌주공1차,2023-09-16,13000,49.94,2,1993,가좌동 660
신안주공3,2023-09-27,15500,59.8,4,1997,신안동 705-1
진주포레스트부영,2023-09-21,17060,59.9925,7,2020,충무공동 145
현대,2023-09-11,13500,59.89,23,1996,하대동 101
가좌주공1차,2023-09-23,11500,44.94,15,1993,가좌동 660
두산위브,2023-09-28,20000,84.995,3,2009,금산면 장사리 705
진주문산파란채,2023-09-18,13500,84.8829,4,2010,문산읍 삼곡리 1224
일진스위트포레강남,2023-09-26,23500,58.9514,21,2021,강남동 141-1
진주정촌대경파미르,2023-09-09,23000,84.9426,2,2019,정촌면 예하리 1286
더퀸즈웰가,2023-09-24,35000,84.7157,19,2015,평거동 1130
혁신도시엘에이치아파트8단지,2023-09-16,25000,59.97,19,2015,충무공동 300
신안주공2,2023-09-22,9230,39.99,1,1996,신안동 707-1
진주혁신도시중흥에스-클래스센트럴시티4단지,2023-09-24,44000,84.9815,4,2020,충무공동 295
한림풀에버,2023-09-01,33000,84.9088,15,2015,충무공동 77
순화가밀라씨티빌,2023-09-09,4800,39.49,5,2003,봉곡동 469-9
이지더원,2023-09-14,36000,84.9614,25,2018,초전동 1673
대동디지털황토,2023-09-19,24000,84.6814,7,2003,호탄동 579-1
진주포레스트부영,2023-09-25,17060,59.9925,2,2020,충무공동 145
금호석류,2023-09-27,17700,59.99,11,1999,주약동 407-1
진주혁신도시대방노블랜드더캐슬아파트,2023-09-09,50000,103.9623,19,2018,충무공동 296
초전해모로루비채4단지,2023-09-12,32000,84.9908,11,2014,초전동 1670
혁신도시엘에이치아파트8단지,2023-09-19,25000,59.97,8,2015,충무공동 300
진주초장엠코타운더이스턴파크,2023-09-11,34000,101.828,17,2014,초전동 1669
들말대경,2023-09-13,30000,123.255,3,1998,평거동 190
진주평거우방아이유쉘스카이팰리스,2023-09-22,38000,84.2136,28,2019,평거동 1137
평거현대2,2023-09-05,20000,84.832,3,1994,신안동 454-2
신안주공2,2023-09-27,14800,59.8,9,1996,신안동 707-1
금산아이파크,2023-09-09,17000,84.17,4,2004,금산면 장사리 965-1
진주포레스트부영,2023-09-27,17060,59.9925,22,2020,충무공동 145
진주포레스트부영,2023-09-25,17060,59.9925,12,2020,충무공동 145
제일풍경채,2023-09-27,33000,110.7705,6,2007,가좌동 479-1
대경아르떼빌,2023-09-23,10500,38.09,8,2002,호탄동 620-1
진주포레스트부영,2023-09-07,17060,59.9925,6,2020,충무공동 145
신안주공3,2023-09-26,12800,49.96,9,1997,신안동 705-1
진주포레스트부영,2023-09-27,17060,59.9925,4,2020,충무공동 145
진주포레스트부영,2023-09-27,17060,59.9925,9,2020,충무공동 145
진주포레스트부영,2023-09-26,17060,59.9925,14,2020,충무공동 145
진주포레스트부영,2023-09-27,17060,59.9925,20,2020,충무공동 145
진주포레스트부영,2023-09-26,17060,59.9925,22,2020,충무공동 145
가좌주공1차,2023-09-25,10000,49.94,1,1993,가좌동 660
진주혁신코오롱하늘채,2023-09-25,31000,84.95,17,2014,충무공동 230
들말한보타운,2023-09-18,22000,76.61,4,1997,평거동 192-1
진주포레스트부영,2023-09-26,17060,59.9925,18,2020,충무공동 145
진주평거엘크루,2023-09-25,37500,84.9195,10,2016,평거동 919
진주포레스트부영,2023-09-26,17060,59.9885,24,2020,충무공동 145
혁신도시엘에이치5단지,2023-09-21,30000,84.95,9,2014,충무공동 234
힐스테이트초전,2023-09-24,36500,84.9196,28,2019,초전동 1665
진주초장엠코타운더이스턴파크,2023-09-25,34000,101.828,17,2014,초전동 1669
스카이시티프라디움,2023-09-25,35000,84.991,31,2019,가좌동 1958
진주평거우방아이유쉘스카이팰리스,2023-09-24,31000,84.0198,17,2019,평거동 1137
진주포레스트부영,2023-09-22,17060,59.9925,16,2020,충무공동 145
진주혁신도시중흥에스-클래스센트럴시티3단지,2023-09-23,22000,84.8046,17,2020,충무공동 298
평거휴먼시아3단지,2023-09-23,31500,84.95,3,2011,평거동 897
진주혁신도시센텀리버파크,2023-09-15,30000,75.76,7,2013,충무공동 191
혁신도시엘에이치아파트9단지,2023-09-01,28000,59.97,20,2017,충무공동 302
엠코타운더프라하,2023-09-22,38000,84.9651,32,2014,평거동 1132
센트렐웰가,2023-09-17,27000,59.45,12,2018,가좌동 1981
진주혁신도시중흥에스-클래스더프라임,2023-09-22,36000,110.6238,4,2019,충무공동 90
진주포레스트부영,2023-09-22,17060,59.9885,22,2020,충무공동 145
금산흥한골든빌,2023-09-09,8000,48.31,15,2002,금산면 장사리 1000
진주포레스트부영,2023-09-20,17060,59.9925,11,2020,충무공동 145
진주포레스트부영,2023-09-19,17060,59.9925,12,2020,충무공동 145
혁신도시엘에이치아파트9단지,2023-09-21,28000,59.97,12,2017,충무공동 302
진주포레스트부영,2023-09-21,17060,59.9925,13,2020,충무공동 145
포레나신진주,2023-09-20,36000,84.9543,10,2019,가좌동 2056
혁신도시엘에이치아파트9단지,2023-09-20,27000,59.97,21,2017,충무공동 302
진주포레스트부영,2023-09-20,17060,59.9925,11,2020,충무공동 145
진주포레스트부영,2023-09-21,17060,59.9925,16,2020,충무공동 145
초전흥한,2023-09-21,15000,59.85,2,2001,초전동 676-3
진주포레스트부영,2023-09-21,17060,59.9925,5,2020,충무공동 145
진주포레스트부영,2023-09-21,17060,59.9925,9,2020,충무공동 145
진주포레스트부영,2023-09-21,17060,59.9925,20,2020,충무공동 145
진주혁신도시대방노블랜드더캐슬아파트,2023-09-04,45000,103.3591,18,2018,충무공동 296
진주포레스트부영,2023-09-14,17060,59.9885,5,2020,충무공동 145
진주평거우방아이유쉘스카이팰리스,2023-09-18,25000,84.0198,6,2019,평거동 1137
진주포레스트부영,2023-09-19,17060,59.9885,8,2020,충무공동 145
진주혁신코오롱하늘채,2023-09-01,25000,75.99,13,2014,충무공동 230
진주포레스트부영,2023-09-18,17060,59.9925,9,2020,충무공동 145
상대주공,2023-09-06,4000,40.99,2,1980,하대동 72
진주포레스트부영,2023-09-19,17060,59.9925,15,2020,충무공동 145
혁신도시엘에이치아파트8단지,2023-09-18,25000,59.96,1,2015,충무공동 300
진주혁신도시대방노블랜드더캐슬아파트,2023-09-18,41000,103.3591,20,2018,충무공동 296
진주포레스트부영,2023-09-18,17060,59.9925,6,2020,충무공동 145
혁신도시엘에이치아파트9단지,2023-09-18,27000,59.97,22,2017,충무공동 302
진흥더루벤스,2023-09-14,22000,122.956,14,2009,금산면 중천리 330
진주혁신도시센텀리버파크,2023-09-15,32000,84.95,16,2013,충무공동 191
혁신도시엘에이치아파트9단지,2023-09-18,25000,59.97,15,2017,충무공동 302
진주포레스트부영,2023-09-18,17060,59.9925,2,2020,충무공동 145
초전해모로루비채4단지,2023-09-14,36000,100.8994,25,2014,초전동 1670
가좌주공1차,2023-09-15,13000,49.94,4,1993,가좌동 660
진주포레스트부영,2023-09-15,17060,59.9925,18,2020,충무공동 145
신안주공3,2023-09-12,14700,59.8,8,1997,신안동 705-1
진주포레스트부영,2023-09-06,17060,59.9925,17,2020,충무공동 145
혁신도시엘에이치아파트9단지,2023-09-15,27000,59.97,10,2017,충무공동 302
한주럭키타운,2023-09-15,17500,76.58,1,1990,주약동 156
진주혁신도시대방노블랜드더캐슬아파트,2023-09-07,41000,103.3591,20,2018,충무공동 296
진주포레스트부영,2023-09-15,17060,59.9925,19,2020,충무공동 145
평거현대1,2023-09-08,12500,59.4,5,1993,신안동 454-3
평거현대1,2023-09-08,12500,59.4,5,1993,신안동 454-3
진주포레스트부영,2023-09-14,17060,59.9885,3,2020,충무공동 145
한림풀에버,2023-09-09,35100,84.9644,15,2015,충무공동 77
진주포레스트부영,2023-09-14,17060,59.9885,25,2020,충무공동 145
진주포레스트부영,2023-09-14,17060,59.9925,21,2020,충무공동 145
진주포레스트부영,2023-09-13,17060,59.9925,2,2020,충무공동 145
진주포레스트부영,2023-09-13,17060,59.9925,2,2020,충무공동 145
진주포레스트부영,2023-09-12,17060,59.9925,5,2020,충무공동 145
진주혁신도시중흥에스-클래스센트럴시티3단지,2023-09-13,42000,84.9815,22,2020,충무공동 298
진주포레스트부영,2023-09-13,17060,59.9885,13,2020,충무공동 145
평거휴먼시아3단지,2023-09-12,33000,84.98,12,2011,평거동 897
진주포레스트부영,2023-09-12,17060,59.9925,19,2020,충무공동 145
진주포레스트부영,2023-09-12,17060,59.9925,6,2020,충무공동 145
진주포레스트부영,2023-09-12,17060,59.9925,6,2020,충무공동 145
진주포레스트부영,2023-09-05,17060,59.9925,14,2020,충무공동 145
진주포레스트부영,2023-09-12,17060,59.9925,7,2020,충무공동 145
더퀸즈웰가,2023-09-03,38850,100.6401,19,2015,평거동 1130
일신,2023-09-11,8000,84.66,8,1991,하대동 610-2
신안주공2,2023-09-09,14000,59.8,13,1996,신안동 707-1
초전해모로루비채2단지,2023-09-08,32000,84.9908,9,2014,초전동 1667
가좌주공2차,2023-09-09,10300,38.64,2,1993,가좌동 660
진주평거우방아이유쉘스카이팰리스,2023-09-11,30000,84.2136,28,2019,평거동 1137
진주포레스트부영,2023-09-11,17060,59.9925,3,2020,충무공동 145
진주혁신도시중흥에스-클래스더프라임,2023-09-09,40000,84.9912,14,2019,충무공동 90
힐스테이트초전,2023-09-09,33000,84.9196,20,2019,초전동 1665
진주혁신도시중흥에스-클래스센트럴시티3단지,2023-09-11,42000,99.8723,8,2020,충무공동 298
진주포레스트부영,2023-09-08,17060,59.9885,16,2020,충무공동 145
진주포레스트부영,2023-09-08,17060,59.9925,18,2020,충무공동 145
진주포레스트부영,2023-09-08,17060,59.9925,7,2020,충무공동 145
진주혁신도시중흥에스-클래스더프라임,2023-09-10,40000,84.9912,16,2019,충무공동 90
진주포레스트부영,2023-09-08,17060,59.9885,13,2020,충무공동 145
진주초전푸르지오1단지,2023-09-06,39500,134.68,8,2009,초전동 1640-1
한림풀에버,2023-09-02,35000,84.9644,22,2015,충무공동 77
진주혁신도시중흥에스-클래스더프라임,2023-09-06,35000,84.9912,18,2019,충무공동 90
진주포레스트부영,2023-09-06,17060,59.9925,6,2020,충무공동 145
진주포레스트부영,2023-09-07,17060,59.9885,22,2020,충무공동 145
진주초장엠코타운더이스턴파크,2023-09-07,30000,84.9915,3,2014,초전동 1669
들말흥한타운,2023-09-07,14000,59.871,3,1998,평거동 191-1
진주혁신도시중흥에스-클래스센트럴시티2단지,2023-09-05,36000,84.9815,25,2020,충무공동 293
흥한타운2,2023-09-06,14280,59.88,9,1995,신안동 454-4
진주초장엠코타운더이스턴파크,2023-09-06,23000,59.9983,6,2014,초전동 1669
혁신도시엘에이치아파트9단지,2023-09-05,17600,59.97,21,2017,충무공동 302
진주포레스트부영,2023-09-06,17060,59.9885,8,2020,충무공동 145
진주포레스트부영,2023-09-05,17060,59.9925,3,2020,충무공동 145
진주포레스트부영,2023-09-05,17060,59.9925,9,2020,충무공동 145
휴앤인엘리시움,2023-09-02,40000,117.329,4,2019,충무공동 134
가좌주공1차,2023-09-04,13000,49.94,14,1993,가좌동 660
진주포레스트부영,2023-09-05,17060,59.9885,16,2020,충무공동 145
신안주공3,2023-09-04,14800,59.8,7,1997,신안동 705-1
진주평거우방아이유쉘스카이팰리스,2023-09-01,35000,84.0198,23,2019,평거동 1137
진주정촌대경파미르,2023-09-02,21000,66.6161,11,2019,정촌면 예하리 1286
현대,2023-09-02,13000,70.96,1,1989,신안동 20
대림,2023-09-04,10000,59.5,8,1995,초전동 702-22
현대,2023-09-01,16800,84.55,1,1989,신안동 20
진주포레스트부영,2023-09-04,17060,59.9885,15,2020,충무공동 145
현대,2023-09-01,13300,59.89,6,1996,하대동 101
진주포레스트부영,2023-09-01,17060,59.9925,11,2020,충무공동 145
진주포레스트부영,2023-09-01,17060,59.9925,11,2020,충무공동 145
더퀸즈웰가,2023-09-01,26000,58.7908,28,2015,평거동 1130
혁신도시엘에이치아파트8단지,2023-09-01,25000,59.97,15,2015,충무공동 300
진주포레스트부영,2023-09-01,17060,59.9885,3,2020,충무공동 145
한주럭키타운,2023-09-01,17500,84.81,1,1990,주약동 156
센트렐웰가,2023-09-24,35000,84.9222,28,2018,가좌동 1981
대경,2023-09-16,22000,83.304,12,2000,호탄동 602-1
진주평거우방아이유쉘스카이팰리스,2023-09-04,33000,84.8954,25,2019,평거동 1137
진주정촌대경파미르,2023-10-22,24000,84.9625,10,2019,정촌면 예하리 1286
평거주공1차,2023-10-12,12500,46.68,1,1988,평거동 326
금산흥한골든빌,2023-10-31,14000,73.61,10,2002,금산면 장사리 1000
신안주공2,2023-10-21,15400,59.8,14,1996,신안동 707-1
진주혁신코오롱하늘채,2023-10-25,32000,84.95,20,2014,충무공동 230
이지더원,2023-10-27,36500,84.9614,14,2018,초전동 1673
진주정촌대경파미르,2023-10-24,26000,84.9625,15,2019,정촌면 예하리 1286
들말대경,2023-10-12,20000,76.23,3,1998,평거동 190
진주포레스트부영,2023-10-11,17060,59.9885,8,2020,충무공동 145
진주혁신도시라온프라이빗아파트,2023-10-11,37500,84.8827,22,2017,충무공동 195
진주포레스트부영,2023-10-10,17060,59.9925,9,2020,충무공동 145
진주포레스트부영,2023-10-04,17060,59.9925,21,2020,충무공동 145
진주강남동일동미라주,2023-10-12,31000,84.9806,33,2021,강남동 387
센트렐웰가,2023-10-22,32000,75.7795,17,2018,가좌동 1981
진주정촌대경파미르,2023-10-23,24000,84.9426,10,2019,정촌면 예하리 1286
금산아이파크,2023-10-20,19000,84.17,13,2004,금산면 장사리 965-1
이지더원,2023-10-27,36500,84.9614,14,2018,초전동 1673
이지더원,2023-10-27,36500,84.9614,14,2018,초전동 1673
가좌주공1차,2023-10-19,10000,41.3,1,1993,가좌동 660
현대,2023-10-24,28000,102.68,6,2000,주약동 360
포레나신진주,2023-10-23,36000,84.9515,19,2019,가좌동 2056
현대,2023-10-24,15000,71.175,11,1992,판문동 269-13
스카이시티프라디움,2023-10-21,32000,84.9898,36,2019,가좌동 1958
진주초전푸르지오1단지,2023-10-26,36500,121.144,11,2009,초전동 1640-1
가좌주공1차,2023-10-07,13000,49.94,6,1993,가좌동 660
평거휴먼시아4단지,2023-10-15,27000,84.99,5,2011,평거동 797
평거휴먼시아4단지,2023-10-15,27000,84.99,5,2011,평거동 797
혁신도시엘에이치아파트8단지,2023-10-28,26000,59.97,11,2015,충무공동 300
들말대경,2023-10-21,17530,59.595,13,1998,평거동 190
신안주공2,2023-10-21,15500,59.8,9,1996,신안동 707-1
엠코타운더프라하,2023-10-20,36000,84.9651,12,2014,평거동 1132
진주포레스트부영,2023-10-12,17060,59.9925,19,2020,충무공동 145
한림풀에버,2023-10-14,33000,84.9644,19,2015,충무공동 77
진주강남동일동미라주,2023-10-12,35000,109.9586,6,2021,강남동 387
혁신도시엘에이치아파트8단지,2023-10-29,27000,59.97,9,2015,충무공동 300
진주혁신도시중흥에스-클래스센트럴시티2단지,2023-10-17,45000,99.8723,8,2020,충무공동 293
상봉1,2023-10-21,4500,41.9,1,1976,상봉동 800-1
평거휴먼시아4단지,2023-10-07,25460,84.98,7,2011,평거동 797
대경아르떼빌,2023-10-25,8000,31.02,3,2002,호탄동 620-1
금호석류,2023-10-14,17500,59.99,2,1999,주약동 407-1
한림풀에버,2023-10-20,33000,84.9644,12,2015,충무공동 77
신안주공2,2023-10-13,14500,59.8,6,1996,신안동 707-1
한림풀에버,2023-10-25,34000,84.9644,21,2015,충무공동 77
진주평거엘크루,2023-10-27,43000,101.4795,1,2016,평거동 919
진주문산코아루,2023-10-04,22000,84.591,21,2010,문산읍 소문리 2421
진주정촌대경파미르,2023-10-24,26000,84.9625,15,2019,정촌면 예하리 1286
더퀸즈웰가,2023-10-29,34000,75.4984,11,2015,평거동 1130
금산흥한골든빌,2023-10-10,9500,58.12,3,2002,금산면 장사리 1000
하대주공,2023-10-28,7000,35.64,3,1982,하대동 73-1
하대주공,2023-10-28,7000,35.64,3,1982,하대동 73-1
하대주공,2023-10-28,4500,35.64,2,1982,하대동 73-1
평거주공1차,2023-10-12,12500,46.68,1,1988,평거동 326
한림풀에버,2023-10-20,29000,67.3717,1,2015,충무공동 77
진주혁신도시센텀리버파크,2023-10-20,30000,84.95,20,2013,충무공동 191
진주포레스트부영,2023-10-19,17060,59.9925,5,2020,충무공동 145
금산흥한골든빌,2023-10-31,14000,73.61,10,2002,금산면 장사리 1000
진주포레스트부영,2023-10-16,17060,59.9925,19,2020,충무공동 145
진주초전푸르지오2단지,2023-10-10,42000,125.029,22,2010,초전동 1637-1
금산아이파크,2023-10-30,18000,84.17,14,2004,금산면 장사리 965-1
진주혁신도시중흥에스-클래스센트럴시티3단지,2023-10-29,40000,84.9815,14,2020,충무공동 298
진주혁신도시센텀리버파크,2023-10-10,31000,84.88,9,2013,충무공동 191
주공그린빌,2023-10-31,18500,59.27,3,2005,가좌동 573-1
금산아이파크,2023-10-30,18000,84.17,14,2004,금산면 장사리 965-1
진주혁신도시라온프라이빗아파트,2023-10-14,35500,84.8922,1,2017,충무공동 195
진주혁신도시센텀리버파크,2023-10-24,29000,75.97,14,2013,충무공동 191
진주혁신도시센텀리버파크,2023-10-24,29150,75.97,12,2013,충무공동 191
한림풀에버,2023-10-30,30000,84.9644,2,2015,충무공동 77
진주혁신도시중흥에스-클래스더프라임,2023-10-06,45000,110.9212,5,2019,충무공동 90
하대주공,2023-10-30,9000,44.3,3,1982,하대동 73-1
진주포레스트부영,2023-10-26,17060,59.9925,11,2020,충무공동 145
진주초전푸르지오1단지,2023-10-17,37000,134.68,21,2009,초전동 1640-1
가좌주공1차,2023-10-28,13000,49.94,14,1993,가좌동 660
진주정촌대경파미르,2023-10-23,24000,84.9426,10,2019,정촌면 예하리 1286
더퀸즈웰가,2023-10-31,32000,84.9163,28,2015,평거동 1130
가좌주공2차,2023-10-11,14000,49.94,14,1993,가좌동 660
신안주공2,2023-10-21,15400,59.8,14,1996,신안동 707-1
진주혁신도시대방노블랜드더캐슬아파트,2023-10-28,48000,103.9623,10,2018,충무공동 296
진주포레스트부영,2023-10-13,17060,59.9925,16,2020,충무공동 145
진주초전푸르지오1단지,2023-10-26,36500,121.144,11,2009,초전동 1640-1
힐스테이트초전,2023-10-13,36000,84.9196,26,2019,초전동 1665
엠코타운더프라하,2023-10-22,30500,67.2755,6,2014,평거동 1132
진주우방아이유쉘,2023-10-25,24000,84.9578,11,2017,정촌면 예하리 1296
엠코타운더프라하,2023-10-20,36000,84.9651,12,2014,평거동 1132
센트렐웰가,2023-10-31,35500,84.9222,25,2018,가좌동 1981
진주평거우방아이유쉘스카이팰리스,2023-10-30,35000,84.0198,32,2019,평거동 1137
엠코타운더프라하,2023-10-24,48000,118.6034,35,2014,평거동 1132
진주포레스트부영,2023-10-26,17060,59.9925,18,2020,충무공동 145
순화가밀라씨티빌,2023-10-26,4000,39.49,6,2003,봉곡동 469-9
진주혁신도시라온프라이빗아파트,2023-10-29,37500,84.8922,6,2017,충무공동 195
진주혁신도시중흥에스-클래스더퍼스트,2023-10-20,53000,99.864,9,2020,충무공동 275
진주정촌대경파미르,2023-10-29,26000,84.9625,6,2019,정촌면 예하리 1286
더퀸즈웰가,2023-10-13,28000,58.4018,11,2015,평거동 1130
한보타워(하대1차),2023-10-27,7000,53.32,15,1992,하대동 109-5
들말대경,2023-10-12,20000,76.23,3,1998,평거동 190
이지더원,2023-10-27,36500,84.9614,14,2018,초전동 1673
혁신도시엘에이치아파트8단지,2023-10-31,26000,59.97,18,2015,충무공동 300
진주혁신도시라온프라이빗아파트,2023-10-29,37500,84.8922,6,2017,충무공동 195
들말흥한타운,2023-10-28,24000,84.89,5,1998,평거동 191-1
진주포레스트부영,2023-10-31,17060,59.9925,13,2020,충무공동 145
포레나신진주,2023-10-31,32000,84.9515,25,2019,가좌동 2056
가좌주공1차,2023-10-12,9500,44.94,1,1993,가좌동 660
혁신도시엘에이치아파트9단지,2023-10-31,24150,59.97,3,2017,충무공동 302
들말한보타운,2023-10-19,24500,84.98,6,1997,평거동 192-1
진주혁신도시라온프라이빗아파트,2023-10-31,35000,84.8827,12,2017,충무공동 195
흥한타운1,2023-10-30,12300,59.73,2,1993,신안동 454-1
진주혁신도시센텀리버파크,2023-10-30,31000,84.95,12,2013,충무공동 191
한주럭키타운,2023-10-30,16000,76.58,6,1990,주약동 156
진주정촌대경파미르,2023-10-30,22000,66.1957,11,2019,정촌면 예하리 1286
주공그린빌,2023-10-27,16500,51.74,14,2005,가좌동 573-1
신안주공3,2023-10-14,10000,39.99,10,1997,신안동 705-1
가좌주공1차,2023-10-30,12000,49.94,9,1993,가좌동 660
금산흥한골든빌,2023-10-30,10500,58.12,2,2002,금산면 장사리 1000
한림풀에버,2023-10-20,33000,84.9644,12,2015,충무공동 77
한림풀에버,2023-10-30,33000,84.9644,12,2015,충무공동 77
금산아이파크,2023-10-30,14700,59.78,6,2004,금산면 장사리 965-1
금산흥한골든빌,2023-10-30,7350,48.31,2,2002,금산면 장사리 1000
가좌주공1차,2023-10-11,13000,41.3,4,1993,가좌동 660
진주혁신도시중흥에스-클래스센트럴시티4단지,2023-10-26,41000,84.9815,20,2020,충무공동 295
혁신도시엘에이치아파트8단지,2023-10-29,25000,59.97,9,2015,충무공동 300
진주혁신코오롱하늘채,2023-10-18,32000,84.95,5,2014,충무공동 230
진주혁신도시라온프라이빗아파트,2023-10-13,37000,84.8827,21,2017,충무공동 195
진주포레스트부영,2023-10-30,17060,59.9925,7,2020,충무공동 145
진주혁신도시중흥에스-클래스더퍼스트,2023-10-29,45000,99.864,14,2020,충무공동 275
진주포레스트부영,2023-10-27,17060,59.9885,5,2020,충무공동 145
신안주공1,2023-10-14,23000,84.98,6,1998,신안동 708-1
진주혁신도시센텀리버파크,2023-10-16,32000,84.95,9,2013,충무공동 191
평거주공1차,2023-10-26,8000,39.3,5,1988,평거동 326
국민3차,2023-10-26,6200,59.35,4,1990,상평동 239-2
진주포레스트부영,2023-10-27,17060,59.9925,1,2020,충무공동 145
가좌주공1차,2023-10-27,13000,49.94,6,1993,가좌동 660
가좌주공1차,2023-10-22,12500,49.94,15,1993,가좌동 660
진주평거엘크루,2023-10-26,40100,84.9624,12,2016,평거동 919
남강휴먼빌,2023-10-23,33000,158.9164,7,2010,내동면 독산리 1104
평거휴먼시아3단지,2023-10-26,33000,84.97,6,2011,평거동 897
진주포레스트부영,2023-10-26,17060,59.9925,2,2020,충무공동 145
혁신도시엘에이치아파트9단지,2023-10-04,28000,59.97,13,2017,충무공동 302
진주혁신도시라온프라이빗아파트,2023-10-13,37000,84.8827,21,2017,충무공동 195
진주혁신도시중흥에스-클래스더프라임,2023-10-22,40000,84.9858,11,2019,충무공동 90
스카이시티프라디움,2023-10-26,33000,84.9898,26,2019,가좌동 1958
진주혁신코오롱하늘채,2023-10-26,30000,84.95,4,2014,충무공동 230
진주초전푸르지오2단지,2023-10-24,38850,134.969,5,2010,초전동 1637-1
진주문산코아루,2023-10-13,23000,84.9867,14,2010,문산읍 소문리 2421
힐스테이트초전,2023-10-25,36000,84.9196,29,2019,초전동 1665
초전해모로루비채2단지,2023-10-24,30000,84.9671,8,2014,초전동 1667
힐스테이트초전,2023-10-21,34000,84.9351,6,2019,초전동 1665
현대금빛마을,2023-10-02,7000,84.876,8,2000,집현면 봉강리 249
진주포레스트부영,2023-10-24,17060,59.9885,7,2020,충무공동 145
혁신도시엘에이치아파트8단지,2023-10-24,24000,59.97,14,2015,충무공동 300
진주혁신도시중흥에스-클래스더프라임,2023-10-11,36010,84.9912,3,2019,충무공동 90
현대,2023-10-18,13000,59.96,1,1997,초전동 805
진주포레스트부영,2023-10-23,17060,59.9925,2,2020,충무공동 145
가좌주공1차,2023-10-19,10000,41.3,1,1993,가좌동 660
진주포레스트부영,2023-10-23,17060,59.9925,5,2020,충무공동 145
진주초장엠코타운더이스턴파크,2023-10-21,30000,84.977,26,2014,초전동 1669
진주포레스트부영,2023-10-17,17060,59.9925,3,2020,충무공동 145
진주포레스트부영,2023-10-20,17060,59.9925,7,2020,충무공동 145
평거휴먼시아4단지,2023-10-19,30000,84.95,12,2011,평거동 797
진주혁신코오롱하늘채,2023-10-16,32000,84.95,18,2014,충무공동 230
진주혁신코오롱하늘채,2023-10-06,26000,75.84,2,2014,충무공동 230
진주혁신코오롱하늘채,2023-10-19,29000,75.99,20,2014,충무공동 230
진주혁신도시센텀리버파크,2023-10-17,32000,84.88,16,2013,충무공동 191
진주혁신코오롱하늘채,2023-10-18,31000,84.95,20,2014,충무공동 230
진주포레스트부영,2023-10-06,17060,59.9885,10,2020,충무공동 145
진주포레스트부영,2023-10-18,17060,59.9925,24,2020,충무공동 145
진주평거엘크루,2023-10-19,40000,84.9624,10,2016,평거동 919
진주포레스트부영,2023-10-20,17060,59.9925,20,2020,충무공동 145
진주포레스트부영,2023-10-19,17060,59.9925,4,2020,충무공동 145
진주포레스트부영,2023-10-19,17060,59.9885,9,2020,충무공동 145
진주포레스트부영,2023-10-11,17060,59.9925,4,2020,충무공동 145
들말대경,2023-10-19,23000,84.99,10,1998,평거동 190
한림풀에버,2023-10-06,30000,84.9644,2,2015,충무공동 77
진주포레스트부영,2023-10-18,17060,59.9885,20,2020,충무공동 145
진주포레스트부영,2023-10-13,17060,59.9925,1,2020,충무공동 145
평거현대1,2023-10-06,12500,59.81,6,1993,신안동 454-3
진주혁신코오롱하늘채,2023-10-18,31500,84.95,17,2014,충무공동 230
한보타운,2023-10-05,13000,84.6,16,1993,평거동 737
엠코타운더프라하,2023-10-17,36500,84.933,15,2014,평거동 1132
엠코타운더프라하,2023-10-17,36500,84.933,15,2014,평거동 1132
진주평거우방아이유쉘스카이팰리스,2023-10-17,36000,84.8954,21,2019,평거동 1137
스카이시티프라디움,2023-10-17,35500,84.9898,12,2019,가좌동 1958
진주포레스트부영,2023-10-17,17060,59.9885,10,2020,충무공동 145
진주포레스트부영,2023-10-17,17060,59.9925,1,2020,충무공동 145
이현하이클래스웰가,2023-10-13,28000,122.01,13,2008,이현동 1180
더퀸즈웰가,2023-10-13,30000,66.3912,6,2015,평거동 1130
진주포레스트부영,2023-10-16,17060,59.9925,6,2020,충무공동 145
진주포레스트부영,2023-10-16,17060,59.9925,10,2020,충무공동 145
한림풀에버,2023-10-14,32000,84.9088,22,2015,충무공동 77
가좌주공1차,2023-10-09,11000,41.3,2,1993,가좌동 660
진주혁신코오롱하늘채,2023-10-12,31000,84.95,6,2014,충무공동 230
혁신도시엘에이치아파트8단지,2023-10-12,24000,59.97,11,2015,충무공동 300
금호석류,2023-10-02,20000,84.87,8,1999,주약동 407-1
진주포레스트부영,2023-10-04,17060,59.9885,25,2020,충무공동 145
진주포레스트부영,2023-10-12,17060,59.9925,25,2020,충무공동 145
신안주공3,2023-10-13,15800,59.8,5,1997,신안동 705-1
진주포레스트부영,2023-10-13,17060,59.9925,11,2020,충무공동 145
가좌주공1차,2023-10-12,12500,49.94,1,1993,가좌동 660
진주포레스트부영,2023-10-12,17060,59.9925,14,2020,충무공동 145
진주포레스트부영,2023-10-12,17060,59.9925,11,2020,충무공동 145
초전해모로루비채4단지,2023-10-12,35500,100.8994,24,2014,초전동 1670
진주포레스트부영,2023-10-12,9168,59.9885,14,2020,충무공동 145
진주혁신코오롱하늘채,2023-10-12,32000,84.95,15,2014,충무공동 230
진주포레스트부영,2023-10-12,17060,59.9885,6,2020,충무공동 145
흥한타운1,2023-10-11,12300,59.73,2,1993,신안동 454-1
진주혁신도시중흥에스-클래스더프라임,2023-10-11,36010,84.9912,3,2019,충무공동 90
진주포레스트부영,2023-10-12,17060,59.9885,9,2020,충무공동 145
진주푸르지오2단지,2023-10-12,19000,84.9414,3,2007,금산면 장사리 964-1
진주정촌대경파미르,2023-10-06,26000,84.9625,11,2019,정촌면 예하리 1286
진주포레스트부영,2023-10-11,17060,59.9885,5,2020,충무공동 145
현대,2023-10-06,17000,84.955,2,1997,초전동 805
진주혁신도시라온프라이빗아파트,2023-10-11,37500,84.8827,22,2017,충무공동 195
진주포레스트부영,2023-10-05,17060,59.9925,20,2020,충무공동 145
한림풀에버,2023-10-11,31000,84.9088,10,2015,충무공동 77
진주혁신코오롱하늘채,2023-10-11,31000,84.95,2,2014,충무공동 230
가좌주공1차,2023-10-10,10300,38.64,6,1993,가좌동 660
진주혁신도시센텀리버파크,2023-10-10,24150,84.83,6,2013,충무공동 191
진주혁신코오롱하늘채,2023-10-10,31000,84.95,13,2014,충무공동 230
진주혁신도시센텀리버파크,2023-10-10,31000,84.95,16,2013,충무공동 191
청구타운,2023-10-06,18000,84.98,3,1997,초전동 1431-3
진주평거우방아이유쉘스카이팰리스,2023-10-09,36000,84.8954,19,2019,평거동 1137
진주혁신도시중흥에스-클래스센트럴시티3단지,2023-10-07,45000,99.8146,13,2020,충무공동 298
한림풀에버,2023-10-07,33000,84.9088,11,2015,충무공동 77
진주포레스트부영,2023-10-10,17060,59.9925,7,2020,충무공동 145
진주포레스트부영,2023-10-10,17060,59.9925,3,2020,충무공동 145
진주포레스트부영,2023-10-10,17060,59.9885,14,2020,충무공동 145
한림풀에버,2023-10-06,36000,84.9644,21,2015,충무공동 77
진주초전푸르지오1단지,2023-10-05,39500,134.68,25,2009,초전동 1640-1
스카이시티프라디움,2023-10-06,34000,84.9898,22,2019,가좌동 1958
진주포레스트부영,2023-10-05,17060,59.9925,8,2020,충무공동 145
진주포레스트부영,2023-10-06,17060,59.9925,2,2020,충무공동 145
진주포레스트부영,2023-10-06,17060,59.9925,8,2020,충무공동 145
아르피오빌,2023-10-04,8500,58.55,5,2004,봉곡동 474-37
진주포레스트부영,2023-10-05,17060,59.9925,6,2020,충무공동 145
진주포레스트부영,2023-10-04,17060,59.9925,12,2020,충무공동 145
신안주공3,2023-10-05,15000,59.8,8,1997,신안동 705-1
진주혁신도시센텀리버파크,2023-10-04,23000,84.95,19,2013,충무공동 191
가좌주공1차,2023-10-05,12600,49.94,4,1993,가좌동 660
이현하이클래스웰가,2023-10-05,21800,84.98,17,2008,이현동 1180
진주포레스트부영,2023-10-05,17060,59.9885,6,2020,충무공동 145
진주포레스트부영,2023-10-05,17060,59.9885,2,2020,충무공동 145
진주포레스트부영,2023-10-05,17060,59.9925,11,2020,충무공동 145
진주포레스트부영,2023-10-04,17060,59.9925,12,2020,충무공동 145
현대,2023-10-04,15000,84.945,11,1992,판문동 269-13
진주포레스트부영,2023-10-04,17060,59.9925,21,2020,충무공동 145
진주포레스트부영,2023-10-04,17060,59.9885,5,2020,충무공동 145
진주포레스트부영,2023-10-04,17060,59.9925,6,2020,충무공동 145
초전해모로루비채4단지,2023-10-04,30000,84.9671,2,2014,초전동 1670
진주강남동일동미라주,2023-10-04,30000,84.9831,6,2021,강남동 387
현대,2023-10-04,17000,84.55,8,1989,신안동 20
삼성,2023-10-04,18000,84.93,3,1996,호탄동 579-14
진주포레스트부영,2023-10-04,17060,59.9925,13,2020,충무공동 145
진주포레스트부영,2023-10-04,17060,59.9925,16,2020,충무공동 145
진주포레스트부영,2023-10-04,17060,59.9925,16,2020,충무공동 145
한림풀에버,2023-10-03,30300,67.3717,16,2015,충무공동 77
진주포레스트부영,2023-10-04,17060,59.9925,3,2020,충무공동 145
진주포레스트부영,2023-10-04,17060,59.9925,16,2020,충무공동 145
남강카누빌2,2023-10-18,10700,83.77,7,2001,상대동 892-5
한림풀에버,2023-10-07,33000,84.9088,11,2015,충무공동 77
스카이시티프라디움,2023-10-18,34000,84.9818,20,2019,가좌동 1958
상평국민1차,2023-11-30,4000,44.7,4,1990,상평동 250-1
엠코타운더프라하,2023-11-24,36000,84.9651,16,2014,평거동 1132
주공그린빌,2023-11-27,15500,59.27,18,2005,가좌동 573-1
진흥더루벤스,2023-11-27,18000,84.9861,5,2009,금산면 중천리 330
진주강남동일동미라주,2023-11-18,34500,109.9586,9,2021,강남동 387
스카이시티프라디움,2023-11-26,35000,84.9898,22,2019,가좌동 1958
주공그린빌,2023-11-21,15500,51.74,10,2005,가좌동 573-1
진주초장엠코타운더이스턴파크,2023-11-23,31500,84.977,16,2014,초전동 1669
진주혁신도시중흥에스-클래스센트럴시티2단지,2023-11-20,40000,84.9815,32,2020,충무공동 293
진주포레스트부영,2023-11-24,17060,59.9885,17,2020,충무공동 145
한보타워(하대1차),2023-11-22,7000,53.32,6,1992,하대동 109-5
한주럭키타운,2023-11-14,17000,76.58,7,1990,주약동 156
엠코타운더프라하,2023-11-15,43000,101.5684,22,2014,평거동 1132
진주정촌대경파미르,2023-11-13,24000,84.9625,10,2019,정촌면 예하리 1286
하대주공,2023-11-09,5000,35.64,4,1982,하대동 73-1
대경,2023-11-07,6000,59.85,8,1992,하대동 299-2
혁신도시엘에이치아파트9단지,2023-11-03,28000,59.97,13,2017,충무공동 302
프리미어웰가,2023-11-28,17800,59.9527,13,2021,가좌동 1945
프리미어웰가,2023-11-27,17800,59.9964,9,2021,가좌동 1945
프리미어웰가,2023-11-27,17800,59.9527,26,2021,가좌동 1945
프리미어웰가,2023-11-27,17800,59.9964,20,2021,가좌동 1945
프리미어웰가,2023-11-24,17800,59.9964,18,2021,가좌동 1945
프리미어웰가,2023-11-24,17800,59.9964,17,2021,가좌동 1945
프리미어웰가,2023-11-24,17800,59.9964,11,2021,가좌동 1945
프리미어웰가,2023-11-24,17800,59.9964,18,2021,가좌동 1945
프리미어웰가,2023-11-23,17800,59.9964,14,2021,가좌동 1945
프리미어웰가,2023-11-23,17800,59.9964,9,2021,가좌동 1945
프리미어웰가,2023-11-21,17800,59.9964,10,2021,가좌동 1945
프리미어웰가,2023-11-20,17800,59.9964,19,2021,가좌동 1945
프리미어웰가,2023-11-20,17800,59.9527,22,2021,가좌동 1945
청구타운,2023-11-22,12500,59.99,1,1997,초전동 1431-3
청구타운,2023-11-22,12500,59.99,1,1997,초전동 1431-3
프리미어웰가,2023-11-23,17800,59.9964,14,2021,가좌동 1945
평거주공1차,2023-11-16,8500,39.3,3,1988,평거동 326
프리미어웰가,2023-11-17,17800,59.9527,11,2021,가좌동 1945
프리미어웰가,2023-11-23,17800,59.9527,22,2021,가좌동 1945
프리미어웰가,2023-11-20,17800,59.9964,9,2021,가좌동 1945
프리미어웰가,2023-11-21,17800,59.9964,26,2021,가좌동 1945
프리미어웰가,2023-11-28,17800,59.9964,13,2021,가좌동 1945
프리미어웰가,2023-11-22,17800,59.9527,23,2021,가좌동 1945
프리미어웰가,2023-11-22,17800,59.9964,25,2021,가좌동 1945
하영그린맨션,2023-11-09,9300,82.65,14,1992,평거동 742
진주초장엠코타운더이스턴파크,2023-11-25,31500,84.977,11,2014,초전동 1669
프리미어웰가,2023-11-14,17800,59.9527,19,2021,가좌동 1945
혁신도시엘에이치아파트8단지,2023-11-07,19500,59.97,6,2015,충무공동 300
대림,2023-11-21,16000,129.1,5,1989,상평동 277-1
프리미어웰가,2023-11-15,17800,59.9527,17,2021,가좌동 1945
하대주공,2023-11-10,5000,35.64,2,1982,하대동 73-1
진주혁신도시라온프라이빗아파트,2023-11-25,34000,79.0385,10,2017,충무공동 195
더퀸즈웰가,2023-11-27,30000,66.3912,25,2015,평거동 1130
진주우방아이유쉘,2023-11-30,26000,84.9578,15,2017,정촌면 예하리 1296
엠코타운더프라하,2023-11-22,33000,67.2755,7,2014,평거동 1132
더퀸즈웰가,2023-11-18,28500,58.7908,4,2015,평거동 1130
포레나신진주,2023-11-25,36000,84.9543,28,2019,가좌동 2056
진주평거엘크루,2023-11-23,50000,101.4795,10,2016,평거동 919
들말흥한타운,2023-11-06,16500,59.871,9,1998,평거동 191-1
주공그린빌,2023-11-24,24000,84.9,5,2005,가좌동 573-1
진주혁신코오롱하늘채,2023-11-27,29000,84.95,1,2014,충무공동 230
진주혁신도시센텀리버파크,2023-11-18,31500,84.95,2,2013,충무공동 191
진주혁신도시중흥에스-클래스센트럴시티2단지,2023-11-02,48000,99.8723,17,2020,충무공동 293
진주평거우방아이유쉘스카이팰리스,2023-11-15,34000,84.2136,5,2019,평거동 1137
금산아이파크,2023-11-19,16500,84.17,4,2004,금산면 장사리 965-1
진흥더루벤스,2023-11-27,18000,84.9861,5,2009,금산면 중천리 330
평거휴먼시아3단지,2023-11-25,33000,84.95,8,2011,평거동 897
진주혁신도시대방노블랜드더캐슬아파트,2023-11-30,40000,84.9474,3,2018,충무공동 296
진주초전푸르지오2단지,2023-11-03,36000,101.977,15,2010,초전동 1637-1
한림풀에버,2023-11-04,30600,67.1597,3,2015,충무공동 77
주공그린빌,2023-11-27,15500,59.27,18,2005,가좌동 573-1
혁신도시엘에이치아파트9단지,2023-11-10,27000,59.97,20,2017,충무공동 302
진주평거우방아이유쉘스카이팰리스,2023-11-21,38000,84.2136,34,2019,평거동 1137
힐스테이트초전,2023-11-28,35500,84.9351,28,2019,초전동 1665
휴앤인엘리시움,2023-11-29,32000,84.9666,6,2019,충무공동 134
더퀸즈웰가,2023-11-07,37800,84.9163,24,2015,평거동 1130
진주혁신도시대방노블랜드더캐슬아파트,2023-11-28,45000,84.9899,9,2018,충무공동 296
진주초장엠코타운더이스턴파크,2023-11-21,28000,73.6669,23,2014,초전동 1669
신안주공3,2023-11-17,9500,39.99,13,1997,신안동 705-1
상대주공,2023-11-15,3000,40.99,1,1980,하대동 72
주공그린빌,2023-11-24,15900,51.74,14,2005,가좌동 573-1
스카이시티프라디움,2023-11-13,34000,84.991,4,2019,가좌동 1958
포레나신진주,2023-11-29,34000,84.9515,28,2019,가좌동 2056
프리미어웰가,2023-11-27,17800,59.9964,9,2021,가좌동 1945
가좌주공1차,2023-11-25,13000,49.94,13,1993,가좌동 660
주공그린빌,2023-11-22,15000,51.74,19,2005,가좌동 573-1
대동,2023-11-05,3800,50.78,5,1979,상대동 331-1
신안주공2,2023-11-15,13000,49.97,10,1996,신안동 707-1
프리미어웰가,2023-11-28,17800,59.9527,13,2021,가좌동 1945
혁신도시엘에이치아파트9단지,2023-11-03,27900,59.97,13,2017,충무공동 302
현대,2023-11-22,12500,84.945,4,1992,판문동 269-13
한림풀에버,2023-11-26,36000,84.9088,11,2015,충무공동 77
프리미어웰가,2023-11-27,17800,59.9964,26,2021,가좌동 1945
하영그린맨션,2023-11-09,9300,82.65,14,1992,평거동 742
진주초장엠코타운더이스턴파크,2023-11-28,34000,101.828,18,2014,초전동 1669
진주혁신도시센텀리버파크,2023-11-06,31000,84.95,18,2013,충무공동 191
프리미어웰가,2023-11-23,17800,59.9527,11,2021,가좌동 1945
신안주공2,2023-11-15,12600,49.97,10,1996,신안동 707-1
한림풀에버,2023-11-18,31000,67.3717,6,2015,충무공동 77
진주혁신도시중흥에스-클래스센트럴시티3단지,2023-11-07,40000,84.9815,6,2020,충무공동 298
더퀸즈웰가,2023-11-18,28500,58.7908,4,2015,평거동 1130
동국한양빌라,2023-11-11,5000,43.7,8,1992,문산읍 소문리 816-2
프리미어웰가,2023-11-21,17800,59.9964,8,2021,가좌동 1945
진주혁신도시라온프라이빗아파트,2023-11-25,35000,84.8922,17,2017,충무공동 195
진주혁신도시센텀리버파크,2023-11-18,29000,84.95,13,2013,충무공동 191
한림풀에버,2023-11-11,36000,84.9644,2,2015,충무공동 77
한림풀에버,2023-11-08,33000,84.9088,4,2015,충무공동 77
진주혁신도시중흥에스-클래스센트럴시티2단지,2023-11-19,41000,84.9815,5,2020,충무공동 293
혁신도시엘에이치아파트9단지,2023-11-24,27500,59.97,12,2017,충무공동 302
진주정촌대경파미르,2023-11-13,24000,84.9625,10,2019,정촌면 예하리 1286
진주포레스트부영,2023-11-29,17060,59.9885,17,2020,충무공동 145
진주포레스트부영,2023-11-09,17060,59.9925,6,2020,충무공동 145
혁신도시엘에이치아파트9단지,2023-11-27,27900,59.97,25,2017,충무공동 302
진주평거우방아이유쉘스카이팰리스,2023-11-08,36000,84.8954,19,2019,평거동 1137
포레나신진주,2023-11-30,35000,84.9543,23,2019,가좌동 2056
상봉2,2023-11-22,7500,61.77,4,1986,상봉동 1446
신안주공2,2023-11-24,12400,49.97,11,1996,신안동 707-1
진주포레스트부영,2023-11-30,17060,59.9925,4,2020,충무공동 145
엠코타운더프라하,2023-11-11,35500,84.9651,23,2014,평거동 1132
스카이시티프라디움,2023-11-27,30000,84.9818,30,2019,가좌동 1958
진주혁신도시센텀리버파크,2023-11-30,27000,84.95,13,2013,충무공동 191
벽산블루밍(구)동신,2023-11-23,6700,52.53,1,1993,평거동 401
금산아이파크,2023-11-02,18710,84.17,12,2004,금산면 장사리 965-1
금산흥한골든빌,2023-11-18,6500,48.31,3,2002,금산면 장사리 1000
진주푸르지오1단지,2023-11-18,20500,84.9726,10,2007,금산면 장사리 962-1
신안주공3,2023-11-17,9500,39.99,13,1997,신안동 705-1
진주혁신도시중흥에스-클래스더프라임,2023-11-16,40000,97.7268,6,2019,충무공동 90
프리미어웰가,2023-11-30,17800,59.9964,25,2021,가좌동 1945
일진스위트포레강남,2023-11-25,28000,76.8669,18,2021,강남동 141-1
프리미어웰가,2023-11-22,17800,59.9964,4,2021,가좌동 1945
진주평거우방아이유쉘스카이팰리스,2023-11-10,32000,84.2136,16,2019,평거동 1137
혁신도시엘에이치5단지,2023-11-29,28000,75.99,5,2014,충무공동 234
진주혁신코오롱하늘채,2023-11-24,32000,84.95,17,2014,충무공동 230
진주혁신도시센텀리버파크,2023-11-22,32000,84.95,17,2013,충무공동 191
혁신도시엘에이치아파트8단지,2023-11-14,26000,59.97,5,2015,충무공동 300
진주혁신도시센텀리버파크,2023-11-21,30000,84.95,7,2013,충무공동 191
주공그린빌,2023-11-25,17500,59.27,5,2005,가좌동 573-1
가좌주공1차,2023-11-27,9500,38.64,1,1993,가좌동 660
진주초장엠코타운더이스턴파크,2023-11-23,31500,84.977,16,2014,초전동 1669
한보타워(하대1차),2023-11-22,7000,53.32,6,1992,하대동 109-5
프리미어웰가,2023-11-15,17800,59.9964,6,2021,가좌동 1945
신안주공2,2023-11-29,14700,59.8,14,1996,신안동 707-1
진주평거우방아이유쉘스카이팰리스,2023-11-25,35000,84.2136,10,2019,평거동 1137
진주강남동일동미라주,2023-11-09,30000,84.9831,33,2021,강남동 387
가좌주공2차,2023-11-20,13000,44.94,14,1993,가좌동 660
진주정촌대경파미르,2023-11-29,26000,84.9426,5,2019,정촌면 예하리 1286
진주포레스트부영,2023-11-30,17060,59.9885,1,2020,충무공동 145
주공그린빌,2023-11-25,25000,84.9,15,2005,가좌동 573-1
프리미어웰가,2023-11-30,17800,59.9527,26,2021,가좌동 1945
프리미어웰가,2023-11-30,17800,59.9527,6,2021,가좌동 1945
진주혁신코오롱하늘채,2023-11-27,29000,84.95,1,2014,충무공동 230
프리미어웰가,2023-11-29,17800,59.9964,2,2021,가좌동 1945
주공그린빌,2023-11-28,17000,59.27,17,2005,가좌동 573-1
프리미어웰가,2023-11-28,17800,59.9527,24,2021,가좌동 1945
프리미어웰가,2023-11-29,17800,59.9527,11,2021,가좌동 1945
프리미어웰가,2023-11-28,17800,59.9964,3,2021,가좌동 1945
진주혁신도시라온프라이빗아파트,2023-11-29,39000,84.8827,12,2017,충무공동 195
진주빌라맨션,2023-11-16,12000,129.02,6,1990,상대동 294-3
프리미어웰가,2023-11-29,17800,59.9527,1,2021,가좌동 1945
포레나신진주,2023-11-29,34000,84.9515,28,2019,가좌동 2056
주공그린빌,2023-11-21,15500,51.74,10,2005,가좌동 573-1
엠코타운더프라하,2023-11-24,36000,84.9651,16,2014,평거동 1132
스카이시티프라디움,2023-11-28,34000,84.9898,30,2019,가좌동 1958
스카이시티프라디움,2023-11-29,35000,84.9898,31,2019,가좌동 1958
진주혁신도시라온프라이빗아파트,2023-11-17,33000,79.0385,11,2017,충무공동 195
혁신도시엘에이치아파트8단지,2023-11-10,26000,59.97,2,2015,충무공동 300
혁신도시엘에이치아파트8단지,2023-11-09,25000,59.97,3,2015,충무공동 300
진주혁신코오롱하늘채,2023-11-17,33000,84.95,10,2014,충무공동 230
진주혁신도시라온프라이빗아파트,2023-11-16,33000,84.9087,4,2017,충무공동 195
진주혁신도시라온프라이빗아파트,2023-11-22,33000,84.8827,20,2017,충무공동 195
혁신도시엘에이치아파트8단지,2023-11-09,26000,59.97,6,2015,충무공동 300
진주혁신도시센텀리버파크,2023-11-17,28000,75.54,8,2013,충무공동 191
진주혁신코오롱하늘채,2023-11-17,33000,84.95,15,2014,충무공동 230
진주혁신도시라온프라이빗아파트,2023-11-14,33000,84.8827,2,2017,충무공동 195
센트렐웰가,2023-11-12,36000,84.8133,22,2018,가좌동 1981
프리미어웰가,2023-11-24,17800,59.9527,6,2021,가좌동 1945
더퀸즈웰가,2023-11-27,30000,66.3912,25,2015,평거동 1130
진주평거우방아이유쉘스카이팰리스,2023-11-25,35000,84.2136,10,2019,평거동 1137
진주평거엘크루,2023-11-28,39000,84.9195,10,2016,평거동 919
프리미어웰가,2023-11-28,17800,59.9964,2,2021,가좌동 1945
현대,2023-11-28,10000,59.89,8,1996,하대동 101
진주평거우방아이유쉘스카이팰리스,2023-11-25,35000,84.2136,10,2019,평거동 1137
주공그린빌,2023-11-27,16000,51.74,13,2005,가좌동 573-1
가좌주공1차,2023-11-28,13000,49.94,6,1993,가좌동 660
진주혁신도시센텀리버파크,2023-11-27,25000,75.76,17,2013,충무공동 191
진주혁신도시중흥에스-클래스센트럴시티4단지,2023-11-25,44500,99.8146,22,2020,충무공동 295
신안주공3,2023-11-25,14850,59.8,2,1997,신안동 705-1
프리미어웰가,2023-11-24,17800,59.9964,25,2021,가좌동 1945
프리미어웰가,2023-11-16,17800,59.9964,13,2021,가좌동 1945
스카이시티프라디움,2023-11-24,32000,84.9898,35,2019,가좌동 1958
프리미어웰가,2023-11-27,17800,59.9527,7,2021,가좌동 1945
대림,2023-11-21,16000,129.1,5,1989,상평동 277-1
프리미어웰가,2023-11-27,17800,59.9964,27,2021,가좌동 1945
프리미어웰가,2023-11-27,17800,59.9527,2,2021,가좌동 1945
프리미어웰가,2023-11-27,17800,59.9527,15,2021,가좌동 1945
진주혁신도시중흥에스-클래스더프라임,2023-11-24,25000,97.7268,14,2019,충무공동 90
프리미어웰가,2023-11-24,17800,59.9527,28,2021,가좌동 1945
더퀸즈웰가,2023-11-19,30000,65.6733,8,2015,평거동 1130
프리미어웰가,2023-11-24,17800,59.9964,8,2021,가좌동 1945
혁신도시엘에이치아파트8단지,2023-11-24,27000,59.96,8,2015,충무공동 300
프리미어웰가,2023-11-24,17800,59.9527,16,2021,가좌동 1945
상봉1,2023-11-07,3000,40.473,4,1976,상봉동 800-1
프리미어웰가,2023-11-24,17800,59.9964,2,2021,가좌동 1945
프리미어웰가,2023-11-24,17800,59.9964,20,2021,가좌동 1945
금산아이파크,2023-11-16,14500,59.78,15,2004,금산면 장사리 965-1
진주포레스트부영,2023-11-13,17060,59.9925,9,2020,충무공동 145
프리미어웰가,2023-11-24,17800,59.9527,25,2021,가좌동 1945
프리미어웰가,2023-11-23,17800,59.9527,18,2021,가좌동 1945
진주혁신도시센텀리버파크,2023-11-23,28350,75.97,10,2013,충무공동 191
프리미어웰가,2023-11-23,17800,59.9527,12,2021,가좌동 1945
프리미어웰가,2023-11-23,17800,59.9527,12,2021,가좌동 1945
프리미어웰가,2023-11-23,17800,59.9527,11,2021,가좌동 1945
프리미어웰가,2023-11-23,17800,59.9964,28,2021,가좌동 1945
프리미어웰가,2023-11-22,17800,59.9964,5,2021,가좌동 1945
엠코타운더프라하,2023-11-14,31000,67.2755,18,2014,평거동 1132
프리미어웰가,2023-11-22,17800,59.9964,27,2021,가좌동 1945
프리미어웰가,2023-11-22,17800,59.9527,25,2021,가좌동 1945
프리미어웰가,2023-11-22,17800,59.9964,6,2021,가좌동 1945
프리미어웰가,2023-11-22,17800,59.9964,23,2021,가좌동 1945
주공그린빌,2023-11-22,17500,59.27,12,2005,가좌동 573-1
프리미어웰가,2023-11-22,17800,59.9964,27,2021,가좌동 1945
혁신도시엘에이치아파트9단지,2023-11-21,25000,59.97,5,2017,충무공동 302
혁신도시엘에이치5단지,2023-11-21,29000,75.84,2,2014,충무공동 234
진주혁신도시중흥에스-클래스센트럴시티2단지,2023-11-20,40000,84.9815,32,2020,충무공동 293
프리미어웰가,2023-11-22,17800,59.9527,14,2021,가좌동 1945
프리미어웰가,2023-11-21,17800,59.9527,5,2021,가좌동 1945
스카이시티프라디움,2023-11-15,32000,84.9898,35,2019,가좌동 1958
진주초장엠코타운더이스턴파크,2023-11-21,29000,73.6669,23,2014,초전동 1669
프리미어웰가,2023-11-17,17800,59.9964,5,2021,가좌동 1945
진주초장엠코타운더이스턴파크,2023-11-21,28000,73.556,22,2014,초전동 1669
진주혁신도시중흥에스-클래스센트럴시티4단지,2023-11-20,40000,84.8046,6,2020,충무공동 295
프리미어웰가,2023-11-21,17800,59.9527,11,2021,가좌동 1945
진주포레스트부영,2023-11-20,17060,59.9925,8,2020,충무공동 145
프리미어웰가,2023-11-20,17800,59.9964,13,2021,가좌동 1945
가좌주공1차,2023-11-21,9900,38.64,1,1993,가좌동 660
프리미어웰가,2023-11-21,17800,59.9527,15,2021,가좌동 1945
혁신도시엘에이치아파트9단지,2023-11-07,27500,59.97,21,2017,충무공동 302
프리미어웰가,2023-11-20,17800,59.9527,17,2021,가좌동 1945
진주혁신도시라온프라이빗아파트,2023-11-07,34000,79.0385,9,2017,충무공동 195
들말흥한타운,2023-11-20,25200,125.61,10,1998,평거동 191-1
진주포레스트부영,2023-11-20,17060,59.9925,22,2020,충무공동 145
프리미어웰가,2023-11-20,17800,59.9527,2,2021,가좌동 1945
프리미어웰가,2023-11-20,17800,59.9527,18,2021,가좌동 1945
진주우방아이유쉘,2023-11-13,25000,84.9578,17,2017,정촌면 예하리 1296
휴앤인엘리시움,2023-11-01,32500,84.8578,17,2019,충무공동 134
흥한타운1,2023-11-04,13500,59.73,9,1993,신안동 454-1
금산아이파크,2023-11-06,14000,59.78,5,2004,금산면 장사리 965-1
진주우방아이유쉘,2023-11-14,24000,84.9758,7,2017,정촌면 예하리 1296
청구타운,2023-11-17,14000,59.99,2,1997,초전동 1431-3
프리미어웰가,2023-11-20,17800,59.9964,10,2021,가좌동 1945
진주포레스트부영,2023-11-07,17060,59.9925,11,2020,충무공동 145
가좌주공1차,2023-11-19,10000,38.64,15,1993,가좌동 660
엠코타운더프라하,2023-11-15,43000,101.5684,22,2014,평거동 1132
진주평거엘크루,2023-11-15,35000,84.9195,15,2016,평거동 919
망경한보타운,2023-11-15,13000,84.82,7,1997,망경동 253
포레나신진주,2023-11-18,35000,84.9543,30,2019,가좌동 2056
청구타운,2023-11-17,14175,59.99,5,1997,초전동 1431-3
센트렐웰가,2023-11-14,28000,75.3872,33,2018,가좌동 1981
한림풀에버,2023-11-15,33000,84.9088,9,2015,충무공동 77
프리미어웰가,2023-11-17,17800,59.9527,14,2021,가좌동 1945
프리미어웰가,2023-11-14,17800,59.9964,6,2021,가좌동 1945
금산흥한골든빌,2023-11-10,8925,58.12,12,2002,금산면 장사리 1000
진주혁신코오롱하늘채,2023-11-06,26000,84.95,10,2014,충무공동 230
진주혁신도시대방노블랜드더캐슬아파트,2023-11-17,50000,103.3591,13,2018,충무공동 296
프리미어웰가,2023-11-17,17800,59.9964,21,2021,가좌동 1945
진주포레스트부영,2023-11-16,17060,59.9925,10,2020,충무공동 145
한림풀에버,2023-11-16,30000,67.3717,10,2015,충무공동 77
혁신도시엘에이치아파트8단지,2023-11-16,25000,59.97,2,2015,충무공동 300
진주혁신도시라온프라이빗아파트,2023-11-11,38000,84.8922,14,2017,충무공동 195
금산흥한골든빌,2023-11-11,13000,84.88,10,2002,금산면 장사리 1000
진주혁신도시중흥에스-클래스센트럴시티2단지,2023-11-11,41000,84.9815,19,2020,충무공동 293
프리미어웰가,2023-11-16,17800,59.9964,13,2021,가좌동 1945
혁신도시엘에이치아파트9단지,2023-11-10,27000,59.97,18,2017,충무공동 302
상대주공,2023-11-14,3000,42.12,2,1980,하대동 72
진주평거우방아이유쉘스카이팰리스,2023-11-11,33000,84.2136,5,2019,평거동 1137
진주정촌대경파미르,2023-11-15,25000,84.9426,12,2019,정촌면 예하리 1286
혁신도시엘에이치아파트9단지,2023-11-07,27000,59.97,6,2017,충무공동 302
진주혁신도시센텀리버파크,2023-11-07,32000,84.83,6,2013,충무공동 191
진주혁신코오롱하늘채,2023-11-06,31000,84.95,16,2014,충무공동 230
진주혁신도시센텀리버파크,2023-11-15,28000,84.95,4,2013,충무공동 191
프리미어웰가,2023-11-15,17800,59.9964,13,2021,가좌동 1945
혁신도시엘에이치아파트8단지,2023-11-10,26000,59.97,13,2015,충무공동 300
건영아모리움,2023-11-14,27000,77.3871,15,2017,평거동 141
혁신도시엘에이치아파트8단지,2023-11-13,25000,59.97,11,2015,충무공동 300
진주혁신도시센텀리버파크,2023-11-14,33000,84.88,10,2013,충무공동 191
힐스테이트초전,2023-11-09,35000,84.9196,20,2019,초전동 1665
센트렐웰가,2023-11-14,28000,75.3872,33,2018,가좌동 1981
진주강남동일동미라주,2023-11-14,37000,109.9586,25,2021,강남동 387
가좌주공1차,2023-11-14,12500,49.94,2,1993,가좌동 660
힐스테이트초전,2023-11-06,30000,84.9196,19,2019,초전동 1665
이지더원,2023-11-01,35000,84.9614,6,2018,초전동 1673
진주혁신코오롱하늘채,2023-11-03,25350,84.95,8,2014,충무공동 230
신안주공2,2023-11-10,16000,59.8,12,1996,신안동 707-1
이현하이클래스웰가,2023-11-11,22000,75.07,8,2008,이현동 1180
진주혁신도시센텀리버파크,2023-11-10,33000,84.95,9,2013,충무공동 191
진주포레스트부영,2023-11-13,17060,59.9925,5,2020,충무공동 145
한주럭키타운,2023-11-13,20000,84.81,4,1990,주약동 156
진주혁신도시센텀리버파크,2023-11-10,32000,84.95,4,2013,충무공동 191
진주혁신코오롱하늘채,2023-11-06,31000,84.95,14,2014,충무공동 230
진주혁신코오롱하늘채,2023-11-09,31000,84.95,12,2014,충무공동 230
진주혁신코오롱하늘채,2023-11-07,29700,75.84,4,2014,충무공동 230
혁신도시엘에이치아파트8단지,2023-11-11,27000,59.96,18,2015,충무공동 300
진주혁신코오롱하늘채,2023-11-13,27500,84.95,3,2014,충무공동 230
더퀸즈웰가,2023-11-11,27000,58.7908,12,2015,평거동 1130
진주혁신도시중흥에스-클래스센트럴시티4단지,2023-11-01,47000,99.8146,26,2020,충무공동 295
혁신도시엘에이치아파트8단지,2023-11-04,27000,59.97,5,2015,충무공동 300
진주포레스트부영,2023-11-06,17060,59.9925,3,2020,충무공동 145
들말흥한타운,2023-11-09,25000,84.89,8,1998,평거동 191-1
진주포레스트부영,2023-11-10,17060,59.9885,10,2020,충무공동 145
가좌주공2차,2023-11-09,11500,44.94,6,1993,가좌동 660
신안주공2,2023-11-09,9500,39.99,11,1996,신안동 707-1
진주정촌대경파미르,2023-11-09,25000,66.1957,19,2019,정촌면 예하리 1286
혁신도시엘에이치아파트9단지,2023-11-07,27000,59.97,12,2017,충무공동 302
한보타운,2023-11-06,13000,84.6,2,1993,평거동 737
진주포레스트부영,2023-11-08,17060,59.9925,2,2020,충무공동 145
태완노블리안,2023-11-08,6000,59.8241,1,2007,일반성면 창촌리 176
스카이시티프라디움,2023-11-07,34000,84.9898,31,2019,가좌동 1958
혁신도시엘에이치5단지,2023-11-07,29000,75.84,19,2014,충무공동 234
가좌주공1차,2023-11-07,9900,38.64,9,1993,가좌동 660
더퀸즈웰가,2023-11-07,37800,84.9163,24,2015,평거동 1130
평거휴먼시아4단지,2023-11-06,30000,84.98,4,2011,평거동 797
진주정촌대경파미르,2023-11-06,27500,84.9625,10,2019,정촌면 예하리 1286
혁신도시엘에이치아파트9단지,2023-11-07,27000,59.97,6,2017,충무공동 302
진주포레스트부영,2023-11-03,17060,59.9925,2,2020,충무공동 145
스카이시티프라디움,2023-11-06,35000,84.991,5,2019,가좌동 1958
가좌주공1차,2023-11-06,11500,44.94,11,1993,가좌동 660
한보은빛마을,2023-11-04,21000,84.86,14,2002,주약동 360-2
이지더원,2023-11-06,42000,113.588,5,2018,초전동 1673
한림풀에버,2023-11-04,35000,84.9644,10,2015,충무공동 77
신안주공3,2023-11-04,12500,49.96,6,1997,신안동 705-1
초전해모로루비채2단지,2023-11-04,29000,84.9671,12,2014,초전동 1667
신안주공2,2023-11-03,16000,59.8,5,1996,신안동 707-1
신안주공2,2023-11-03,16200,59.8,7,1996,신안동 707-1
초전해모로루비채2단지,2023-11-03,30000,84.9908,16,2014,초전동 1667
진주포레스트부영,2023-11-03,17060,59.9885,6,2020,충무공동 145
진주포레스트부영,2023-11-02,17060,59.9925,8,2020,충무공동 145
금산흥한골든빌,2023-11-01,10000,58.12,7,2002,금산면 장사리 1000
프리미어웰가,2023-11-24,17800,59.9964,17,2021,가좌동 1945
진주강남동일동미라주,2023-11-07,31000,84.9831,5,2021,강남동 387
프리미어웰가,2023-11-20,17800,59.9527,17,2021,가좌동 1945
건영아모리움,2023-11-14,27000,77.3871,15,2017,평거동 141
진주정촌대경파미르,2023-11-04,28000,84.9625,7,2019,정촌면 예하리 1286
신안주공2,2023-12-11,9500,39.99,15,1996,신안동 707-1
더퀸즈웰가,2023-12-04,35000,84.7157,16,2015,평거동 1130
하대주공,2023-12-13,5000,36.2,4,1982,하대동 73-1
프리미어웰가,2023-12-05,17000,59.9527,6,2021,가좌동 1945
이지더원,2023-12-30,36000,84.9614,5,2018,초전동 1673
진주혁신도시중흥에스-클래스센트럴시티3단지,2023-12-22,38000,84.9815,4,2020,충무공동 298
프리미어웰가,2023-12-04,17800,59.9964,22,2021,가좌동 1945
대동디지털황토,2023-12-09,22000,84.6814,10,2003,호탄동 579-1
촉석맨션,2023-12-04,9000,82.08,2,1980,상평동 219-91
진주초장엠코타운더이스턴파크,2023-12-02,28000,73.556,13,2014,초전동 1669
프리미어웰가,2023-12-11,17800,59.9964,27,2021,가좌동 1945
프리미어웰가,2023-12-08,17800,59.9964,15,2021,가좌동 1945
프리미어웰가,2023-12-08,17800,59.9527,9,2021,가좌동 1945
프리미어웰가,2023-12-06,17800,59.9964,16,2021,가좌동 1945
프리미어웰가,2023-12-05,17800,59.9964,2,2021,가좌동 1945
프리미어웰가,2023-12-04,17800,59.9527,13,2021,가좌동 1945
대동디지털황토,2023-12-09,22000,84.6814,10,2003,호탄동 579-1
진주정촌올리움,2023-12-20,1960,44.5059,10,2020,정촌면 예하리 1295
프리미어웰가,2023-12-14,17800,59.9964,3,2021,가좌동 1945
프리미어웰가,2023-12-12,17800,59.9964,2,2021,가좌동 1945
프리미어웰가,2023-12-15,17800,59.9964,23,2021,가좌동 1945
프리미어웰가,2023-12-15,17800,59.9964,18,2021,가좌동 1945
프리미어웰가,2023-12-12,17800,59.9527,27,2021,가좌동 1945
프리미어웰가,2023-12-05,17800,59.9964,2,2021,가좌동 1945
프리미어웰가,2023-12-14,17800,59.9527,4,2021,가좌동 1945
프리미어웰가,2023-12-15,17800,59.9964,9,2021,가좌동 1945
프리미어웰가,2023-12-13,17800,59.9527,9,2021,가좌동 1945
프리미어웰가,2023-12-05,17800,59.9964,8,2021,가좌동 1945
프리미어웰가,2023-12-05,17800,59.9527,17,2021,가좌동 1945
프리미어웰가,2023-12-04,17800,59.9964,22,2021,가좌동 1945
프리미어웰가,2023-12-11,17800,59.9527,2,2021,가좌동 1945
프리미어웰가,2023-12-13,17800,59.9964,22,2021,가좌동 1945
프리미어웰가,2023-12-15,17800,59.9527,7,2021,가좌동 1945
프리미어웰가,2023-12-11,17800,59.9527,22,2021,가좌동 1945
프리미어웰가,2023-12-12,17800,59.9964,18,2021,가좌동 1945
프리미어웰가,2023-12-11,17800,59.9964,24,2021,가좌동 1945
프리미어웰가,2023-12-08,17800,59.9964,27,2021,가좌동 1945
프리미어웰가,2023-12-12,17800,59.9964,6,2021,가좌동 1945
프리미어웰가,2023-12-13,17800,59.9527,13,2021,가좌동 1945
프리미어웰가,2023-12-15,17800,59.9527,7,2021,가좌동 1945
프리미어웰가,2023-12-12,17800,59.9527,8,2021,가좌동 1945
프리미어웰가,2023-12-06,17800,59.9964,20,2021,가좌동 1945
프리미어웰가,2023-12-15,17800,59.9527,6,2021,가좌동 1945
프리미어웰가,2023-12-12,17800,59.9964,6,2021,가좌동 1945
프리미어웰가,2023-12-13,17800,59.9527,16,2021,가좌동 1945
프리미어웰가,2023-12-13,17800,59.9527,26,2021,가좌동 1945
프리미어웰가,2023-12-15,17800,59.9964,8,2021,가좌동 1945
프리미어웰가,2023-12-12,17800,59.9527,20,2021,가좌동 1945
프리미어웰가,2023-12-14,17800,59.9964,18,2021,가좌동 1945
프리미어웰가,2023-12-06,17800,59.9527,21,2021,가좌동 1945
프리미어웰가,2023-12-14,17800,59.9964,6,2021,가좌동 1945
프리미어웰가,2023-12-05,17800,59.9527,9,2021,가좌동 1945
진주초장엠코타운더이스턴파크,2023-12-05,30000,73.3447,15,2014,초전동 1669
프리미어웰가,2023-12-14,17800,59.9964,5,2021,가좌동 1945
프리미어웰가,2023-12-13,17800,59.9964,27,2021,가좌동 1945
프리미어웰가,2023-12-13,17800,59.9527,12,2021,가좌동 1945
프리미어웰가,2023-12-14,17800,59.9527,2,2021,가좌동 1945
프리미어웰가,2023-12-13,17800,59.9527,13,2021,가좌동 1945
더퀸즈웰가,2023-12-08,32000,84.7157,22,2015,평거동 1130
프리미어웰가,2023-12-11,17800,59.9964,21,2021,가좌동 1945
프리미어웰가,2023-12-15,17800,59.9527,3,2021,가좌동 1945
프리미어웰가,2023-12-13,17800,59.9964,17,2021,가좌동 1945
프리미어웰가,2023-12-12,17800,59.9964,22,2021,가좌동 1945
프리미어웰가,2023-12-14,17800,59.9527,11,2021,가좌동 1945
프리미어웰가,2023-12-15,17800,59.9964,13,2021,가좌동 1945
대림맨션,2023-12-01,5500,63.75,5,1987,인사동 167-1
더퀸즈웰가,2023-12-22,44000,100.8805,2,2015,평거동 1130
프리미어웰가,2023-12-11,17800,59.9964,19,2021,가좌동 1945
프리미어웰가,2023-12-11,17800,59.9527,21,2021,가좌동 1945
프리미어웰가,2023-12-15,17800,59.9964,19,2021,가좌동 1945
프리미어웰가,2023-12-13,17800,59.9527,6,2021,가좌동 1945
프리미어웰가,2023-12-11,17800,59.9527,4,2021,가좌동 1945
프리미어웰가,2023-12-13,17800,59.9964,1,2021,가좌동 1945
프리미어웰가,2023-12-14,17800,59.9527,3,2021,가좌동 1945
프리미어웰가,2023-12-11,17800,59.9527,1,2021,가좌동 1945
상대한보타운,2023-12-16,11000,59.88,8,2002,상대동 304-4
한보(하대3차),2023-12-22,8500,58.5,20,1993,하대동 75-17
프리미어웰가,2023-12-14,17800,59.9964,3,2021,가좌동 1945
신안주공1,2023-12-12,22000,84.98,2,1998,신안동 708-1
진주혁신도시라온프라이빗아파트,2023-12-18,35000,84.8922,2,2017,충무공동 195
프리미어웰가,2023-12-11,17800,59.9527,8,2021,가좌동 1945
프리미어웰가,2023-12-11,17800,59.9527,27,2021,가좌동 1945
가호에일린의뜰,2023-12-07,33200,84.9982,4,2012,가좌동 1936
프리미어웰가,2023-12-15,17800,59.9527,20,2021,가좌동 1945
신안주공3,2023-12-09,15000,59.8,12,1997,신안동 705-1
프리미어웰가,2023-12-12,17800,59.9964,14,2021,가좌동 1945
프리미어웰가,2023-12-11,17800,59.9527,1,2021,가좌동 1945
주공그린빌,2023-12-17,18000,59.27,11,2005,가좌동 573-1
프리미어웰가,2023-12-12,17800,59.9527,23,2021,가좌동 1945
프리미어웰가,2023-12-11,17800,59.9964,19,2021,가좌동 1945
한림풀에버,2023-12-29,35000,84.9088,17,2015,충무공동 77
상봉1,2023-12-04,3500,40.44,5,1976,상봉동 800-1
진주정촌대경파미르,2023-12-22,25000,76.253,18,2019,정촌면 예하리 1286
진주혁신도시중흥에스-클래스더프라임,2023-12-13,40000,84.9912,14,2019,충무공동 90
프리미어웰가,2023-12-06,17800,59.9527,24,2021,가좌동 1945
주공그린빌,2023-12-07,14000,51.74,1,2005,가좌동 573-1
혁신도시엘에이치아파트8단지,2023-12-28,27000,59.97,13,2015,충무공동 300
엠코타운더프라하,2023-12-09,35000,84.9651,14,2014,평거동 1132
프리미어웰가,2023-12-13,17800,59.9527,15,2021,가좌동 1945
프리미어웰가,2023-12-13,17800,59.9527,4,2021,가좌동 1945
평거현대2,2023-12-16,11000,59.92,2,1994,신안동 454-2
프리미어웰가,2023-12-05,17800,59.9527,5,2021,가좌동 1945
한림풀에버,2023-12-23,34000,84.9088,14,2015,충무공동 77
프리미어웰가,2023-12-15,17800,59.9964,4,2021,가좌동 1945
더퀸즈웰가,2023-12-04,35000,84.7157,16,2015,평거동 1130
금산느티나무,2023-12-29,11000,59.42,11,2003,금산면 장사리 963-1
프리미어웰가,2023-12-12,17800,59.9964,6,2021,가좌동 1945
프리미어웰가,2023-12-04,17800,59.9527,5,2021,가좌동 1945
프리미어웰가,2023-12-15,17800,59.9527,13,2021,가좌동 1945
신안주공3,2023-12-07,15500,59.8,2,1997,신안동 705-1
엠코타운더프라하,2023-12-30,35000,84.933,20,2014,평거동 1132
프리미어웰가,2023-12-04,17800,59.9964,5,2021,가좌동 1945
프리미어웰가,2023-12-15,17800,59.9964,12,2021,가좌동 1945
프리미어웰가,2023-12-15,17800,59.9964,3,2021,가좌동 1945
한주럭키타운,2023-12-19,20000,84.56,7,1990,주약동 156
진주평거엘크루,2023-12-28,37000,84.9195,2,2016,평거동 919
프리미어웰가,2023-12-11,17800,59.9964,20,2021,가좌동 1945
프리미어웰가,2023-12-13,17800,59.9964,12,2021,가좌동 1945
프리미어웰가,2023-12-14,17800,59.9527,12,2021,가좌동 1945
진주혁신도시센텀리버파크,2023-12-26,33000,84.95,16,2013,충무공동 191
프리미어웰가,2023-12-15,17800,59.9527,5,2021,가좌동 1945
프리미어웰가,2023-12-15,17800,59.9964,6,2021,가좌동 1945
프리미어웰가,2023-12-12,17800,59.9964,11,2021,가좌동 1945
가좌주공1차,2023-12-18,10500,38.64,3,1993,가좌동 660
진주강남동일동미라주,2023-12-02,34000,109.9586,10,2021,강남동 387
프리미어웰가,2023-12-15,17800,59.9964,14,2021,가좌동 1945
신안주공2,2023-12-20,15500,59.8,4,1996,신안동 707-1
프리미어웰가,2023-12-04,17800,59.9964,7,2021,가좌동 1945
일진스위트포레강남,2023-12-13,3000,76.8669,20,2021,강남동 141-1
진주혁신도시대방노블랜드더캐슬아파트,2023-12-19,52000,103.9623,18,2018,충무공동 296
진주혁신코오롱하늘채,2023-12-26,32000,84.95,20,2014,충무공동 230
가좌주공1차,2023-12-14,13000,49.94,14,1993,가좌동 660
진주혁신코오롱하늘채,2023-12-28,33000,84.95,4,2014,충무공동 230
진주혁신도시센텀리버파크,2023-12-28,32000,84.95,17,2013,충무공동 191
진주혁신코오롱하늘채,2023-12-20,32000,84.95,12,2014,충무공동 230
평거현대1,2023-12-19,12700,59.4,10,1993,신안동 454-3
평거주공1차,2023-12-01,9000,39.69,4,1988,평거동 326
한림풀에버,2023-12-26,30000,84.9644,5,2015,충무공동 77
프리미어웰가,2023-12-11,17800,59.9527,17,2021,가좌동 1945
혁신도시엘에이치아파트8단지,2023-12-29,26000,59.97,5,2015,충무공동 300
엠코타운더프라하,2023-12-30,35000,84.933,20,2014,평거동 1132
진주혁신코오롱하늘채,2023-12-12,32000,84.95,7,2014,충무공동 230
혁신도시엘에이치아파트8단지,2023-12-26,25000,59.97,14,2015,충무공동 300
이지더원,2023-12-26,42000,113.588,2,2018,초전동 1673
혁신도시엘에이치아파트9단지,2023-12-16,27900,59.97,19,2017,충무공동 302
프리미어웰가,2023-12-11,17800,59.9964,4,2021,가좌동 1945
프리미어웰가,2023-12-15,17800,59.9964,7,2021,가좌동 1945
진주혁신코오롱하늘채,2023-12-28,33000,84.95,15,2014,충무공동 230
진주혁신코오롱하늘채,2023-12-26,30000,75.84,11,2014,충무공동 230
진주혁신코오롱하늘채,2023-12-28,25350,75.84,5,2014,충무공동 230
엠코타운더프라하,2023-12-30,35000,84.933,20,2014,평거동 1132
두산위브,2023-12-22,19000,84.994,12,2009,금산면 장사리 705
주공그린빌,2023-12-09,14400,51.74,10,2005,가좌동 573-1
한림풀에버,2023-12-27,35000,84.9644,4,2015,충무공동 77
진주혁신코오롱하늘채,2023-12-28,33000,84.95,9,2014,충무공동 230
프리미어웰가,2023-12-15,17800,59.9527,19,2021,가좌동 1945
혁신도시엘에이치아파트8단지,2023-12-23,27000,59.97,19,2015,충무공동 300
프리미어웰가,2023-12-15,17800,59.9964,16,2021,가좌동 1945
프리미어웰가,2023-12-18,17800,59.9527,25,2021,가좌동 1945
대동디지털황토,2023-12-29,16800,59.9762,1,2003,호탄동 579-1
진주혁신코오롱하늘채,2023-12-29,32000,84.95,7,2014,충무공동 230
프리미어웰가,2023-12-29,17800,59.9527,1,2021,가좌동 1945
진주혁신코오롱하늘채,2023-12-29,32000,84.95,5,2014,충무공동 230
프리미어웰가,2023-12-13,17800,59.9964,10,2021,가좌동 1945
이지더원,2023-12-20,38000,84.9614,13,2018,초전동 1673
힐스테이트초전,2023-12-28,33000,84.9351,26,2019,초전동 1665
엠코타운더프라하,2023-12-30,35000,84.933,20,2014,평거동 1132
진주혁신도시라온프라이빗아파트,2023-12-30,26250,84.8922,8,2017,충무공동 195
진주우방아이유쉘,2023-12-20,25000,84.9758,5,2017,정촌면 예하리 1296
신안주공3,2023-12-17,14800,59.8,9,1997,신안동 705-1
진주평거우방아이유쉘스카이팰리스,2023-12-02,34000,84.8954,19,2019,평거동 1137
혁신도시엘에이치아파트8단지,2023-12-26,27000,59.96,6,2015,충무공동 300
프리미어웰가,2023-12-12,17800,59.9527,1,2021,가좌동 1945
진주혁신도시중흥에스-클래스더퍼스트,2023-12-26,53000,99.864,7,2020,충무공동 275
프리미어웰가,2023-12-05,17800,59.9964,25,2021,가좌동 1945
혁신도시엘에이치아파트8단지,2023-12-15,26800,59.97,7,2015,충무공동 300
프리미어웰가,2023-12-14,17800,59.9527,5,2021,가좌동 1945
프리미어웰가,2023-12-13,17800,59.9527,26,2021,가좌동 1945
한주럭키타운,2023-12-19,20000,84.56,7,1990,주약동 156
프리미어웰가,2023-12-12,17800,59.9964,10,2021,가좌동 1945
프리미어웰가,2023-12-11,17800,59.9527,14,2021,가좌동 1945
프리미어웰가,2023-12-11,17800,59.9964,15,2021,가좌동 1945
진주우방아이유쉘,2023-12-14,24000,84.9758,11,2017,정촌면 예하리 1296
프리미어웰가,2023-12-15,17800,59.9964,24,2021,가좌동 1945
프리미어웰가,2023-12-12,17800,59.9527,16,2021,가좌동 1945
프리미어웰가,2023-12-12,17800,59.9964,21,2021,가좌동 1945
센트렐웰가,2023-12-31,30000,84.8133,31,2018,가좌동 1981
프리미어웰가,2023-12-12,17800,59.9527,3,2021,가좌동 1945
진주혁신코오롱하늘채,2023-12-28,33000,84.95,11,2014,충무공동 230
가좌주공2차,2023-12-13,11500,44.94,2,1993,가좌동 660
현대성우트리팰리스,2023-12-20,22000,106.07,2,2006,주약동 156-1
포레나신진주,2023-12-27,34000,84.9543,8,2019,가좌동 2056
신안주공2,2023-12-05,13150,49.97,2,1996,신안동 707-1
프리미어웰가,2023-12-11,17800,59.9527,3,2021,가좌동 1945
프리미어웰가,2023-12-11,17800,59.9964,5,2021,가좌동 1945
프리미어웰가,2023-12-11,17800,59.9527,20,2021,가좌동 1945
주공그린빌,2023-12-30,16000,51.74,4,2005,가좌동 573-1
프리미어웰가,2023-12-26,17800,59.9527,10,2021,가좌동 1945
현대,2023-12-15,18000,59.92,5,2000,주약동 360
프리미어웰가,2023-12-08,17800,59.9964,11,2021,가좌동 1945
진주혁신도시라온프라이빗아파트,2023-12-18,35000,84.8922,19,2017,충무공동 195
프리미어웰가,2023-12-15,17800,59.9527,11,2021,가좌동 1945
금산느티나무,2023-12-20,14700,84.74,18,2003,금산면 장사리 963-1
프리미어웰가,2023-12-07,17800,59.9964,16,2021,가좌동 1945
프리미어웰가,2023-12-12,17800,59.9527,23,2021,가좌동 1945
주공그린빌,2023-12-05,14000,51.74,10,2005,가좌동 573-1
프리미어웰가,2023-12-14,17800,59.9964,16,2021,가좌동 1945
상봉1,2023-12-21,4000,40.96,3,1976,상봉동 800-1
프리미어웰가,2023-12-14,17800,59.9964,23,2021,가좌동 1945
한림풀에버,2023-12-23,33000,84.9088,6,2015,충무공동 77
진주혁신도시중흥에스-클래스더프라임,2023-12-30,42000,84.9912,2,2019,충무공동 90
신안주공2,2023-12-01,12300,49.97,2,1996,신안동 707-1
프리미어웰가,2023-12-13,17800,59.9527,2,2021,가좌동 1945
금산흥한골든빌,2023-12-31,8500,73.61,15,2002,금산면 장사리 1000
프리미어웰가,2023-12-08,17800,59.9964,21,2021,가좌동 1945
주공그린빌,2023-12-27,14400,51.74,5,2005,가좌동 573-1
이지더원,2023-12-30,36000,84.9614,5,2018,초전동 1673
프리미어웰가,2023-12-11,17800,59.9964,25,2021,가좌동 1945
주공그린빌,2023-12-31,17100,59.27,13,2005,가좌동 573-1
프리미어웰가,2023-12-18,17800,59.9964,17,2021,가좌동 1945
프리미어웰가,2023-12-06,17800,59.9964,9,2021,가좌동 1945
프리미어웰가,2023-12-12,17800,59.9527,6,2021,가좌동 1945
프리미어웰가,2023-12-12,17800,59.9964,21,2021,가좌동 1945
동성가든타워,2023-12-23,9800,59.4,18,1994,강남동 219
프리미어웰가,2023-12-11,17800,59.9964,7,2021,가좌동 1945
프리미어웰가,2023-12-13,17800,59.9527,9,2021,가좌동 1945
한림풀에버,2023-12-18,36000,84.9088,16,2015,충무공동 77
평거주공1차,2023-12-30,9000,39.3,2,1988,평거동 326
가좌주공2차,2023-12-19,9500,38.64,9,1993,가좌동 660
한림풀에버,2023-12-28,34500,84.9088,20,2015,충무공동 77
평거휴먼시아3단지,2023-12-28,35000,84.95,11,2011,평거동 897
프리미어웰가,2023-12-14,17800,59.9527,19,2021,가좌동 1945
혁신도시엘에이치아파트8단지,2023-12-30,26500,59.98,20,2015,충무공동 300
한림풀에버,2023-12-23,34000,84.9088,12,2015,충무공동 77
상봉2,2023-12-30,6500,53.85,5,1986,상봉동 1446
프리미어웰가,2023-12-12,17800,59.9527,27,2021,가좌동 1945
신안주공2,2023-12-29,13700,49.97,6,1996,신안동 707-1
프리미어웰가,2023-12-08,17800,59.9964,25,2021,가좌동 1945
현대,2023-12-29,15500,84.55,11,1989,신안동 20
더퀸즈웰가,2023-12-06,28000,58.7908,29,2015,평거동 1130
스카이시티프라디움,2023-12-27,34100,84.9898,3,2019,가좌동 1958
프리미어웰가,2023-12-04,17800,59.9527,11,2021,가좌동 1945
들말한보타운,2023-12-08,17000,59.8,15,1997,평거동 192-1
스카이시티프라디움,2023-12-29,35000,84.991,34,2019,가좌동 1958
혁신도시엘에이치아파트8단지,2023-12-27,25000,59.96,2,2015,충무공동 300
프리미어웰가,2023-12-14,17800,59.9527,12,2021,가좌동 1945
프리미어웰가,2023-12-07,17800,59.9527,15,2021,가좌동 1945
가좌주공1차,2023-12-28,11000,41.3,6,1993,가좌동 660
엠코타운더프라하,2023-12-25,45000,100.8222,29,2014,평거동 1132
센트렐웰가,2023-12-27,37000,84.9222,23,2018,가좌동 1981
프리미어웰가,2023-12-15,17800,59.9527,3,2021,가좌동 1945
주공그린빌,2023-12-22,17000,59.27,2,2005,가좌동 573-1
신안주공2,2023-12-01,12500,49.97,2,1996,신안동 707-1
금산흥한골든빌,2023-12-08,12000,58.12,1,2002,금산면 장사리 1000
힐스테이트초전,2023-12-26,34000,84.9196,21,2019,초전동 1665
진주혁신도시중흥에스-클래스더퍼스트,2023-12-26,55000,99.864,20,2020,충무공동 275
가좌주공1차,2023-12-19,11500,41.3,10,1993,가좌동 660
일진스위트포레강남,2023-12-26,28000,78.0238,6,2021,강남동 141-1
프리미어웰가,2023-12-13,17800,59.9527,7,2021,가좌동 1945
진주푸르지오1단지,2023-12-27,20000,84.9726,15,2007,금산면 장사리 962-1
프리미어웰가,2023-12-04,17800,59.9527,10,2021,가좌동 1945
프리미어웰가,2023-12-05,17800,59.9527,13,2021,가좌동 1945
프리미어웰가,2023-12-14,17800,59.9964,26,2021,가좌동 1945
프리미어웰가,2023-12-12,17800,59.9964,21,2021,가좌동 1945
프리미어웰가,2023-12-11,17800,59.9964,15,2021,가좌동 1945
대림,2023-12-26,15000,110.56,3,1995,초전동 702-22
더퀸즈웰가,2023-12-22,28000,58.7908,16,2015,평거동 1130
프리미어웰가,2023-12-11,17800,59.9527,7,2021,가좌동 1945
상대주공,2023-12-23,2500,41.52,2,1980,하대동 72
프리미어웰가,2023-12-12,17800,59.9964,9,2021,가좌동 1945
현대,2023-12-13,18000,59.92,3,2000,주약동 360
진주우방아이유쉘,2023-12-25,25000,84.9756,10,2017,정촌면 예하리 1296
프리미어웰가,2023-12-15,17800,59.9964,21,2021,가좌동 1945
진주혁신코오롱하늘채,2023-12-21,33000,84.95,16,2014,충무공동 230
진주혁신도시센텀리버파크,2023-12-20,32000,84.95,11,2013,충무공동 191
진주혁신도시센텀리버파크,2023-12-08,32000,84.95,18,2013,충무공동 191
진주혁신도시센텀리버파크,2023-12-15,30000,75.76,2,2013,충무공동 191
진주혁신코오롱하늘채,2023-12-15,33000,84.95,7,2014,충무공동 230
진주혁신도시센텀리버파크,2023-12-15,33000,84.95,18,2013,충무공동 191
진주혁신도시센텀리버파크,2023-12-15,32000,84.95,17,2013,충무공동 191
진주혁신도시센텀리버파크,2023-12-15,33000,84.88,4,2013,충무공동 191
혁신도시엘에이치아파트8단지,2023-12-15,25500,59.97,15,2015,충무공동 300
진주혁신도시센텀리버파크,2023-12-08,23500,84.95,16,2013,충무공동 191
프리미어웰가,2023-12-15,17800,59.9964,22,2021,가좌동 1945
프리미어웰가,2023-12-11,17800,59.9964,16,2021,가좌동 1945
프리미어웰가,2023-12-15,17800,59.9964,26,2021,가좌동 1945
프리미어웰가,2023-12-14,17800,59.9964,1,2021,가좌동 1945
프리미어웰가,2023-12-11,17800,59.9964,18,2021,가좌동 1945
주공그린빌,2023-12-22,17000,59.27,2,2005,가좌동 573-1
평거휴먼시아3단지,2023-12-23,33000,84.95,9,2011,평거동 897
진주혁신도시중흥에스-클래스센트럴시티2단지,2023-12-21,56010,117.7407,6,2020,충무공동 293
더퀸즈웰가,2023-12-22,33000,75.4984,23,2015,평거동 1130
더퀸즈웰가,2023-12-16,26675,66.3912,7,2015,평거동 1130
평거휴먼시아4단지,2023-12-01,25000,59.98,6,2011,평거동 797
혁신도시엘에이치아파트3단지,2023-12-11,2473,26.27,7,2018,충무공동 219
엠코타운더프라하,2023-12-01,35000,84.933,24,2014,평거동 1132
진주평거엘크루,2023-12-11,37000,84.9195,5,2016,평거동 919
가좌주공1차,2023-12-20,13000,49.94,5,1993,가좌동 660
프리미어웰가,2023-12-11,17800,59.9964,5,2021,가좌동 1945
초전해모로루비채2단지,2023-12-22,31500,84.9671,4,2014,초전동 1667
진주혁신도시중흥에스-클래스더프라임,2023-12-13,40000,84.9912,14,2019,충무공동 90
진주혁신코오롱하늘채,2023-12-19,27500,84.95,15,2014,충무공동 230
프리미어웰가,2023-12-11,17800,59.9964,3,2021,가좌동 1945
한보(하대3차),2023-12-22,8500,58.5,20,1993,하대동 75-17
프리미어웰가,2023-12-04,17800,59.9964,22,2021,가좌동 1945
프리미어웰가,2023-12-12,17800,59.9964,5,2021,가좌동 1945
진주혁신도시중흥에스-클래스센트럴시티2단지,2023-12-21,56010,117.7407,6,2020,충무공동 293
진주정촌대경파미르,2023-12-20,26000,84.9625,14,2019,정촌면 예하리 1286
주공그린빌,2023-12-17,16200,59.27,17,2005,가좌동 573-1
경남빌라다동(240-0),2023-12-17,6000,77.92,2,1991,이현동 240
프리미어웰가,2023-12-15,17800,59.9527,26,2021,가좌동 1945
프리미어웰가,2023-12-14,17800,59.9527,12,2021,가좌동 1945
한림풀에버,2023-12-20,35000,84.9088,2,2015,충무공동 77
한보하이타운,2023-12-18,9000,55.01,19,1995,평거동 301-1
주공그린빌,2023-12-19,16000,51.74,10,2005,가좌동 573-1
진주평거우방아이유쉘스카이팰리스,2023-12-16,39000,84.0198,30,2019,평거동 1137
프리미어웰가,2023-12-12,17800,59.9964,8,2021,가좌동 1945
센트렐웰가,2023-12-09,34000,75.3872,31,2018,가좌동 1981
신안주공3,2023-12-17,14800,59.8,9,1997,신안동 705-1
프리미어웰가,2023-12-18,17800,59.9964,24,2021,가좌동 1945
프리미어웰가,2023-12-11,17800,59.9964,8,2021,가좌동 1945
프리미어웰가,2023-12-18,17800,59.9964,17,2021,가좌동 1945
힐스테이트초전,2023-12-16,34000,84.9196,12,2019,초전동 1665
신안주공3,2023-12-17,15000,59.8,3,1997,신안동 705-1
프리미어웰가,2023-12-01,17800,59.9964,3,2021,가좌동 1945
신안주공3,2023-12-17,14800,59.8,10,1997,신안동 705-1
혁신도시엘에이치아파트9단지,2023-12-10,25000,59.97,10,2017,충무공동 302
프리미어웰가,2023-12-13,17800,59.9527,5,2021,가좌동 1945
평거휴먼시아3단지,2023-12-16,33000,84.97,7,2011,평거동 897
들말한보타운,2023-12-16,17000,59.8,12,1997,평거동 192-1
더퀸즈웰가,2023-12-14,32000,65.6733,27,2015,평거동 1130
진주혁신도시센텀리버파크,2023-12-16,32000,84.95,1,2013,충무공동 191
프리미어웰가,2023-12-11,17800,59.9964,12,2021,가좌동 1945
진주혁신도시센텀리버파크,2023-12-14,30000,75.76,16,2013,충무공동 191
진주혁신도시센텀리버파크,2023-12-14,19425,84.95,5,2013,충무공동 191
한림풀에버,2023-12-14,33000,84.9088,4,2015,충무공동 77
센트렐웰가,2023-12-12,15000,84.9222,18,2018,가좌동 1981
가좌주공1차,2023-12-10,10000,38.64,1,1993,가좌동 660
프리미어웰가,2023-12-15,17800,59.9527,16,2021,가좌동 1945
프리미어웰가,2023-12-15,17800,59.9964,8,2021,가좌동 1945
프리미어웰가,2023-12-13,17800,59.9964,5,2021,가좌동 1945
일진스위트포레강남,2023-12-13,22500,58.9514,7,2021,강남동 141-1
프리미어웰가,2023-12-13,17800,59.9527,12,2021,가좌동 1945
프리미어웰가,2023-12-15,17800,59.9964,13,2021,가좌동 1945
프리미어웰가,2023-12-15,17800,59.9964,4,2021,가좌동 1945
프리미어웰가,2023-12-14,17800,59.9527,5,2021,가좌동 1945
하대주공,2023-12-15,7000,35.64,3,1982,하대동 73-1
하대주공,2023-12-15,7000,35.64,3,1982,하대동 73-1
프리미어웰가,2023-12-15,17800,59.9964,3,2021,가좌동 1945
프리미어웰가,2023-12-06,17800,59.9964,16,2021,가좌동 1945
프리미어웰가,2023-12-15,17800,59.9964,4,2021,가좌동 1945
프리미어웰가,2023-12-15,17800,59.9527,16,2021,가좌동 1945
진주우방아이유쉘,2023-12-08,26000,84.9756,3,2017,정촌면 예하리 1296
프리미어웰가,2023-12-15,17800,59.9964,10,2021,가좌동 1945
프리미어웰가,2023-12-15,17800,59.9527,18,2021,가좌동 1945
프리미어웰가,2023-12-15,17800,59.9527,14,2021,가좌동 1945
프리미어웰가,2023-12-15,17800,59.9964,10,2021,가좌동 1945
프리미어웰가,2023-12-15,17800,59.9964,20,2021,가좌동 1945
프리미어웰가,2023-12-15,17800,59.9964,11,2021,가좌동 1945
프리미어웰가,2023-12-15,17800,59.9964,2,2021,가좌동 1945
프리미어웰가,2023-12-15,17800,59.9964,23,2021,가좌동 1945
프리미어웰가,2023-12-15,17800,59.9527,19,2021,가좌동 1945
프리미어웰가,2023-12-15,17800,59.9964,24,2021,가좌동 1945
한보은빛마을,2023-12-01,25000,125.12,7,2002,주약동 360-2
프리미어웰가,2023-12-15,17800,59.9964,22,2021,가좌동 1945
프리미어웰가,2023-12-15,17800,59.9964,11,2021,가좌동 1945
프리미어웰가,2023-12-14,17800,59.9964,4,2021,가좌동 1945
프리미어웰가,2023-12-14,17800,59.9964,8,2021,가좌동 1945
프리미어웰가,2023-12-11,17800,59.9964,21,2021,가좌동 1945
스카이시티프라디움,2023-12-19,35000,84.9898,38,2019,가좌동 1958
한보하이타운,2023-12-18,10000,55.01,19,1995,평거동 301-1
프리미어웰가,2023-12-15,17800,59.9527,15,2021,가좌동 1945
진주혁신도시대방노블랜드더캐슬아파트,2023-12-01,44000,84.9474,16,2018,충무공동 296
진주혁신도시라온프라이빗아파트,2023-12-16,36000,84.9087,23,2017,충무공동 195
진주혁신도시라온프라이빗아파트,2023-12-08,36000,84.8827,18,2017,충무공동 195
프리미어웰가,2023-12-19,17800,59.9964,8,2021,가좌동 1945
프리미어웰가,2023-12-12,17800,59.9527,2,2021,가좌동 1945
프리미어웰가,2023-12-14,17800,59.9964,9,2021,가좌동 1945
진주혁신도시중흥에스-클래스센트럴시티2단지,2023-12-13,42000,84.9815,30,2020,충무공동 293
프리미어웰가,2023-12-14,17800,59.9964,2,2021,가좌동 1945
프리미어웰가,2023-12-13,17800,59.9527,3,2021,가좌동 1945
프리미어웰가,2023-12-14,17800,59.9964,12,2021,가좌동 1945
프리미어웰가,2023-12-14,17800,59.9527,23,2021,가좌동 1945
프리미어웰가,2023-12-14,17800,59.9964,24,2021,가좌동 1945
프리미어웰가,2023-12-14,17800,59.9964,19,2021,가좌동 1945
프리미어웰가,2023-12-14,17800,59.9964,11,2021,가좌동 1945
진주센트럴자이,2023-12-05,29000,84.5289,12,2013,상평동 1069
현대,2023-12-14,15000,84.93,8,1996,하대동 101
프리미어웰가,2023-12-11,17800,59.9964,6,2021,가좌동 1945
프리미어웰가,2023-12-14,17800,59.9964,8,2021,가좌동 1945
프리미어웰가,2023-12-14,17800,59.9527,5,2021,가좌동 1945
프리미어웰가,2023-12-12,17800,59.9964,19,2021,가좌동 1945
프리미어웰가,2023-12-11,17800,59.9964,6,2021,가좌동 1945
프리미어웰가,2023-12-11,17800,59.9964,3,2021,가좌동 1945
프리미어웰가,2023-12-11,17800,59.9527,1,2021,가좌동 1945
프리미어웰가,2023-12-14,17800,59.9527,21,2021,가좌동 1945
프리미어웰가,2023-12-14,17800,59.9527,15,2021,가좌동 1945
프리미어웰가,2023-12-14,17800,59.9527,8,2021,가좌동 1945
프리미어웰가,2023-12-12,17800,59.9527,19,2021,가좌동 1945
프리미어웰가,2023-12-12,17800,59.9527,9,2021,가좌동 1945
프리미어웰가,2023-12-14,17800,59.9964,8,2021,가좌동 1945
프리미어웰가,2023-12-13,17800,59.9964,11,2021,가좌동 1945
가좌주공2차,2023-12-06,14000,49.94,13,1993,가좌동 660
프리미어웰가,2023-12-13,17800,59.9527,14,2021,가좌동 1945
프리미어웰가,2023-12-14,17800,59.9964,9,2021,가좌동 1945
프리미어웰가,2023-12-14,17800,59.9964,11,2021,가좌동 1945
프리미어웰가,2023-12-12,17800,59.9964,16,2021,가좌동 1945
프리미어웰가,2023-12-13,17800,59.9527,10,2021,가좌동 1945
진주혁신코오롱하늘채,2023-12-08,32500,84.95,10,2014,충무공동 230
프리미어웰가,2023-12-13,17800,59.9964,21,2021,가좌동 1945
프리미어웰가,2023-12-13,17800,59.9964,21,2021,가좌동 1945
프리미어웰가,2023-12-13,17800,59.9527,6,2021,가좌동 1945
프리미어웰가,2023-12-13,17800,59.9527,23,2021,가좌동 1945
프리미어웰가,2023-12-13,17800,59.9964,10,2021,가좌동 1945
프리미어웰가,2023-12-13,17800,59.9964,26,2021,가좌동 1945
프리미어웰가,2023-12-13,17800,59.9964,3,2021,가좌동 1945
프리미어웰가,2023-12-13,17800,59.9964,28,2021,가좌동 1945
프리미어웰가,2023-12-13,17800,59.9527,11,2021,가좌동 1945
진주혁신도시중흥에스-클래스더퍼스트,2023-12-13,50000,99.864,2,2020,충무공동 275
프리미어웰가,2023-12-13,17800,59.9527,13,2021,가좌동 1945
프리미어웰가,2023-12-13,17800,59.9527,14,2021,가좌동 1945
프리미어웰가,2023-12-13,17800,59.9964,2,2021,가좌동 1945
프리미어웰가,2023-12-13,17800,59.9527,14,2021,가좌동 1945
평거휴먼시아4단지,2023-12-13,30000,84.99,4,2011,평거동 797
프리미어웰가,2023-12-13,17800,59.9964,15,2021,가좌동 1945
프리미어웰가,2023-12-13,17800,59.9527,11,2021,가좌동 1945
프리미어웰가,2023-12-13,17800,59.9527,9,2021,가좌동 1945
프리미어웰가,2023-12-13,17800,59.9964,19,2021,가좌동 1945
프리미어웰가,2023-12-13,17800,59.9527,19,2021,가좌동 1945
프리미어웰가,2023-12-13,17800,59.9964,20,2021,가좌동 1945
프리미어웰가,2023-12-13,17800,59.9527,15,2021,가좌동 1945
프리미어웰가,2023-12-11,17800,59.9527,5,2021,가좌동 1945
프리미어웰가,2023-12-13,17800,59.9964,12,2021,가좌동 1945
프리미어웰가,2023-12-13,17800,59.9527,20,2021,가좌동 1945
프리미어웰가,2023-12-13,17800,59.9964,24,2021,가좌동 1945
프리미어웰가,2023-12-12,17800,59.9964,4,2021,가좌동 1945
프리미어웰가,2023-12-13,17800,59.9964,14,2021,가좌동 1945
프리미어웰가,2023-12-13,17800,59.9964,23,2021,가좌동 1945
프리미어웰가,2023-12-13,17800,59.9527,22,2021,가좌동 1945
프리미어웰가,2023-12-13,17800,59.9527,4,2021,가좌동 1945
혁신도시엘에이치아파트9단지,2023-12-09,29000,59.97,22,2017,충무공동 302
프리미어웰가,2023-12-12,17800,59.9964,24,2021,가좌동 1945
프리미어웰가,2023-12-13,17800,59.9964,16,2021,가좌동 1945
프리미어웰가,2023-12-12,17800,59.9964,22,2021,가좌동 1945
진주정촌대경파미르,2023-12-13,26000,84.9625,11,2019,정촌면 예하리 1286
프리미어웰가,2023-12-12,17800,59.9527,6,2021,가좌동 1945
프리미어웰가,2023-12-13,17800,59.9964,17,2021,가좌동 1945
프리미어웰가,2023-12-13,17800,59.9527,15,2021,가좌동 1945
프리미어웰가,2023-12-12,17800,59.9527,9,2021,가좌동 1945
한림풀에버,2023-12-08,34650,84.9644,13,2015,충무공동 77
프리미어웰가,2023-12-05,17800,59.9964,23,2021,가좌동 1945
프리미어웰가,2023-12-12,17800,59.9527,7,2021,가좌동 1945
프리미어웰가,2023-12-11,17800,59.9964,7,2021,가좌동 1945
프리미어웰가,2023-12-12,17800,59.9527,7,2021,가좌동 1945
프리미어웰가,2023-12-04,17800,59.9527,8,2021,가좌동 1945
프리미어웰가,2023-12-12,17800,59.9527,23,2021,가좌동 1945
프리미어웰가,2023-12-12,17800,59.9964,17,2021,가좌동 1945
센트렐웰가,2023-12-11,35000,84.9222,33,2018,가좌동 1981
프리미어웰가,2023-12-08,17800,59.9964,13,2021,가좌동 1945
진주혁신도시센텀리버파크,2023-12-12,32000,84.95,20,2013,충무공동 191
진주혁신도시중흥에스-클래스센트럴시티4단지,2023-12-01,44000,99.8146,13,2020,충무공동 295
프리미어웰가,2023-12-06,17800,59.9527,6,2021,가좌동 1945
이지더원,2023-12-10,47000,113.588,19,2018,초전동 1673
프리미어웰가,2023-12-12,17800,59.9527,23,2021,가좌동 1945
프리미어웰가,2023-12-11,17800,59.9527,25,2021,가좌동 1945
프리미어웰가,2023-12-11,17800,59.9527,19,2021,가좌동 1945
프리미어웰가,2023-12-12,17800,59.9964,3,2021,가좌동 1945
프리미어웰가,2023-12-12,17800,59.9527,1,2021,가좌동 1945
진주포레스트부영,2023-12-07,17060,59.9885,5,2020,충무공동 145
프리미어웰가,2023-12-12,17800,59.9964,10,2021,가좌동 1945
프리미어웰가,2023-12-12,17800,59.9527,15,2021,가좌동 1945
프리미어웰가,2023-12-12,17800,59.9527,28,2021,가좌동 1945
프리미어웰가,2023-12-12,17800,59.9964,22,2021,가좌동 1945
프리미어웰가,2023-12-12,17800,59.9964,9,2021,가좌동 1945
프리미어웰가,2023-12-12,17800,59.9964,2,2021,가좌동 1945
프리미어웰가,2023-12-12,17800,59.9964,4,2021,가좌동 1945
프리미어웰가,2023-12-11,17800,59.9964,17,2021,가좌동 1945
프리미어웰가,2023-12-11,17800,59.9964,16,2021,가좌동 1945
프리미어웰가,2023-12-12,17800,59.9964,18,2021,가좌동 1945
프리미어웰가,2023-12-12,17800,59.9964,1,2021,가좌동 1945
프리미어웰가,2023-12-12,17800,59.9527,18,2021,가좌동 1945
혁신도시엘에이치아파트8단지,2023-12-02,25500,59.97,12,2015,충무공동 300
프리미어웰가,2023-12-12,17800,59.9964,21,2021,가좌동 1945
프리미어웰가,2023-12-11,17800,59.9964,18,2021,가좌동 1945
프리미어웰가,2023-12-11,17800,59.9527,15,2021,가좌동 1945
초전해모로루비채4단지,2023-12-01,30000,84.9671,19,2014,초전동 1670
초전해모로루비채4단지,2023-12-01,30000,84.9671,19,2014,초전동 1670
프리미어웰가,2023-12-12,17800,59.9964,6,2021,가좌동 1945
프리미어웰가,2023-12-12,17800,59.9527,25,2021,가좌동 1945
프리미어웰가,2023-12-12,17800,59.9964,8,2021,가좌동 1945
프리미어웰가,2023-12-12,17800,59.9964,3,2021,가좌동 1945
프리미어웰가,2023-12-12,17800,59.9964,15,2021,가좌동 1945
프리미어웰가,2023-12-12,17800,59.9964,21,2021,가좌동 1945
프리미어웰가,2023-12-12,17800,59.9527,24,2021,가좌동 1945
프리미어웰가,2023-12-12,17800,59.9964,25,2021,가좌동 1945
프리미어웰가,2023-12-12,17800,59.9527,14,2021,가좌동 1945
프리미어웰가,2023-12-12,17800,59.9964,15,2021,가좌동 1945
프리미어웰가,2023-12-12,17800,59.9527,19,2021,가좌동 1945
프리미어웰가,2023-12-12,17800,59.9964,17,2021,가좌동 1945
프리미어웰가,2023-12-12,17800,59.9964,3,2021,가좌동 1945
프리미어웰가,2023-12-12,17800,59.9964,26,2021,가좌동 1945
프리미어웰가,2023-12-11,17800,59.9527,13,2021,가좌동 1945
프리미어웰가,2023-12-12,17800,59.9964,25,2021,가좌동 1945
프리미어웰가,2023-12-11,17800,59.9527,18,2021,가좌동 1945
프리미어웰가,2023-12-11,17800,59.9527,16,2021,가좌동 1945
진주혁신도시센텀리버파크,2023-12-09,30000,75.76,21,2013,충무공동 191
혁신도시엘에이치5단지,2023-12-11,30000,75.84,19,2014,충무공동 234
프리미어웰가,2023-12-11,17800,59.9527,10,2021,가좌동 1945
프리미어웰가,2023-12-11,17800,59.9527,8,2021,가좌동 1945
프리미어웰가,2023-12-11,17800,59.9527,4,2021,가좌동 1945
프리미어웰가,2023-12-11,17800,59.9964,4,2021,가좌동 1945
진주혁신도시센텀리버파크,2023-12-11,19425,84.95,5,2013,충무공동 191
프리미어웰가,2023-12-11,17800,59.9527,2,2021,가좌동 1945
프리미어웰가,2023-12-11,17800,59.9527,24,2021,가좌동 1945
프리미어웰가,2023-12-11,17800,59.9964,5,2021,가좌동 1945
프리미어웰가,2023-12-11,17800,59.9527,16,2021,가좌동 1945
프리미어웰가,2023-12-11,17800,59.9527,4,2021,가좌동 1945
프리미어웰가,2023-12-11,17800,59.9527,12,2021,가좌동 1945
진주정촌대경파미르,2023-12-09,27100,84.9426,3,2019,정촌면 예하리 1286
프리미어웰가,2023-12-11,17800,59.9527,25,2021,가좌동 1945
혁신도시엘에이치아파트8단지,2023-12-08,27000,59.97,11,2015,충무공동 300
프리미어웰가,2023-12-11,17800,59.9527,13,2021,가좌동 1945
프리미어웰가,2023-12-11,17800,59.9964,16,2021,가좌동 1945
금산흥한골든빌,2023-12-11,10000,58.12,12,2002,금산면 장사리 1000
프리미어웰가,2023-12-11,17800,59.9527,17,2021,가좌동 1945
신안주공2,2023-12-11,9500,39.99,15,1996,신안동 707-1
프리미어웰가,2023-12-11,17800,59.9964,7,2021,가좌동 1945
프리미어웰가,2023-12-11,17800,59.9964,4,2021,가좌동 1945
프리미어웰가,2023-12-11,17800,59.9964,14,2021,가좌동 1945
프리미어웰가,2023-12-11,17800,59.9964,18,2021,가좌동 1945
프리미어웰가,2023-12-11,17800,59.9527,1,2021,가좌동 1945
프리미어웰가,2023-12-11,17800,59.9527,2,2021,가좌동 1945
프리미어웰가,2023-12-11,17800,59.9964,17,2021,가좌동 1945
프리미어웰가,2023-12-11,17800,59.9964,12,2021,가좌동 1945
프리미어웰가,2023-12-11,17800,59.9964,5,2021,가좌동 1945
프리미어웰가,2023-12-11,17800,59.9964,22,2021,가좌동 1945
프리미어웰가,2023-12-11,17800,59.9527,8,2021,가좌동 1945
프리미어웰가,2023-12-11,17800,59.9964,12,2021,가좌동 1945
프리미어웰가,2023-12-11,17800,59.9527,10,2021,가좌동 1945
프리미어웰가,2023-12-11,17800,59.9527,8,2021,가좌동 1945
프리미어웰가,2023-12-11,17800,59.9964,13,2021,가좌동 1945
프리미어웰가,2023-12-11,17800,59.9527,18,2021,가좌동 1945
프리미어웰가,2023-12-11,17800,59.9964,11,2021,가좌동 1945
프리미어웰가,2023-12-11,17800,59.9964,20,2021,가좌동 1945
프리미어웰가,2023-12-11,17800,59.9527,3,2021,가좌동 1945
프리미어웰가,2023-12-11,17800,59.9964,23,2021,가좌동 1945
프리미어웰가,2023-12-11,17800,59.9527,13,2021,가좌동 1945
프리미어웰가,2023-12-11,17800,59.9964,2,2021,가좌동 1945
가좌주공1차,2023-12-07,9500,38.64,4,1993,가좌동 660
진주혁신도시센텀리버파크,2023-12-07,32000,84.83,8,2013,충무공동 191
진주혁신도시센텀리버파크,2023-12-08,33000,84.95,12,2013,충무공동 191
초전해모로루비채2단지,2023-12-07,30000,84.9671,8,2014,초전동 1667
프리미어웰가,2023-12-08,17800,59.9964,12,2021,가좌동 1945
프리미어웰가,2023-12-08,17800,59.9964,15,2021,가좌동 1945
신안주공3,2023-12-08,15000,59.8,7,1997,신안동 705-1
프리미어웰가,2023-12-07,17800,59.9964,13,2021,가좌동 1945
프리미어웰가,2023-12-08,17800,59.9964,22,2021,가좌동 1945
프리미어웰가,2023-12-07,17800,59.9527,2,2021,가좌동 1945
촉석맨션,2023-12-04,9000,82.08,2,1980,상평동 219-91
프리미어웰가,2023-12-07,17800,59.9964,16,2021,가좌동 1945
프리미어웰가,2023-12-07,17800,59.9527,7,2021,가좌동 1945
프리미어웰가,2023-12-06,17800,59.9527,20,2021,가좌동 1945
들말흥한타운,2023-12-04,17325,59.871,6,1998,평거동 191-1
프리미어웰가,2023-12-06,17800,59.9964,7,2021,가좌동 1945
프리미어웰가,2023-12-04,17800,59.9527,18,2021,가좌동 1945
일동,2023-12-06,9000,59.86,9,1994,초전동 1426
진주우방아이유쉘,2023-12-03,26000,84.9756,5,2017,정촌면 예하리 1296
프리미어웰가,2023-12-06,17800,59.9527,21,2021,가좌동 1945
한보타운,2023-12-05,10000,84.87,7,1993,평거동 737
프리미어웰가,2023-12-06,17800,59.9964,22,2021,가좌동 1945
프리미어웰가,2023-12-06,17800,59.9527,4,2021,가좌동 1945
진주포레스트부영,2023-12-06,17060,59.9925,1,2020,충무공동 145
프리미어웰가,2023-12-05,17800,59.9964,7,2021,가좌동 1945
더퀸즈웰가,2023-12-02,27000,58.7908,7,2015,평거동 1130
프리미어웰가,2023-12-05,17800,59.9527,23,2021,가좌동 1945
프리미어웰가,2023-12-05,17800,59.9527,9,2021,가좌동 1945
프리미어웰가,2023-12-05,17800,59.9964,5,2021,가좌동 1945
프리미어웰가,2023-12-05,17800,59.9964,12,2021,가좌동 1945
진주초장엠코타운더이스턴파크,2023-12-02,28000,73.556,13,2014,초전동 1669
프리미어웰가,2023-12-05,17800,59.9527,1,2021,가좌동 1945
혁신도시엘에이치아파트8단지,2023-12-04,26000,59.97,14,2015,충무공동 300
프리미어웰가,2023-12-04,17800,59.9964,2,2021,가좌동 1945
신안주공2,2023-12-02,9500,39.99,14,1996,신안동 707-1
진주강남동일동미라주,2023-12-04,29000,84.9831,3,2021,강남동 387
혁신도시엘에이치아파트8단지,2023-12-03,27000,59.97,13,2015,충무공동 300
진주혁신도시센텀리버파크,2023-12-01,31000,84.83,3,2013,충무공동 191
진주혁신코오롱하늘채,2023-12-04,32850,84.95,4,2014,충무공동 230
프리미어웰가,2023-12-04,17800,59.9964,22,2021,가좌동 1945
한림풀에버,2023-12-01,27250,84.9088,11,2015,충무공동 77
프리미어웰가,2023-12-01,17800,59.9527,15,2021,가좌동 1945
주공그린빌,2023-12-01,14400,51.74,18,2005,가좌동 573-1
금산아이파크,2023-12-01,17500,84.17,7,2004,금산면 장사리 965-1
혁신도시엘에이치5단지,2023-12-01,31000,84.95,18,2014,충무공동 234
프리미어웰가,2023-12-01,17800,59.9964,5,2021,가좌동 1945
프리미어웰가,2023-12-06,17800,59.9964,16,2021,가좌동 1945
한림풀에버,2023-12-04,33000,84.9644,19,2015,충무공동 77
진주혁신도시대방노블랜드더캐슬아파트,2023-12-18,55000,103.9623,14,2018,충무공동 296
프리미어웰가,2023-12-15,17800,59.9527,26,2021,가좌동 1945
프리미어웰가,2023-12-14,17800,59.9964,1,2021,가좌동 1945
프리미어웰가,2023-12-11,17800,59.9964,12,2021,가좌동 1945
프리미어웰가,2023-12-12,17800,59.9964,10,2021,가좌동 1945
진주정촌대경파미르,2024-01-31,13000,76.253,9,2019,정촌면 예하리 1286
가좌주공1차,2024-01-30,11000,38.64,4,1993,가좌동 660
포레나신진주,2024-01-06,34000,84.9515,30,2019,가좌동 2056
주공그린빌,2024-01-19,17000,59.27,4,2005,가좌동 573-1
혁신도시엘에이치아파트9단지,2024-01-18,26000,59.97,24,2017,충무공동 302
진주혁신도시중흥에스-클래스센트럴시티4단지,2024-01-18,30000,84.9815,17,2020,충무공동 295
진주혁신도시대방노블랜드더캐슬아파트,2024-01-24,44000,84.9474,9,2018,충무공동 296
진주정촌대경파미르,2024-01-20,26000,84.9426,16,2019,정촌면 예하리 1286
한림풀에버,2024-01-29,35000,84.9088,18,2015,충무공동 77
가좌주공1차,2024-01-18,13000,49.94,15,1993,가좌동 660
힐스테이트초전,2024-01-09,35000,84.9196,11,2019,초전동 1665
혁신도시엘에이치아파트9단지,2024-01-06,27000,59.97,15,2017,충무공동 302
진주센트럴자이,2024-01-28,27000,84.5289,4,2013,상평동 1069
진주혁신도시센텀리버파크,2024-01-15,34000,84.95,20,2013,충무공동 191
평거휴먼시아4단지,2024-01-11,24000,59.98,6,2011,평거동 797
진주문산코아루,2024-01-31,27000,114.9123,15,2010,문산읍 소문리 2421
진주혁신도시중흥에스-클래스센트럴시티4단지,2024-01-29,40000,84.9815,11,2020,충무공동 295
금호석류,2024-01-27,21000,84.87,2,1999,주약동 407-1
진주혁신도시중흥에스-클래스센트럴시티4단지,2024-01-29,40000,84.9815,11,2020,충무공동 295
혁신도시엘에이치5단지,2024-01-12,32800,84.95,16,2014,충무공동 234
이지더원,2024-01-30,30000,73.2086,5,2018,초전동 1673
한보은빛마을,2024-01-24,22500,84.86,4,2002,주약동 360-2
일진스위트포레강남,2024-01-31,28000,78.0238,12,2021,강남동 141-1
현대,2024-01-06,13000,59.89,10,1996,하대동 101
대림,2024-01-27,9000,59.91,15,1995,초전동 702-22
청구타운,2024-01-19,15000,59.99,11,1997,초전동 1431-3
진주초장엠코타운더이스턴파크,2024-01-20,35000,101.5255,16,2014,초전동 1669
혁신도시엘에이치아파트9단지,2024-01-27,26000,59.97,3,2017,충무공동 302
신안주공3,2024-01-20,14500,59.8,3,1997,신안동 705-1
신안주공1,2024-01-13,23000,84.98,7,1998,신안동 708-1
들말대경,2024-01-29,28200,123.255,4,1998,평거동 190
금산흥한골든빌,2024-01-24,11000,58.12,3,2002,금산면 장사리 1000
혁신도시엘에이치아파트8단지,2024-01-27,26500,59.97,7,2015,충무공동 300
진주초전푸르지오1단지,2024-01-10,37000,121.144,3,2009,초전동 1640-1
진주혁신도시중흥에스-클래스더프라임,2024-01-20,43000,110.9212,2,2019,충무공동 90
하대주공,2024-01-24,7000,36.2,2,1982,하대동 73-1
진주혁신도시중흥에스-클래스센트럴시티4단지,2024-01-27,43000,84.9815,4,2020,충무공동 295
엠코타운더프라하,2024-01-31,35000,84.9651,15,2014,평거동 1132
한림풀에버,2024-01-15,35000,84.9088,21,2015,충무공동 77
혁신도시엘에이치아파트9단지,2024-01-27,26000,59.97,3,2017,충무공동 302
가좌주공2차,2024-01-05,10500,38.64,8,1993,가좌동 660
신안주공3,2024-01-22,14000,59.8,3,1997,신안동 705-1
상봉1,2024-01-16,3000,40.473,4,1976,상봉동 800-1
포레나신진주,2024-01-11,37000,84.9543,16,2019,가좌동 2056
들말흥한타운,2024-01-13,27000,99.85,4,1998,평거동 191-1
두산위브,2024-01-31,22000,112.397,19,2009,금산면 장사리 705
동일스위트,2024-01-09,22500,84.9164,13,2008,상평동 1068-1
휴앤인엘리시움,2024-01-06,32000,84.8578,25,2019,충무공동 134
금산흥한골든빌,2024-01-13,15000,73.61,5,2002,금산면 장사리 1000
프리미어웰가,2024-01-24,17800,59.9527,1,2021,가좌동 1945
진주혁신도시대방노블랜드더캐슬아파트,2024-01-04,50000,103.3591,8,2018,충무공동 296
진주혁신도시대방노블랜드더캐슬아파트,2024-01-04,50000,103.3591,8,2018,충무공동 296
휴앤인엘리시움,2024-01-20,32000,84.8578,20,2019,충무공동 134
진주혁신도시센텀리버파크,2024-01-15,31000,84.88,21,2013,충무공동 191
한주럭키타운,2024-01-13,18000,76.58,7,1990,주약동 156
프리미어웰가,2024-01-18,17800,59.9527,22,2021,가좌동 1945
가좌주공1차,2024-01-15,11500,41.3,9,1993,가좌동 660
현대,2024-01-09,18000,59.92,2,2000,주약동 360
혁신도시엘에이치아파트8단지,2024-01-09,27000,59.97,4,2015,충무공동 300
하대주공,2024-01-11,7000,44.3,5,1982,하대동 73-1
이지더원,2024-01-16,41000,113.588,14,2018,초전동 1673
진주정촌대경파미르,2024-01-28,26000,84.9426,7,2019,정촌면 예하리 1286
미르젠,2024-01-17,12000,50.94,4,2017,하대동 637
가좌주공2차,2024-01-25,9000,38.64,5,1993,가좌동 660
진주혁신도시라온프라이빗아파트,2024-01-18,38700,84.8827,19,2017,충무공동 195
상대주공,2024-01-21,6100,41.52,4,1980,하대동 72
진주초전푸르지오2단지,2024-01-21,42000,125.029,16,2010,초전동 1637-1
금호석류,2024-01-17,20500,84.87,19,1999,주약동 407-1
진주포레스트부영,2024-01-31,17060,59.9925,15,2020,충무공동 145
포레나신진주,2024-01-06,34000,84.9515,30,2019,가좌동 2056
진주혁신도시중흥에스-클래스더퍼스트,2024-01-25,53000,99.864,19,2020,충무공동 275
엠코타운더프라하,2024-01-13,51000,118.6034,21,2014,평거동 1132
진주혁신도시대방노블랜드더캐슬아파트,2024-01-19,44000,84.9474,10,2018,충무공동 296
진주혁신도시중흥에스-클래스더프라임,2024-01-31,45500,110.6238,9,2019,충무공동 90
가좌주공1차,2024-01-19,11000,38.64,7,1993,가좌동 660
주공그린빌,2024-01-18,17000,59.27,7,2005,가좌동 573-1
가좌주공1차,2024-01-27,10500,38.64,6,1993,가좌동 660
현대성우트리팰리스,2024-01-18,23000,106.07,4,2006,주약동 156-1
진주혁신도시라온프라이빗아파트,2024-01-26,38000,84.8922,25,2017,충무공동 195
진주혁신코오롱하늘채,2024-01-17,33000,84.95,14,2014,충무공동 230
센트렐웰가,2024-01-13,37000,84.9914,14,2018,가좌동 1981
프리미어웰가,2024-01-29,17800,59.9964,1,2021,가좌동 1945
진주혁신도시대방노블랜드더캐슬아파트,2024-01-13,46500,103.3591,12,2018,충무공동 296
진주혁신도시대방노블랜드더캐슬아파트,2024-01-13,46500,103.3591,12,2018,충무공동 296
프리미어웰가,2024-01-22,17800,59.9527,2,2021,가좌동 1945
진주혁신도시라온프라이빗아파트,2024-01-31,36000,84.9087,5,2017,충무공동 195
신안주공2,2024-01-23,14800,59.8,3,1996,신안동 707-1
건영아모리움,2024-01-25,25100,75.2088,21,2017,평거동 141
평거하우스토리,2024-01-29,35500,134.1,2,2009,평거동 150-4
가좌주공1차,2024-01-06,11500,41.3,2,1993,가좌동 660
평거주공1차,2024-01-29,9500,39.69,3,1988,평거동 326
진주정촌대경파미르,2024-01-07,26000,84.9426,12,2019,정촌면 예하리 1286
진주혁신코오롱하늘채,2024-01-28,32000,84.95,9,2014,충무공동 230
진주혁신도시라온프라이빗아파트,2024-01-06,40000,84.8922,18,2017,충무공동 195
진주혁신도시대방노블랜드더캐슬아파트,2024-01-15,50000,103.9623,3,2018,충무공동 296
포레나신진주,2024-01-06,34000,84.9515,30,2019,가좌동 2056
진주혁신도시대방노블랜드더캐슬아파트,2024-01-05,51000,103.9623,12,2018,충무공동 296
진주혁신도시센텀리버파크,2024-01-31,33000,84.95,11,2013,충무공동 191
힐스테이트초전,2024-01-06,35000,84.9196,22,2019,초전동 1665
진주혁신도시중흥에스-클래스센트럴시티4단지,2024-01-27,43000,84.9815,11,2020,충무공동 295
진주혁신코오롱하늘채,2024-01-13,31000,75.99,3,2014,충무공동 230
가좌주공2차,2024-01-09,8500,38.64,4,1993,가좌동 660
진주혁신코오롱하늘채,2024-01-29,33000,84.95,9,2014,충무공동 230
신안주공2,2024-01-04,13400,59.8,3,1996,신안동 707-1
진주혁신도시센텀리버파크,2024-01-27,29500,75.54,7,2013,충무공동 191
스카이시티프라디움,2024-01-28,35700,84.9898,32,2019,가좌동 1958
혁신도시엘에이치아파트8단지,2024-01-30,25700,59.97,18,2015,충무공동 300
힐스테이트초전,2024-01-24,37000,84.9196,26,2019,초전동 1665
평거휴먼시아3단지,2024-01-23,30000,84.95,1,2011,평거동 897
초전해모로루비채4단지,2024-01-20,35000,100.8994,20,2014,초전동 1670
진주혁신도시대방노블랜드더캐슬아파트,2024-01-22,50000,103.3591,14,2018,충무공동 296
한림풀에버,2024-01-31,34000,84.9088,3,2015,충무공동 77
한림풀에버,2024-01-20,32000,84.9088,2,2015,충무공동 77
진주혁신도시중흥에스-클래스센트럴시티3단지,2024-01-13,38000,84.9815,21,2020,충무공동 298
일진스위트포레강남,2024-01-29,28000,78.0238,6,2021,강남동 141-1
가좌주공1차,2024-01-29,12600,49.94,14,1993,가좌동 660
엠코타운더프라하,2024-01-29,35000,84.933,32,2014,평거동 1132
들말한보타운,2024-01-27,25500,84.98,1,1997,평거동 192-1
센트렐웰가,2024-01-30,34000,84.9914,27,2018,가좌동 1981
엠코타운더프라하,2024-01-27,36000,84.9651,16,2014,평거동 1132
진주혁신도시중흥에스-클래스더퍼스트,2024-01-20,53000,99.9097,13,2020,충무공동 275
진주혁신도시중흥에스-클래스더프라임,2024-01-31,38000,97.7268,15,2019,충무공동 90
진주포레스트부영,2024-01-31,17060,59.9925,2,2020,충무공동 145
가좌주공2차,2024-01-26,10000,41.3,11,1993,가좌동 660
진주혁신도시대방노블랜드더캐슬아파트,2024-01-29,51000,103.3591,13,2018,충무공동 296
혁신도시엘에이치아파트8단지,2024-01-27,26500,59.97,7,2015,충무공동 300
진주정촌대경파미르,2024-01-17,21000,84.9426,1,2019,정촌면 예하리 1286
진주혁신도시중흥에스-클래스센트럴시티4단지,2024-01-19,45000,99.8723,7,2020,충무공동 295
진주혁신코오롱하늘채,2024-01-29,33000,84.95,17,2014,충무공동 230
진주정촌대경파미르,2024-01-28,26000,84.9426,7,2019,정촌면 예하리 1286
주공그린빌,2024-01-26,14000,51.74,11,2005,가좌동 573-1
신안주공3,2024-01-29,10000,39.99,10,1997,신안동 705-1
프리미어웰가,2024-01-19,17800,59.9527,2,2021,가좌동 1945
두산위브,2024-01-31,22000,112.397,19,2009,금산면 장사리 705
진주혁신도시센텀리버파크,2024-01-30,33000,84.95,4,2013,충무공동 191
진주우방아이유쉘,2024-01-29,25000,84.9758,20,2017,정촌면 예하리 1296
진주혁신코오롱하늘채,2024-01-28,32000,84.95,9,2014,충무공동 230
진주혁신코오롱하늘채,2024-01-29,32000,84.95,3,2014,충무공동 230
상봉2,2024-01-05,7000,53.85,1,1986,상봉동 1446
진주정촌대경파미르,2024-01-26,22000,76.253,7,2019,정촌면 예하리 1286
혁신도시엘에이치5단지,2024-01-27,32000,84.95,11,2014,충무공동 234
혁신도시엘에이치아파트9단지,2024-01-07,27000,59.97,19,2017,충무공동 302
더퀸즈웰가,2024-01-29,28500,58.7908,32,2015,평거동 1130
센트렐웰가,2024-01-26,33000,75.5364,29,2018,가좌동 1981
엠코타운더프라하,2024-01-26,25000,84.9651,14,2014,평거동 1132
진주우방아이유쉘,2024-01-25,26000,84.9578,12,2017,정촌면 예하리 1296
두산위브,2024-01-28,22000,112.397,3,2009,금산면 장사리 705
진주혁신코오롱하늘채,2024-01-26,32000,84.95,12,2014,충무공동 230
금산아이파크,2024-01-22,18300,84.17,10,2004,금산면 장사리 965-1
평거현대1,2024-01-26,13000,59.4,14,1993,신안동 454-3
한보은빛마을,2024-01-13,21000,84.86,4,2002,주약동 360-2
진주혁신도시라온프라이빗아파트,2024-01-09,38500,84.8827,19,2017,충무공동 195
진주혁신코오롱하늘채,2024-01-06,32000,84.95,11,2014,충무공동 230
엠코타운더프라하,2024-01-11,34000,84.9651,10,2014,평거동 1132
혁신도시엘에이치아파트8단지,2024-01-15,25000,59.97,16,2015,충무공동 300
삼환나우빌,2024-01-24,48000,129.138,22,2009,주약동 133-130
한림풀에버,2024-01-20,32000,84.9088,2,2015,충무공동 77
가좌주공1차,2024-01-18,13000,49.94,15,1993,가좌동 660
진주초전푸르지오2단지,2024-01-22,35000,101.977,17,2010,초전동 1637-1
엠코타운더프라하,2024-01-13,51000,118.6034,21,2014,평거동 1132
일진스위트포레강남,2024-01-18,23000,58.9514,12,2021,강남동 141-1
상대한주그린,2024-01-13,7000,59.87,8,1999,상대동 534-2
진주혁신코오롱하늘채,2024-01-04,32000,84.95,11,2014,충무공동 230
진주혁신도시중흥에스-클래스더프라임,2024-01-15,27300,84.9912,12,2019,충무공동 90
진주혁신도시라온프라이빗아파트,2024-01-18,38700,84.8827,19,2017,충무공동 195
대경,2024-01-10,7500,59.85,13,1992,하대동 299-2
화인,2024-01-15,9500,65.07,4,1994,상봉동 615-2
진주혁신코오롱하늘채,2024-01-22,32000,84.95,3,2014,충무공동 230
대경아르떼빌,2024-01-17,8400,31.02,6,2002,호탄동 620-1
진주혁신도시센텀리버파크,2024-01-24,33000,84.95,14,2013,충무공동 191
가좌주공1차,2024-01-10,9000,41.3,15,1993,가좌동 660
진주혁신코오롱하늘채,2024-01-12,31000,84.95,11,2014,충무공동 230
평거휴먼시아3단지,2024-01-23,30000,84.95,1,2011,평거동 897
혁신도시엘에이치아파트8단지,2024-01-15,25000,59.97,2,2015,충무공동 300
진주혁신도시라온프라이빗아파트,2024-01-23,38000,84.8922,18,2017,충무공동 195
힐스테이트초전,2024-01-20,37000,91.2066,7,2019,초전동 1665
현대,2024-01-20,17500,59.92,10,2000,주약동 360
진주혁신코오롱하늘채,2024-01-19,33000,84.95,12,2014,충무공동 230
진주혁신도시센텀리버파크,2024-01-24,33000,84.88,25,2013,충무공동 191
진주혁신코오롱하늘채,2024-01-18,30000,75.99,8,2014,충무공동 230
주공그린빌,2024-01-24,17500,59.27,4,2005,가좌동 573-1
진주혁신코오롱하늘채,2024-01-03,32000,84.95,20,2014,충무공동 230
혁신도시엘에이치아파트8단지,2024-01-03,26000,59.97,3,2015,충무공동 300
평거휴먼시아4단지,2024-01-20,31000,84.95,9,2011,평거동 797
한림풀에버,2024-01-06,33000,84.9644,22,2015,충무공동 77
스카이시티프라디움,2024-01-21,35000,84.9898,36,2019,가좌동 1958
진주혁신도시센텀리버파크,2024-01-10,28000,75.97,3,2013,충무공동 191
엠코타운더프라하,2024-01-21,37000,84.933,27,2014,평거동 1132
진주혁신도시중흥에스-클래스더프라임,2024-01-17,22000,97.7268,14,2019,충무공동 90
들말한보타운,2024-01-20,17100,59.8,13,1997,평거동 192-1
진주혁신도시중흥에스-클래스센트럴시티2단지,2024-01-19,47000,99.8723,14,2020,충무공동 293
진주혁신코오롱하늘채,2024-01-19,33000,84.95,19,2014,충무공동 230
센트렐웰가,2024-01-20,28000,59.4732,22,2018,가좌동 1981
스카이시티프라디움,2024-01-16,32000,84.991,20,2019,가좌동 1958
건영아모리움,2024-01-18,27000,78.466,16,2017,평거동 141
진주혁신코오롱하늘채,2024-01-16,29000,75.99,17,2014,충무공동 230
신안주공2,2024-01-16,14800,59.8,11,1996,신안동 707-1
프리미어웰가,2024-01-24,17800,59.9527,4,2021,가좌동 1945
혁신도시엘에이치아파트9단지,2024-01-19,27000,59.97,8,2017,충무공동 302
혁신도시엘에이치5단지,2024-01-05,32800,84.95,6,2014,충무공동 234
금산흥한골든빌,2024-01-06,10000,58.12,3,2002,금산면 장사리 1000
진주혁신도시센텀리버파크,2024-01-22,33000,84.95,11,2013,충무공동 191
혁신도시엘에이치아파트8단지,2024-01-14,27000,59.97,5,2015,충무공동 300
진주혁신코오롱하늘채,2024-01-04,30000,75.99,12,2014,충무공동 230
주공그린빌,2024-01-07,13650,59.27,10,2005,가좌동 573-1
진주혁신도시센텀리버파크,2024-01-09,32000,84.95,17,2013,충무공동 191
신안주공2,2024-01-18,14800,59.8,14,1996,신안동 707-1
혁신도시엘에이치아파트9단지,2024-01-25,27000,59.97,5,2017,충무공동 302
가좌주공1차,2024-01-23,12000,41.3,4,1993,가좌동 660
남강휴먼빌,2024-01-24,30000,120.5794,2,2010,내동면 독산리 1104
진주정촌대경파미르,2024-01-18,24000,84.9426,1,2019,정촌면 예하리 1286
혁신도시엘에이치5단지,2024-01-11,31500,84.95,7,2014,충무공동 234
화인,2024-01-15,6800,72.75,11,1994,상봉동 615-2
진주혁신코오롱하늘채,2024-01-03,32000,84.95,5,2014,충무공동 230
진주혁신도시라온프라이빗아파트,2024-01-18,33000,84.8827,10,2017,충무공동 195
힐스테이트초전,2024-01-20,36000,84.9196,18,2019,초전동 1665
금산흥한골든빌,2024-01-20,9500,58.12,3,2002,금산면 장사리 1000
금산아이파크,2024-01-06,18000,84.17,2,2004,금산면 장사리 965-1
진주혁신코오롱하늘채,2024-01-04,33000,84.95,5,2014,충무공동 230
주공그린빌,2024-01-11,14000,51.74,10,2005,가좌동 573-1
포레나신진주,2024-01-09,35000,84.9515,13,2019,가좌동 2056
진주혁신도시중흥에스-클래스더퍼스트,2024-01-13,50000,99.864,19,2020,충무공동 275
진주혁신코오롱하늘채,2024-01-19,33000,84.95,19,2014,충무공동 230
진주혁신도시센텀리버파크,2024-01-23,33000,84.88,16,2013,충무공동 191
진주혁신도시센텀리버파크,2024-01-23,32000,84.95,6,2013,충무공동 191
스카이시티프라디움,2024-01-21,33000,84.991,35,2019,가좌동 1958
혁신도시엘에이치아파트8단지,2024-01-18,25000,59.97,13,2015,충무공동 300
주공그린빌,2024-01-13,15000,51.74,14,2005,가좌동 573-1
가좌주공1차,2024-01-23,11500,44.94,5,1993,가좌동 660
가좌주공2차,2024-01-26,10000,41.3,11,1993,가좌동 660
포레나신진주,2024-01-09,35000,84.9515,13,2019,가좌동 2056
진주혁신도시센텀리버파크,2024-01-24,33000,84.95,15,2013,충무공동 191
혁신도시엘에이치아파트8단지,2024-01-13,27000,59.97,14,2015,충무공동 300
포레나신진주,2024-01-18,37000,84.9515,30,2019,가좌동 2056
하대주공,2024-01-04,9000,44.03,5,1982,하대동 73-1
혁신도시엘에이치아파트8단지,2024-01-11,25000,59.97,3,2015,충무공동 300
가좌주공1차,2024-01-18,10000,38.64,1,1993,가좌동 660
가좌주공1차,2024-01-21,12500,49.94,1,1993,가좌동 660
진주혁신도시센텀리버파크,2024-01-19,34000,84.95,17,2013,충무공동 191
신안주공2,2024-01-19,12375,49.97,11,1996,신안동 707-1
더퀸즈웰가,2024-01-20,30000,75.4984,21,2015,평거동 1130
신안주공1,2024-01-25,22000,84.98,15,1998,신안동 708-1
금산흥한골든빌,2024-01-10,9300,58.12,10,2002,금산면 장사리 1000
상대한보타운,2024-01-15,13650,59.88,11,2002,상대동 304-4
주공그린빌,2024-01-09,16000,51.74,7,2005,가좌동 573-1
진주혁신도시중흥에스-클래스더프라임,2024-01-14,38850,84.9858,5,2019,충무공동 90
진주혁신코오롱하늘채,2024-01-12,35000,84.95,9,2014,충무공동 230
들말흥한타운,2024-01-06,30000,125.61,13,1998,평거동 191-1
가좌주공1차,2024-01-13,13000,49.94,6,1993,가좌동 660
주공그린빌,2024-01-12,16000,51.74,15,2005,가좌동 573-1
신안주공3,2024-01-13,17000,59.8,9,1997,신안동 705-1
진주정촌대경파미르,2024-01-10,26000,84.9426,5,2019,정촌면 예하리 1286
혁신도시엘에이치아파트8단지,2024-01-22,27000,59.97,6,2015,충무공동 300
혁신도시엘에이치아파트9단지,2024-01-18,26000,59.97,24,2017,충무공동 302
진주혁신도시중흥에스-클래스센트럴시티4단지,2024-01-19,45000,99.8723,7,2020,충무공동 295
평거휴먼시아3단지,2024-01-15,20000,84.98,5,2011,평거동 897
평거휴먼시아4단지,2024-01-11,24000,59.98,6,2011,평거동 797
진주정촌대경파미르,2024-01-12,22500,66.1957,15,2019,정촌면 예하리 1286
주공그린빌,2024-01-11,17000,59.27,5,2005,가좌동 573-1
금호석류,2024-01-12,18000,84.87,12,1999,주약동 407-1
진주혁신도시중흥에스-클래스더프라임,2024-01-03,40000,84.9912,16,2019,충무공동 90
진주혁신도시중흥에스-클래스센트럴시티4단지,2024-01-11,42000,84.8046,19,2020,충무공동 295
혁신도시엘에이치아파트8단지,2024-01-03,27000,59.97,19,2015,충무공동 300
혁신도시엘에이치아파트8단지,2024-01-06,27000,59.96,19,2015,충무공동 300
진주혁신도시중흥에스-클래스더퍼스트,2024-01-03,58000,113.4763,10,2020,충무공동 275
현대,2024-01-09,18000,59.92,2,2000,주약동 360
진주평거엘크루,2024-01-09,38000,84.9195,10,2016,평거동 919
진주우방아이유쉘,2024-01-12,26000,84.9578,18,2017,정촌면 예하리 1296
엠코타운더프라하,2024-01-06,35000,84.9651,7,2014,평거동 1132
들말한보타운,2024-01-10,17100,59.8,14,1997,평거동 192-1
금산아이파크,2024-01-02,18900,84.17,4,2004,금산면 장사리 965-1
금산흥한골든빌,2024-01-10,9300,58.12,10,2002,금산면 장사리 1000
엠코타운더프라하,2024-01-06,36000,84.933,13,2014,평거동 1132
건영아모리움,2024-01-08,26000,74.7821,23,2017,평거동 141
더퀸즈웰가,2024-01-08,35000,84.7157,20,2015,평거동 1130
주공그린빌,2024-01-05,17500,59.27,3,2005,가좌동 573-1
흥한타운1,2024-01-02,15000,84.69,6,1993,신안동 454-1
진주혁신도시중흥에스-클래스더프라임,2024-01-06,39900,97.7268,5,2019,충무공동 90
진주정촌대경파미르,2024-01-08,26000,84.9426,5,2019,정촌면 예하리 1286
주공그린빌,2024-01-06,14400,51.74,12,2005,가좌동 573-1
한보힐타워,2024-01-05,7800,59.88,11,1992,하대동 141-3
신안주공1,2024-01-11,23400,84.98,14,1998,신안동 708-1
주공그린빌,2024-01-07,18000,59.27,6,2005,가좌동 573-1
진주혁신도시센텀리버파크,2024-01-07,31500,84.83,11,2013,충무공동 191
혁신도시엘에이치아파트8단지,2024-01-03,27000,59.97,10,2015,충무공동 300
더퀸즈웰가,2024-01-10,29000,58.7908,5,2015,평거동 1130
엠코타운더프라하,2024-01-05,35000,84.933,19,2014,평거동 1132
금산흥한골든빌,2024-01-01,8500,73.61,15,2002,금산면 장사리 1000
들말한보타운,2024-01-05,15000,59.8,2,1997,평거동 192-1
신안주공2,2024-01-05,14850,59.8,6,1996,신안동 707-1
대림,2024-01-06,11000,136.3,15,1993,옥봉동 176-1
진주평거엘크루,2024-01-08,40000,84.9624,9,2016,평거동 919
들말대경,2024-01-02,16000,59.595,6,1998,평거동 190
혁신도시엘에이치아파트8단지,2024-01-03,27000,59.97,10,2015,충무공동 300
현대성우트리팰리스,2024-01-03,15000,106.07,5,2006,주약동 156-1
진주정촌대경파미르,2024-01-02,22500,66.1957,18,2019,정촌면 예하리 1286
하대주공,2024-01-19,7000,44.03,5,1982,하대동 73-1
하대주공,2024-01-23,7000,44.3,5,1982,하대동 73-1
삼환나우빌,2024-01-11,10000,129.138,22,2009,주약동 133-130
가좌주공2차,2024-01-25,9000,38.64,5,1993,가좌동 660
가좌주공2차,2024-01-05,10500,38.64,8,1993,가좌동 660
신안주공3,2024-01-17,12000,49.96,1,1997,신안동 705-1
힐스테이트초전,2024-01-09,35000,84.9196,11,2019,초전동 1665
이지더원,2024-02-26,32000,73.2086,3,2018,초전동 1673
신진주역세권우미린더시그니처,2024-02-17,30000,84.986,3,2024,가좌동 1986
주공그린빌,2024-02-26,17000,59.27,18,2005,가좌동 573-1
상대주공,2024-02-24,4000,40.99,3,1980,하대동 72
신진주역세권우미린더시그니처,2024-02-17,30000,84.986,3,2024,가좌동 1986
스카이시티프라디움,2024-02-05,30000,84.991,19,2019,가좌동 1958
가좌주공1차,2024-02-03,14000,49.94,11,1993,가좌동 660
대경아르떼빌,2024-02-06,7600,31.02,8,2002,호탄동 620-1
상봉2,2024-02-07,7000,61.77,4,1986,상봉동 1446
진주혁신도시라온프라이빗아파트,2024-02-25,43000,84.9087,21,2017,충무공동 195
한주럭키타운,2024-02-14,19800,84.56,12,1990,주약동 156
신진주역세권우미린더시그니처,2024-02-16,32000,84.986,15,2024,가좌동 1986
흥한타운2,2024-02-22,14000,59.88,5,1995,신안동 454-4
촉석맨션,2024-02-22,6900,52.46,5,1980,상평동 219-91
혁신도시엘에이치아파트8단지,2024-02-29,25000,59.97,2,2015,충무공동 300
신안주공3,2024-02-06,12500,49.96,3,1997,신안동 705-1
스카이시티프라디움,2024-02-02,34000,84.9898,27,2019,가좌동 1958
들말한보타운,2024-02-13,16000,59.8,13,1997,평거동 192-1
진주정촌대경파미르,2024-02-17,25000,84.9426,16,2019,정촌면 예하리 1286
진주혁신코오롱하늘채,2024-02-28,33000,84.95,10,2014,충무공동 230
진주혁신도시라온프라이빗아파트,2024-02-23,36000,84.8922,7,2017,충무공동 195
평거주공1차,2024-02-14,9000,39.69,5,1988,평거동 326
현대,2024-02-23,12500,59.89,23,1996,하대동 101
진주정촌대경파미르,2024-02-17,25000,84.9426,16,2019,정촌면 예하리 1286
더퀸즈웰가,2024-02-20,36000,84.9163,8,2015,평거동 1130
한주럭키타운,2024-02-16,19800,84.81,11,1990,주약동 156
혁신도시엘에이치아파트9단지,2024-02-28,27500,59.97,6,2017,충무공동 302
진주우방아이유쉘,2024-02-27,25500,84.9578,8,2017,정촌면 예하리 1296
주공그린빌,2024-02-26,16000,51.74,7,2005,가좌동 573-1
신안주공2,2024-02-24,12300,49.97,6,1996,신안동 707-1
가좌주공2차,2024-02-06,10000,38.64,11,1993,가좌동 660
프리미어웰가,2024-02-23,17800,59.9964,13,2021,가좌동 1945
프리미어웰가,2024-02-23,17800,59.9527,16,2021,가좌동 1945
진주포레스트부영,2024-02-16,17060,59.9885,4,2020,충무공동 145
스카이시티프라디움,2024-02-29,33000,84.991,26,2019,가좌동 1958
들말흥한타운,2024-02-29,25000,84.89,5,1998,평거동 191-1
하대주공,2024-02-23,9000,44.03,5,1982,하대동 73-1
진주혁신도시중흥에스-클래스더프라임,2024-02-22,40000,84.9912,9,2019,충무공동 90
대림,2024-02-16,8000,84.46,5,1989,상평동 277-1
가좌주공1차,2024-02-28,12000,41.3,8,1993,가좌동 660
진주우방아이유쉘,2024-02-16,27000,84.9578,4,2017,정촌면 예하리 1296
혁신도시엘에이치아파트9단지,2024-02-25,27500,59.97,10,2017,충무공동 302
미르젠,2024-02-27,12000,50.94,3,2017,하대동 637
미르젠,2024-02-27,12000,50.94,3,2017,하대동 637
스카이시티프라디움,2024-02-26,31000,84.9898,8,2019,가좌동 1958
스카이시티프라디움,2024-02-29,33000,84.991,26,2019,가좌동 1958
한림풀에버,2024-02-19,35000,84.9644,12,2015,충무공동 77
가좌주공1차,2024-02-17,14000,49.94,6,1993,가좌동 660
평거휴먼시아4단지,2024-02-28,31000,84.95,10,2011,평거동 797
한림풀에버,2024-02-26,35000,84.9644,7,2015,충무공동 77
주공그린빌,2024-02-29,14400,51.74,17,2005,가좌동 573-1
한보,2024-02-14,11000,84.9575,4,1994,유곡동 72-1
평거휴먼시아4단지,2024-02-29,30000,84.95,11,2011,평거동 797
진주평거엘크루,2024-02-20,40000,84.9195,11,2016,평거동 919
진주혁신코오롱하늘채,2024-02-25,32000,84.95,1,2014,충무공동 230
진주혁신도시대방노블랜드더캐슬아파트,2024-02-28,55000,103.3591,4,2018,충무공동 296
진주혁신코오롱하늘채,2024-02-25,32000,84.95,1,2014,충무공동 230
센트렐웰가,2024-02-03,31500,75.7795,1,2018,가좌동 1981
프리미어웰가,2024-02-20,17800,59.9527,1,2021,가좌동 1945
한림풀에버,2024-02-08,30000,84.9088,11,2015,충무공동 77
한림풀에버,2024-02-08,30000,84.9088,11,2015,충무공동 77
더퀸즈웰가,2024-02-29,34000,75.4984,10,2015,평거동 1130
주공그린빌,2024-02-24,18000,59.27,12,2005,가좌동 573-1
대경아르떼빌,2024-02-06,8300,31.02,8,2002,호탄동 620-1
가좌주공1차,2024-02-25,11200,41.3,5,1993,가좌동 660
스카이시티프라디움,2024-02-29,28000,84.991,18,2019,가좌동 1958
혁신도시엘에이치아파트8단지,2024-02-29,26000,59.97,16,2015,충무공동 300
프리미어웰가,2024-02-28,17800,59.9964,9,2021,가좌동 1945
진주초전푸르지오1단지,2024-02-25,28000,84.77,18,2009,초전동 1640-1
가좌주공1차,2024-02-28,11500,41.3,3,1993,가좌동 660
주공그린빌,2024-02-23,23400,84.9,2,2005,가좌동 573-1
혁신도시엘에이치아파트8단지,2024-02-02,26500,59.97,2,2015,충무공동 300
엠코타운더프라하,2024-02-07,38000,84.933,9,2014,평거동 1132
진주문산파란채,2024-02-16,18000,84.9015,10,2010,문산읍 삼곡리 1224
제일풍경채,2024-02-01,30000,110.7705,5,2007,가좌동 479-1
이지더원,2024-02-03,37000,84.9614,4,2018,초전동 1673
한주럭키타운,2024-02-14,19800,84.56,12,1990,주약동 156
상대주공,2024-02-07,6500,40.99,4,1980,하대동 72
주공그린빌,2024-02-27,17500,59.27,15,2005,가좌동 573-1
진주혁신코오롱하늘채,2024-02-26,33000,84.95,4,2014,충무공동 230
포레나신진주,2024-02-07,33000,84.9543,16,2019,가좌동 2056
진주정촌대경파미르,2024-02-26,12000,76.253,9,2019,정촌면 예하리 1286
신진주역세권우미린더시그니처,2024-02-17,30000,84.986,3,2024,가좌동 1986
프리미어웰가,2024-02-27,17800,59.9527,21,2021,가좌동 1945
하대주공,2024-02-02,7000,44.3,4,1982,하대동 73-1
혁신도시엘에이치아파트8단지,2024-02-25,26000,59.96,21,2015,충무공동 300
금산아이파크,2024-02-27,18800,84.17,6,2004,금산면 장사리 965-1
주공그린빌,2024-02-26,17000,59.27,18,2005,가좌동 573-1
혁신도시엘에이치아파트8단지,2024-02-17,27000,59.96,12,2015,충무공동 300
가좌주공1차,2024-02-26,10100,41.3,10,1993,가좌동 660
혁신도시엘에이치아파트9단지,2024-02-25,27500,59.97,10,2017,충무공동 302
상봉1,2024-02-14,3200,40.44,3,1976,상봉동 800-1
진주평거우방아이유쉘스카이팰리스,2024-02-26,34000,84.0198,15,2019,평거동 1137
평거휴먼시아3단지,2024-02-25,32000,84.97,11,2011,평거동 897
엠코타운더프라하,2024-02-23,30000,67.2755,4,2014,평거동 1132
들말한보타운,2024-02-25,17000,59.8,10,1997,평거동 192-1
한림풀에버,2024-02-22,33000,84.9644,16,2015,충무공동 77
프리미어웰가,2024-02-23,17800,59.9527,27,2021,가좌동 1945
덕산,2024-02-14,11000,84.96,9,1995,이현동 235-1
이현하이클래스웰가,2024-02-02,38000,176.73,19,2008,이현동 1180
진주정촌대경파미르,2024-02-22,13000,76.253,9,2019,정촌면 예하리 1286
진주푸르지오1단지,2024-02-14,25000,115.1967,17,2007,금산면 장사리 962-1
가좌주공1차,2024-02-21,12500,49.94,7,1993,가좌동 660
진주혁신도시센텀리버파크,2024-02-22,33000,84.95,9,2013,충무공동 191
신안주공2,2024-02-22,14000,59.8,15,1996,신안동 707-1
한보(하대3차),2024-02-15,8900,58.5,7,1993,하대동 75-17
진주강남동일동미라주,2024-02-08,35000,109.9586,3,2021,강남동 387
한주럭키타운,2024-02-20,19800,84.81,5,1990,주약동 156
더퀸즈웰가,2024-02-21,23000,58.7908,30,2015,평거동 1130
한주럭키타운,2024-02-20,19800,84.81,5,1990,주약동 156
현대금빛마을,2024-02-21,6000,59.28,5,2000,집현면 봉강리 249
하대주공,2024-02-02,7000,44.3,4,1982,하대동 73-1
진주정촌대경파미르,2024-02-14,25000,84.9426,20,2019,정촌면 예하리 1286
가좌주공1차,2024-02-21,12500,49.94,7,1993,가좌동 660
진주문산파란채,2024-02-16,18000,84.9015,10,2010,문산읍 삼곡리 1224
주공그린빌,2024-02-18,14400,51.74,6,2005,가좌동 573-1
진주초장엠코타운더이스턴파크,2024-02-20,28800,73.6669,17,2014,초전동 1669
진주혁신코오롱하늘채,2024-02-20,29000,75.99,10,2014,충무공동 230
진주혁신도시센텀리버파크,2024-02-05,34000,84.95,7,2013,충무공동 191
진주혁신도시센텀리버파크,2024-02-05,34000,84.95,7,2013,충무공동 191
진주혁신도시대방노블랜드더캐슬아파트,2024-02-02,47000,103.3591,6,2018,충무공동 296
혁신도시엘에이치아파트8단지,2024-02-19,25500,59.97,15,2015,충무공동 300
진주혁신도시중흥에스-클래스더프라임,2024-02-17,42000,97.7268,8,2019,충무공동 90
진주혁신코오롱하늘채,2024-02-19,32000,84.95,14,2014,충무공동 230
신안주공1,2024-02-19,22500,84.98,2,1998,신안동 708-1
진주혁신코오롱하늘채,2024-02-19,33000,84.95,3,2014,충무공동 230
진주혁신도시센텀리버파크,2024-02-17,34000,84.95,9,2013,충무공동 191
진주혁신코오롱하늘채,2024-02-19,33000,84.95,20,2014,충무공동 230
센트렐웰가,2024-02-13,37500,84.9914,4,2018,가좌동 1981
진주우방아이유쉘,2024-02-19,26000,84.9578,5,2017,정촌면 예하리 1296
촉석맨션,2024-02-16,6500,52.46,4,1980,상평동 219-91
혁신도시엘에이치아파트9단지,2024-02-17,28000,59.97,14,2017,충무공동 302
센트렐웰가,2024-02-15,35000,84.9914,32,2018,가좌동 1981
진주혁신도시중흥에스-클래스센트럴시티4단지,2024-02-14,39000,84.9815,8,2020,충무공동 295
신안주공2,2024-02-07,8500,39.99,15,1996,신안동 707-1
센트렐웰가,2024-02-06,34000,84.9222,4,2018,가좌동 1981
가좌주공1차,2024-02-14,10800,41.3,11,1993,가좌동 660
진주정촌대경파미르,2024-02-08,26000,84.9426,8,2019,정촌면 예하리 1286
진주혁신도시센텀리버파크,2024-02-16,30000,75.76,5,2013,충무공동 191
평거현대1,2024-02-03,13500,59.4,10,1993,신안동 454-3
한보(하대3차),2024-02-15,8900,58.5,7,1993,하대동 75-17
한림풀에버,2024-02-08,30000,84.9088,11,2015,충무공동 77
진주혁신코오롱하늘채,2024-02-15,33000,84.95,14,2014,충무공동 230
프리미어웰가,2024-02-14,17800,59.9964,1,2021,가좌동 1945
평거휴먼시아3단지,2024-02-15,30000,84.98,4,2011,평거동 897
진주혁신코오롱하늘채,2024-02-13,33000,84.95,13,2014,충무공동 230
한주럭키타운,2024-02-14,19000,76.58,4,1990,주약동 156
더퀸즈웰가,2024-02-01,28000,58.7908,31,2015,평거동 1130
진주강남동일동미라주,2024-02-14,30000,84.9831,25,2021,강남동 387
한림풀에버,2024-02-14,35000,84.9644,7,2015,충무공동 77
휴앤인엘리시움,2024-02-08,25350,84.7831,13,2019,충무공동 134
가좌주공1차,2024-02-13,10000,38.64,9,1993,가좌동 660
더퀸즈웰가,2024-02-12,37000,84.7157,11,2015,평거동 1130
진주문산파란채,2024-02-02,18000,84.9015,1,2010,문산읍 삼곡리 1224
주공그린빌,2024-02-08,22000,84.9,18,2005,가좌동 573-1
진주혁신도시센텀리버파크,2024-02-05,34000,84.95,7,2013,충무공동 191
진주혁신도시대방노블랜드더캐슬아파트,2024-02-05,45000,84.9899,19,2018,충무공동 296
혁신도시엘에이치아파트8단지,2024-02-02,26000,59.97,12,2015,충무공동 300
혁신도시엘에이치아파트8단지,2024-02-08,27000,59.96,18,2015,충무공동 300
진주혁신도시센텀리버파크,2024-02-05,33000,84.88,12,2013,충무공동 191
신안주공2,2024-02-01,11000,59.8,15,1996,신안동 707-1
스카이시티프라디움,2024-02-06,35000,84.9898,17,2019,가좌동 1958
가좌주공1차,2024-02-05,13500,49.94,13,1993,가좌동 660
진주정촌대경파미르,2024-02-05,26000,84.9426,5,2019,정촌면 예하리 1286
한보힐타워,2024-02-01,6985,56.94,5,1992,하대동 141-3
한주럭키타운,2024-02-05,16000,76.58,1,1990,주약동 156
순화가밀라씨티빌,2024-02-02,4000,39.49,6,2003,봉곡동 469-9
신안주공2,2024-02-04,11800,49.97,1,1996,신안동 707-1
엠코타운더프라하,2024-02-07,38000,84.933,9,2014,평거동 1132
진주혁신도시중흥에스-클래스센트럴시티3단지,2024-02-04,40000,84.8046,25,2020,충무공동 298
진주혁신도시라온프라이빗아파트,2024-02-04,37000,84.8922,12,2017,충무공동 195
혁신도시엘에이치아파트8단지,2024-02-01,27000,59.97,15,2015,충무공동 300
진주센트럴자이,2024-02-01,24000,84.9059,12,2013,상평동 1069
금산흥한골든빌,2024-02-07,14500,84.88,2,2002,금산면 장사리 1000
포레나신진주,2024-02-01,30000,84.9543,8,2019,가좌동 2056
가좌주공1차,2024-02-06,12000,41.3,15,1993,가좌동 660
가좌주공1차,2024-02-06,12000,41.3,15,1993,가좌동 660
진주평거엘크루,2024-02-03,38000,84.9195,11,2016,평거동 919
혁신도시엘에이치아파트8단지,2024-02-08,26250,59.97,19,2015,충무공동 300
진주혁신도시센텀리버파크,2024-02-08,33000,84.95,2,2013,충무공동 191
금산흥한골든빌,2024-02-02,11000,58.12,8,2002,금산면 장사리 1000
진주평거엘크루,2024-02-06,39000,84.9195,6,2016,평거동 919
진주문산파란채,2024-02-02,18000,84.8829,5,2010,문산읍 삼곡리 1224
혁신도시엘에이치아파트8단지,2024-02-06,27000,59.97,11,2015,충무공동 300
진주초장엠코타운더이스턴파크,2024-02-06,27000,73.556,11,2014,초전동 1669
한림풀에버,2024-02-01,33000,84.9088,5,2015,충무공동 77
진주혁신코오롱하늘채,2024-02-05,30000,75.99,4,2014,충무공동 230
혁신도시엘에이치아파트8단지,2024-02-06,27000,59.97,11,2015,충무공동 300
진주혁신도시센텀리버파크,2024-02-07,32000,84.95,6,2013,충무공동 191
혁신도시엘에이치아파트8단지,2024-02-07,25000,59.97,8,2015,충무공동 300
진주혁신도시중흥에스-클래스더프라임,2024-02-05,45000,110.6238,7,2019,충무공동 90
혁신도시엘에이치아파트9단지,2024-02-03,27000,59.97,18,2017,충무공동 302
금호석류,2024-02-01,21000,84.87,12,1999,주약동 407-1
진주혁신도시중흥에스-클래스더퍼스트,2024-02-05,50500,99.864,14,2020,충무공동 275
혁신도시엘에이치아파트8단지,2024-02-07,26000,59.96,16,2015,충무공동 300
진주혁신코오롱하늘채,2024-02-01,35000,84.95,13,2014,충무공동 230
진주혁신도시중흥에스-클래스더퍼스트,2024-02-01,53000,99.9097,7,2020,충무공동 275
현대,2024-03-25,17000,59.92,2,2000,주약동 360
진주혁신도시중흥에스-클래스더프라임,2024-03-29,38000,97.7268,2,2019,충무공동 90
진주정촌대경파미르,2024-03-23,24000,84.9625,9,2019,정촌면 예하리 1286
스카이시티프라디움,2024-03-22,30000,84.9818,12,2019,가좌동 1958
국화,2024-03-19,3600,45.81,4,1991,옥봉동 187-1
진주혁신도시중흥에스-클래스센트럴시티3단지,2024-03-09,38000,84.9815,8,2020,충무공동 298
스카이시티프라디움,2024-03-22,30000,84.9818,12,2019,가좌동 1958
현대,2024-03-29,19000,102.68,1,2000,주약동 360
진주혁신코오롱하늘채,2024-03-08,33000,84.95,20,2014,충무공동 230
진주혁신코오롱하늘채,2024-03-08,31500,75.99,14,2014,충무공동 230
진주혁신도시중흥에스-클래스더프라임,2024-03-29,35000,97.7268,5,2019,충무공동 90
신진주라비에데시앙,2024-03-08,32000,84.9301,12,2024,가좌동 2092
신진주라비에데시앙,2024-03-08,32000,84.9301,12,2024,가좌동 2092
이화맨션,2024-03-27,5000,84.63,4,1989,망경동 439-15
평거하우스토리,2024-03-27,35000,134.1,3,2009,평거동 150-4
진주포레스트부영,2024-03-19,17060,59.9925,20,2020,충무공동 145
신진주역세권우미린더시그니처,2024-03-08,35000,84.986,2,2024,가좌동 1986
스카이시티프라디움,2024-03-28,38000,84.9818,39,2019,가좌동 1958
평거주공1차,2024-03-13,9975,46.68,5,1988,평거동 326
진주정촌대경파미르,2024-03-08,22000,66.6161,12,2019,정촌면 예하리 1286
신진주라비에데시앙,2024-03-23,30000,84.9301,8,2024,가좌동 2092
신진주역세권우미린더시그니처,2024-03-08,35000,84.986,2,2024,가좌동 1986
더퀸즈웰가,2024-03-18,28500,58.4018,11,2015,평거동 1130
진주우방아이유쉘,2024-03-27,23000,84.9756,9,2017,정촌면 예하리 1296
진주혁신도시센텀리버파크,2024-03-12,34000,84.83,12,2013,충무공동 191
원정로얄팰리스,2024-03-19,19000,76.25,6,2005,평거동 146
진주혁신코오롱하늘채,2024-03-05,27000,84.95,1,2014,충무공동 230
진주정촌대경파미르,2024-03-25,22000,66.6161,17,2019,정촌면 예하리 1286
남강휴먼빌,2024-03-11,30000,120.5794,7,2010,내동면 독산리 1104
포레나신진주,2024-03-25,31000,84.9543,11,2019,가좌동 2056
진주푸르지오1단지,2024-03-21,19800,84.9726,15,2007,금산면 장사리 962-1
대경그린파크,2024-03-18,8000,59.85,3,1994,평거동 136-6
진주혁신도시중흥에스-클래스더프라임,2024-03-13,46500,110.6238,12,2019,충무공동 90
진주혁신코오롱하늘채,2024-03-22,32000,75.99,4,2014,충무공동 230
진주평거엘크루,2024-03-24,38000,84.9195,12,2016,평거동 919
진주혁신코오롱하늘채,2024-03-29,32000,84.95,11,2014,충무공동 230
한림풀에버,2024-03-30,30000,84.9644,9,2015,충무공동 77
혁신도시엘에이치아파트8단지,2024-03-28,27000,59.97,9,2015,충무공동 300
가좌주공1차,2024-03-31,9000,41.3,5,1993,가좌동 660
엠코타운더프라하,2024-03-23,35000,84.9651,7,2014,평거동 1132
금산흥한골든빌,2024-03-21,5500,37.84,11,2002,금산면 장사리 1000
하대주공,2024-03-29,8000,44.03,1,1982,하대동 73-1
진주혁신코오롱하늘채,2024-03-31,31000,75.99,11,2014,충무공동 230
진주혁신코오롱하늘채,2024-03-26,34000,84.95,16,2014,충무공동 230
진주혁신도시중흥에스-클래스센트럴시티3단지,2024-03-26,40000,99.8146,26,2020,충무공동 298
진주초장엠코타운더이스턴파크,2024-03-31,25000,73.6669,21,2014,초전동 1669
가좌주공1차,2024-03-23,11000,44.94,5,1993,가좌동 660
포레나신진주,2024-03-25,31000,84.9543,11,2019,가좌동 2056
진주초전푸르지오2단지,2024-03-17,26000,101.977,22,2010,초전동 1637-1
평거휴먼시아4단지,2024-03-21,31000,84.95,8,2011,평거동 797
진주혁신도시라온프라이빗아파트,2024-03-22,31500,84.8827,23,2017,충무공동 195
금산아이파크,2024-03-15,18000,84.17,17,2004,금산면 장사리 965-1
현대,2024-03-11,17500,84.55,2,1989,신안동 20
진주평거우방아이유쉘스카이팰리스,2024-03-22,35000,84.0198,10,2019,평거동 1137
진주우방아이유쉘,2024-03-27,23000,84.9756,9,2017,정촌면 예하리 1296
포레나신진주,2024-03-30,33000,84.9543,16,2019,가좌동 2056
엠코타운더프라하,2024-03-04,44000,100.8222,14,2014,평거동 1132
건영아모리움,2024-03-10,27000,78.466,19,2017,평거동 141
대영,2024-03-22,10000,84.86,8,1992,하대동 654-2
들말대경,2024-03-11,20500,76.23,13,1998,평거동 190
현대,2024-03-25,15500,59.96,15,1997,초전동 805
주공그린빌,2024-03-07,17000,59.27,10,2005,가좌동 573-1
진주혁신도시중흥에스-클래스센트럴시티3단지,2024-03-09,38000,84.9815,8,2020,충무공동 298
혁신도시엘에이치아파트9단지,2024-03-04,27000,59.97,15,2017,충무공동 302
가좌주공2차,2024-03-04,14000,49.94,11,1993,가좌동 660
진주정촌대경파미르,2024-03-09,23000,84.9426,7,2019,정촌면 예하리 1286
진주초장엠코타운더이스턴파크,2024-03-19,26000,73.6669,22,2014,초전동 1669
더퀸즈웰가,2024-03-30,30000,58.7908,27,2015,평거동 1130
가좌주공1차,2024-03-19,11000,41.3,8,1993,가좌동 660
진주평거엘크루,2024-03-31,36000,84.9624,14,2016,평거동 919
신안주공2,2024-03-30,16000,59.8,9,1996,신안동 707-1
신안주공1,2024-03-25,22000,84.53,15,1998,신안동 708-1
초전해모로루비채4단지,2024-03-27,20000,100.8994,28,2014,초전동 1670
들말흥한타운,2024-03-14,15200,59.871,15,1998,평거동 191-1
주공그린빌,2024-03-13,14500,51.74,20,2005,가좌동 573-1
센트렐웰가,2024-03-27,32000,84.9222,23,2018,가좌동 1981
진주혁신도시라온프라이빗아파트,2024-03-11,37000,79.0385,15,2017,충무공동 195
가좌주공1차,2024-03-14,10500,38.64,15,1993,가좌동 660
주공그린빌,2024-03-30,17000,59.27,11,2005,가좌동 573-1
진주혁신도시중흥에스-클래스센트럴시티3단지,2024-03-30,40000,99.8146,29,2020,충무공동 298
진주혁신코오롱하늘채,2024-03-31,29400,84.95,15,2014,충무공동 230
금산아이파크,2024-03-12,15300,59.78,5,2004,금산면 장사리 965-1
진주혁신도시중흥에스-클래스센트럴시티3단지,2024-03-11,30000,84.8046,24,2020,충무공동 298
진주혁신도시중흥에스-클래스센트럴시티3단지,2024-03-11,30000,84.8046,24,2020,충무공동 298
한림풀에버,2024-03-09,30000,67.1597,13,2015,충무공동 77
동신,2024-03-29,6000,59.92,2,1992,명석면 우수리 110-1
센트렐웰가,2024-03-22,28000,75.3872,12,2018,가좌동 1981
금호석류,2024-03-28,20000,84.87,1,1999,주약동 407-1
진주우방아이유쉘,2024-03-27,23000,84.9756,9,2017,정촌면 예하리 1296
미르젠,2024-03-15,11000,51.01,6,2017,하대동 603-8
엠코타운더프라하,2024-03-21,38000,84.933,14,2014,평거동 1132
진주초전푸르지오2단지,2024-03-15,36000,101.977,21,2010,초전동 1637-1
진주혁신코오롱하늘채,2024-03-26,31500,75.99,16,2014,충무공동 230
진주혁신코오롱하늘채,2024-03-26,31500,75.99,16,2014,충무공동 230
센트렐웰가,2024-03-26,33000,84.9222,1,2018,가좌동 1981
금산흥한골든빌,2024-03-26,9400,58.12,11,2002,금산면 장사리 1000
신안주공2,2024-03-22,4000,49.97,4,1996,신안동 707-1
한림풀에버,2024-03-25,29000,67.3717,4,2015,충무공동 77
신안주공2,2024-03-25,14500,59.8,6,1996,신안동 707-1
진주정촌대경파미르,2024-03-25,22000,66.6161,17,2019,정촌면 예하리 1286
진주혁신도시중흥에스-클래스더퍼스트,2024-03-23,56000,113.4763,3,2020,충무공동 275
프리미어웰가,2024-03-05,17800,59.9964,1,2021,가좌동 1945
진주혁신도시중흥에스-클래스더프라임,2024-03-10,42000,84.9912,12,2019,충무공동 90
신안주공1,2024-03-09,22000,84.53,15,1998,신안동 708-1
진주문산파란채,2024-03-01,15000,84.9015,3,2010,문산읍 삼곡리 1224
진주평거우방아이유쉘스카이팰리스,2024-03-22,40000,84.0198,10,2019,평거동 1137
엠코타운더프라하,2024-03-23,35000,84.9651,7,2014,평거동 1132
시티프라디움,2024-03-23,30000,84.9909,30,2020,가좌동 2058
센트렐웰가,2024-03-24,30000,75.5364,30,2018,가좌동 1981
진주정촌대경파미르,2024-03-23,25000,84.9625,10,2019,정촌면 예하리 1286
진주혁신코오롱하늘채,2024-03-23,30000,84.95,9,2014,충무공동 230
들말흥한타운,2024-03-23,16000,59.871,1,1998,평거동 191-1
포레나신진주,2024-03-21,30000,84.9543,12,2019,가좌동 2056
진주혁신도시센텀리버파크,2024-03-17,32400,75.76,24,2013,충무공동 191
진주혁신코오롱하늘채,2024-03-22,33000,84.95,10,2014,충무공동 230
더퀸즈웰가,2024-03-18,28500,58.4018,11,2015,평거동 1130
진주혁신도시센텀리버파크,2024-03-07,27563,84.88,24,2013,충무공동 191
프리미어웰가,2024-03-15,17800,59.9964,7,2021,가좌동 1945
가호에일린의뜰,2024-03-16,30000,84.9982,8,2012,가좌동 1936
포레나신진주,2024-03-16,29000,84.9515,29,2019,가좌동 2056
센트렐웰가,2024-03-15,34000,84.9914,9,2018,가좌동 1981
스카이시티프라디움,2024-03-17,28000,84.9898,9,2019,가좌동 1958
건영아모리움,2024-03-10,27000,78.466,19,2017,평거동 141
진주혁신코오롱하늘채,2024-03-20,31000,84.95,16,2014,충무공동 230
엠코타운더프라하,2024-03-16,45000,101.5684,20,2014,평거동 1132
진주조합주택,2024-03-06,4000,61.41,5,1984,상평동 199-4
들말흥한타운,2024-03-19,24000,99.85,5,1998,평거동 191-1
진주평거엘크루,2024-03-20,42000,84.9195,8,2016,평거동 919
진주혁신도시중흥에스-클래스더프라임,2024-03-18,35000,84.9858,20,2019,충무공동 90
신안주공3,2024-03-18,14850,59.8,7,1997,신안동 705-1
혁신도시엘에이치아파트8단지,2024-03-17,25000,59.97,14,2015,충무공동 300
대경아르떼빌,2024-03-15,7600,31.02,2,2002,호탄동 620-1
주공그린빌,2024-03-19,18000,59.27,10,2005,가좌동 573-1
프리미어웰가,2024-03-19,17800,59.9964,9,2021,가좌동 1945
센트렐웰가,2024-03-16,28000,59.4732,3,2018,가좌동 1981
평거현대2,2024-03-19,15500,59.92,7,1994,신안동 454-2
대경아르떼빌,2024-03-19,9000,31.02,5,2002,호탄동 620-1
혁신도시엘에이치아파트8단지,2024-03-18,26000,59.97,16,2015,충무공동 300
혁신도시엘에이치아파트9단지,2024-03-18,23000,59.97,7,2017,충무공동 302
주공그린빌,2024-03-17,17100,59.27,13,2005,가좌동 573-1
진주혁신도시대방노블랜드더캐슬아파트,2024-03-02,44000,84.9474,8,2018,충무공동 296
혁신도시엘에이치아파트9단지,2024-03-16,26500,59.97,21,2017,충무공동 302
혁신도시엘에이치아파트9단지,2024-03-16,27500,59.97,24,2017,충무공동 302
진주우방아이유쉘,2024-03-16,25000,84.9578,4,2017,정촌면 예하리 1296
진주혁신코오롱하늘채,2024-03-17,31000,84.95,18,2014,충무공동 230
진주우방아이유쉘,2024-03-11,26000,84.9578,13,2017,정촌면 예하리 1296
평거주공1차,2024-03-15,10000,39.69,5,1988,평거동 326
금산e편한세상,2024-03-13,18000,149.6941,16,2008,금산면 장사리 768
대영,2024-03-11,7800,65.97,10,1992,하대동 654-2
미르젠,2024-03-06,11000,51.01,6,2017,하대동 603-8
신안국제맨션,2024-03-14,3500,40.04,3,1987,신안동 408-1
혁신도시엘에이치아파트9단지,2024-03-04,27000,59.97,15,2017,충무공동 302
금산아이파크,2024-03-12,15300,59.78,5,2004,금산면 장사리 965-1
한주럭키타운,2024-03-09,19800,84.81,4,1990,주약동 156
진주혁신코오롱하늘채,2024-03-13,33000,84.95,13,2014,충무공동 230
건영아모리움,2024-03-09,27900,79.5826,24,2017,평거동 141
진주포레스트부영,2024-03-13,17060,59.9885,7,2020,충무공동 145
힐스테이트초전,2024-03-13,38000,84.9196,12,2019,초전동 1665
평거휴먼시아4단지,2024-03-09,32000,84.91,15,2011,평거동 797
포레나신진주,2024-03-10,30000,84.9543,33,2019,가좌동 2056
신안주공1,2024-03-09,24300,84.98,3,1998,신안동 708-1
진주혁신도시중흥에스-클래스더프라임,2024-03-10,49000,110.6238,12,2019,충무공동 90
스카이시티프라디움,2024-03-12,30000,84.991,26,2019,가좌동 1958
포레나신진주,2024-03-11,30500,84.9515,25,2019,가좌동 2056
신진주역세권우미린더시그니처,2024-03-07,30000,84.9888,10,2024,가좌동 1986
한주럭키타운,2024-03-09,13230,84.81,12,1990,주약동 156
포레나신진주,2024-03-10,30000,84.9515,36,2019,가좌동 2056
진주정촌대경파미르,2024-03-11,27000,84.9426,2,2019,정촌면 예하리 1286
들말한보타운,2024-03-08,17500,59.8,11,1997,평거동 192-1
들말한보타운,2024-03-09,17000,59.8,8,1997,평거동 192-1
상봉1,2024-03-03,2800,41.389,3,1976,상봉동 800-1
엠코타운더프라하,2024-03-08,34000,84.9651,19,2014,평거동 1132
두산위브,2024-03-08,17000,84.991,16,2009,금산면 장사리 705
주공그린빌,2024-03-07,17000,59.27,10,2005,가좌동 573-1
진주포레스트부영,2024-03-08,17060,59.9885,5,2020,충무공동 145
한림풀에버,2024-03-08,30000,84.9088,5,2015,충무공동 77
신안주공3,2024-03-01,8500,39.99,1,1997,신안동 705-1
한림풀에버,2024-03-08,30000,84.9088,5,2015,충무공동 77
진주혁신도시센텀리버파크,2024-03-07,33000,84.83,5,2013,충무공동 191
센트렐웰가,2024-03-05,35000,84.9222,23,2018,가좌동 1981
진주혁신도시라온프라이빗아파트,2024-03-03,38000,84.8922,3,2017,충무공동 195
금산흥한골든빌,2024-03-07,7300,48.31,14,2002,금산면 장사리 1000
스카이시티프라디움,2024-03-01,30000,84.991,34,2019,가좌동 1958
스카이시티프라디움,2024-03-01,31000,84.9898,8,2019,가좌동 1958
동일스위트,2024-03-02,20000,84.9164,4,2008,상평동 1068-1
이지더원,2024-03-01,34000,84.9614,15,2018,초전동 1673
진주포레스트부영,2024-03-04,17060,59.9885,6,2020,충무공동 145
시티프라디움,2024-03-04,30000,84.9941,23,2020,가좌동 2058
더퀸즈웰가,2024-03-05,27000,66.3912,18,2015,평거동 1130
진주혁신도시중흥에스-클래스더프라임,2024-03-02,43000,97.7268,15,2019,충무공동 90
더퀸즈웰가,2024-03-05,30000,66.3912,18,2015,평거동 1130
혁신도시엘에이치아파트9단지,2024-03-04,27000,59.97,24,2017,충무공동 302
엠코타운더프라하,2024-03-02,36000,84.9651,22,2014,평거동 1132
힐스테이트초전,2024-03-02,37000,84.9351,13,2019,초전동 1665
진주혁신도시라온프라이빗아파트,2024-03-04,33000,84.8922,24,2017,충무공동 195
신안주공2,2024-03-04,15800,59.8,15,1996,신안동 707-1
혁신도시엘에이치아파트9단지,2024-03-01,28000,59.97,25,2017,충무공동 302
주공그린빌,2024-04-23,22000,84.9,4,2005,가좌동 573-1
주공그린빌,2024-04-22,17000,59.27,15,2005,가좌동 573-1
혁신도시엘에이치아파트9단지,2024-04-14,26000,59.97,2,2017,충무공동 302
혁신도시엘에이치아파트9단지,2024-04-14,27000,59.97,22,2017,충무공동 302
스카이시티프라디움,2024-04-27,30000,84.9818,25,2019,가좌동 1958
현대,2024-04-28,12000,59.89,24,1996,하대동 101
가좌주공1차,2024-04-20,12000,41.3,8,1993,가좌동 660
더퀸즈웰가,2024-04-13,28000,58.4018,20,2015,평거동 1130
가좌주공1차,2024-04-10,12000,41.3,15,1993,가좌동 660
금호석류,2024-04-26,29200,84.87,1,1999,주약동 407-1
진주초전푸르지오1단지,2024-04-22,37000,134.68,20,2009,초전동 1640-1
주공그린빌,2024-04-22,17000,59.27,15,2005,가좌동 573-1
주공그린빌,2024-04-23,22000,84.9,4,2005,가좌동 573-1
금호석류,2024-04-26,21300,84.87,1,1999,주약동 407-1
가좌주공1차,2024-04-23,9000,41.3,10,1993,가좌동 660
가좌주공1차,2024-04-19,9000,49.94,7,1993,가좌동 660
하대주공,2024-04-03,8000,44.3,5,1982,하대동 73-1
혁신도시엘에이치5단지,2024-04-19,30000,84.95,15,2014,충무공동 234
더퀸즈웰가,2024-04-20,28500,66.3912,22,2015,평거동 1130
신진주역세권우미린더시그니처,2024-04-13,33000,84.9888,11,2024,가좌동 1986
스카이시티프라디움,2024-04-03,29000,84.991,25,2019,가좌동 1958
엠코타운더프라하,2024-04-13,34000,84.9651,8,2014,평거동 1132
포레나신진주,2024-04-20,35000,84.9543,20,2019,가좌동 2056
신진주역세권우미린더시그니처,2024-04-16,35000,84.986,20,2024,가좌동 1986
진주정촌대경파미르,2024-04-27,24000,84.9625,14,2019,정촌면 예하리 1286
신진주라비에데시앙,2024-04-27,29500,84.9301,6,2024,가좌동 2092
신진주역세권우미린더시그니처,2024-04-06,35000,84.986,12,2024,가좌동 1986
신진주역세권우미린더시그니처,2024-04-11,30000,84.986,2,2024,가좌동 1986
진주문산코아루,2024-04-30,22000,84.591,19,2010,문산읍 소문리 2421
휴앤인엘리시움,2024-04-30,32000,84.8578,7,2019,충무공동 134
신진주라비에데시앙,2024-04-13,27000,84.9301,2,2024,가좌동 2092
주공그린빌,2024-04-12,17000,59.27,17,2005,가좌동 573-1
진주혁신도시대방노블랜드더캐슬아파트,2024-04-28,52000,104.8302,11,2018,충무공동 296
진주혁신도시중흥에스-클래스더프라임,2024-04-28,36000,84.9912,23,2019,충무공동 90
센트렐웰가,2024-04-05,30000,75.5364,4,2018,가좌동 1981
신진주라비에데시앙,2024-04-19,31000,84.9301,13,2024,가좌동 2092
혁신도시엘에이치아파트8단지,2024-04-10,26000,59.97,10,2015,충무공동 300
센트렐웰가,2024-04-05,30000,75.5364,4,2018,가좌동 1981
혁신도시엘에이치아파트9단지,2024-04-14,26000,59.97,2,2017,충무공동 302
엠코타운더프라하,2024-04-27,38010,84.933,20,2014,평거동 1132
엠코타운더프라하,2024-04-27,38010,84.933,20,2014,평거동 1132
혁신도시엘에이치아파트9단지,2024-04-13,27000,59.97,20,2017,충무공동 302
대경아르떼빌,2024-04-25,8700,31.02,4,2002,호탄동 620-1
신진주라비에데시앙,2024-04-14,29000,84.9301,11,2024,가좌동 2092
진주혁신코오롱하늘채,2024-04-11,29000,84.95,4,2014,충무공동 230
대경강남타운,2024-04-12,18000,94.68,9,1997,강남동 233
신진주라비에데시앙,2024-04-13,29000,84.9301,12,2024,가좌동 2092
센트렐웰가,2024-04-13,36000,84.8133,32,2018,가좌동 1981
현대성우트리팰리스,2024-04-13,23000,134.53,3,2006,주약동 156-1
진주포레스트부영,2024-04-29,17332,59.9885,9,2020,충무공동 145
신진주라비에데시앙,2024-04-06,33000,84.9301,10,2024,가좌동 2092
금산흥한골든빌,2024-04-23,13000,73.61,7,2002,금산면 장사리 1000
시티프라디움,2024-04-30,30000,84.9941,14,2020,가좌동 2058
가좌주공1차,2024-04-22,12000,41.3,7,1993,가좌동 660
금산흥한골든빌,2024-04-23,13000,73.61,7,2002,금산면 장사리 1000
센트렐웰가,2024-04-04,34000,84.9222,6,2018,가좌동 1981
신진주역세권우미린더시그니처,2024-04-23,29000,84.986,2,2024,가좌동 1986
신진주역세권우미린더시그니처,2024-04-29,30000,84.9888,7,2024,가좌동 1986
진주혁신도시중흥에스-클래스센트럴시티3단지,2024-04-23,43000,99.8146,15,2020,충무공동 298
가좌주공1차,2024-04-20,11000,41.3,8,1993,가좌동 660
신안주공3,2024-04-29,14850,59.8,5,1997,신안동 705-1
진주정촌대경파미르,2024-04-21,26000,84.9426,12,2019,정촌면 예하리 1286
가좌주공1차,2024-04-19,14000,49.94,2,1993,가좌동 660
혁신도시엘에이치아파트9단지,2024-04-01,27000,59.97,13,2017,충무공동 302
시티프라디움,2024-04-30,30000,84.9941,14,2020,가좌동 2058
한주한보,2024-04-11,9900,59.73,14,1995,강남동 170
센트렐웰가,2024-04-20,29000,75.7795,9,2018,가좌동 1981
진주혁신도시중흥에스-클래스센트럴시티3단지,2024-04-19,35000,84.8046,24,2020,충무공동 298
주공그린빌,2024-04-20,17900,59.27,6,2005,가좌동 573-1
남강휴먼빌,2024-04-29,24000,84.9499,19,2010,내동면 독산리 1104
더퀸즈웰가,2024-04-21,28000,58.7908,16,2015,평거동 1130
센트렐웰가,2024-04-13,36000,84.8133,32,2018,가좌동 1981
가좌주공1차,2024-04-10,12000,41.3,15,1993,가좌동 660
혁신도시엘에이치아파트9단지,2024-04-09,25000,59.97,21,2017,충무공동 302
센트렐웰가,2024-04-17,30000,84.9222,3,2018,가좌동 1981
혁신도시엘에이치아파트9단지,2024-04-09,25000,59.97,21,2017,충무공동 302
신안주공2,2024-04-20,12300,49.97,12,1996,신안동 707-1
현대,2024-04-28,11900,59.89,24,1996,하대동 101
센트렐웰가,2024-04-30,30000,84.9222,14,2018,가좌동 1981
진주초장엠코타운더이스턴파크,2024-04-28,29000,84.977,25,2014,초전동 1669
진주초전푸르지오2단지,2024-04-06,37500,125.029,13,2010,초전동 1637-1
진주혁신도시대방노블랜드더캐슬아파트,2024-04-18,40000,84.9899,14,2018,충무공동 296
휴앤인엘리시움,2024-04-02,31000,84.7831,11,2019,충무공동 134
진주정촌대경파미르,2024-04-17,24000,84.9426,15,2019,정촌면 예하리 1286
힐스테이트초전,2024-04-01,36000,84.9196,18,2019,초전동 1665
진주초장엠코타운더이스턴파크,2024-04-28,29000,84.977,25,2014,초전동 1669
포레나신진주,2024-04-06,28000,84.9515,3,2019,가좌동 2056
진주혁신도시중흥에스-클래스더프라임,2024-04-28,36000,84.9912,23,2019,충무공동 90
하대주공,2024-04-29,7500,44.3,4,1982,하대동 73-1
가좌주공2차,2024-04-22,11475,44.94,2,1993,가좌동 660
들말한보타운,2024-04-26,17100,59.8,14,1997,평거동 192-1
상봉1,2024-04-29,3000,40.44,3,1976,상봉동 800-1
스카이시티프라디움,2024-04-27,30000,84.9818,25,2019,가좌동 1958
힐스테이트초전,2024-04-26,23764,84.9196,7,2019,초전동 1665
진주평거엘크루,2024-04-26,27000,72.6786,11,2016,평거동 919
이지더원,2024-04-26,41000,113.588,7,2018,초전동 1673
진주정촌대경파미르,2024-04-28,23000,84.9625,12,2019,정촌면 예하리 1286
신진주역세권우미린더시그니처,2024-04-27,33000,84.986,6,2024,가좌동 1986
진주혁신도시대방노블랜드더캐슬아파트,2024-04-10,52000,103.3591,20,2018,충무공동 296
건영아모리움,2024-04-27,27000,77.3871,7,2017,평거동 141
혁신도시엘에이치아파트9단지,2024-04-13,27000,59.97,20,2017,충무공동 302
평거휴먼시아3단지,2024-04-27,34000,84.95,2,2011,평거동 897
포레나신진주,2024-04-28,29000,84.9543,32,2019,가좌동 2056
진주포레스트부영,2024-04-23,17332,59.9885,2,2020,충무공동 145
신안주공2,2024-04-06,14100,59.8,12,1996,신안동 707-1
금산아이파크,2024-04-27,19000,115.68,8,2004,금산면 장사리 965-1
진주포레스트부영,2024-04-29,17332,59.9885,2,2020,충무공동 145
화인,2024-04-21,7000,83.315,4,1994,상봉동 615-2
이지더원,2024-04-09,35000,84.9614,18,2018,초전동 1673
신진주역세권우미린더시그니처,2024-04-26,50000,116.8943,11,2024,가좌동 1986
주공그린빌,2024-04-25,17000,59.27,10,2005,가좌동 573-1
평거휴먼시아4단지,2024-04-23,31000,84.95,8,2011,평거동 797
주공그린빌,2024-04-19,17100,59.27,3,2005,가좌동 573-1
진주혁신코오롱하늘채,2024-04-12,29000,84.95,2,2014,충무공동 230
진주혁신코오롱하늘채,2024-04-12,31000,84.95,16,2014,충무공동 230
한림풀에버,2024-04-12,30000,84.9644,2,2015,충무공동 77
혁신도시엘에이치아파트8단지,2024-04-04,27000,59.97,7,2015,충무공동 300
진주혁신코오롱하늘채,2024-04-01,30000,84.95,9,2014,충무공동 230
진주혁신코오롱하늘채,2024-04-12,31000,84.95,20,2014,충무공동 230
진주혁신도시라온프라이빗아파트,2024-04-14,36000,84.8827,10,2017,충무공동 195
엠코타운더프라하,2024-04-23,30000,66.5175,6,2014,평거동 1132
흥한타운2,2024-04-03,13000,59.935,5,1995,신안동 454-4
평거휴먼시아4단지,2024-04-23,31000,84.95,8,2011,평거동 797
평거주공1차,2024-04-23,10000,39.69,4,1988,평거동 326
진주혁신코오롱하늘채,2024-04-23,28000,75.99,16,2014,충무공동 230
진주혁신코오롱하늘채,2024-04-23,28000,75.99,16,2014,충무공동 230
진주포레스트부영,2024-04-23,17332,59.9925,5,2020,충무공동 145
진주혁신코오롱하늘채,2024-04-04,31000,84.95,14,2014,충무공동 230
삼성,2024-04-20,17850,84.93,8,1996,호탄동 579-14
주공그린빌,2024-04-06,17000,59.27,7,2005,가좌동 573-1
가좌주공1차,2024-04-20,12000,41.3,8,1993,가좌동 660
진주포레스트부영,2024-04-19,17060,59.9925,21,2020,충무공동 145
스카이시티프라디움,2024-04-13,30000,84.9898,9,2019,가좌동 1958
센트렐웰가,2024-04-16,30000,75.3872,9,2018,가좌동 1981
진주혁신코오롱하늘채,2024-04-21,15000,75.84,18,2014,충무공동 230
일신,2024-04-12,9000,84.66,1,1991,하대동 610-2
흥한타운1,2024-04-20,12500,59.73,2,1993,신안동 454-1
혁신도시엘에이치아파트8단지,2024-04-16,24500,59.97,17,2015,충무공동 300
더퀸즈웰가,2024-04-20,28500,66.3912,22,2015,평거동 1130
스카이시티프라디움,2024-04-21,32000,84.991,32,2019,가좌동 1958
진주포레스트부영,2024-04-19,17332,59.9925,17,2020,충무공동 145
현대금빛마을,2024-04-05,9000,84.876,13,2000,집현면 봉강리 249
진주평거엘크루,2024-04-10,37000,84.9195,8,2016,평거동 919
휴앤인엘리시움,2024-04-17,29000,84.9666,24,2019,충무공동 134
진주혁신도시중흥에스-클래스더프라임,2024-04-16,39000,97.7268,9,2019,충무공동 90
동국강변타워1,2024-04-15,9000,80.82,8,1991,상평동 227
신진주역세권우미린더시그니처,2024-04-13,33000,84.9888,11,2024,가좌동 1986
진주혁신도시중흥에스-클래스더퍼스트,2024-04-17,50000,99.864,10,2020,충무공동 275
진주혁신도시센텀리버파크,2024-04-13,30000,84.95,14,2013,충무공동 191
삼전,2024-04-16,7000,59.72,3,1988,하대동 102-2
혁신도시엘에이치아파트8단지,2024-04-17,22000,59.97,1,2015,충무공동 300
현대금빛마을,2024-04-05,9000,84.876,13,2000,집현면 봉강리 249
하대주공,2024-04-03,8000,44.3,5,1982,하대동 73-1
혁신도시엘에이치아파트8단지,2024-04-17,22000,59.97,1,2015,충무공동 300
대경강남타운,2024-04-16,18000,94.68,18,1997,강남동 233
가좌주공1차,2024-04-09,13500,49.94,7,1993,가좌동 660
더퀸즈웰가,2024-04-16,29500,58.4018,18,2015,평거동 1130
가좌주공1차,2024-04-15,13500,49.94,11,1993,가좌동 660
진주혁신도시중흥에스-클래스센트럴시티3단지,2024-04-06,40000,99.8723,12,2020,충무공동 298
진흥더루벤스,2024-04-15,19000,122.956,11,2009,금산면 중천리 330
하대주공,2024-04-08,6500,44.03,5,1982,하대동 73-1
센트렐웰가,2024-04-05,30000,75.5364,4,2018,가좌동 1981
스카이시티프라디움,2024-04-13,33000,84.9898,27,2019,가좌동 1958
진주혁신코오롱하늘채,2024-04-12,33000,84.95,18,2014,충무공동 230
더퀸즈웰가,2024-04-13,28000,58.4018,20,2015,평거동 1130
엠코타운더프라하,2024-04-12,36000,84.9651,21,2014,평거동 1132
진주강남동일동미라주,2024-04-10,30000,84.9806,10,2021,강남동 387
초전해모로루비채4단지,2024-04-06,31000,84.9908,11,2014,초전동 1670
진주혁신도시중흥에스-클래스더프라임,2024-04-05,38000,97.7268,14,2019,충무공동 90
혁신도시엘에이치아파트8단지,2024-04-11,24000,59.97,19,2015,충무공동 300
혁신도시엘에이치아파트8단지,2024-04-11,24000,59.97,19,2015,충무공동 300
현대,2024-04-10,11000,59.89,2,1996,하대동 101
진흥더루벤스,2024-04-09,18500,84.9861,1,2009,금산면 중천리 330
미르젠,2024-04-10,11500,54.6,2,2017,하대동 603-8
신안주공2,2024-04-06,14800,59.8,12,1996,신안동 707-1
힐스테이트초전,2024-04-05,35000,84.9196,12,2019,초전동 1665
혁신도시엘에이치아파트9단지,2024-04-09,28000,59.97,10,2017,충무공동 302
진주혁신도시중흥에스-클래스더프라임,2024-04-08,36000,84.9858,15,2019,충무공동 90
대경아르떼빌,2024-04-06,11000,38.09,8,2002,호탄동 620-1
주공그린빌,2024-04-08,16000,51.74,3,2005,가좌동 573-1
신안주공1,2024-04-06,23000,84.98,9,1998,신안동 708-1
진주혁신도시중흥에스-클래스더프라임,2024-04-07,37000,84.9912,14,2019,충무공동 90
시티프라디움,2024-04-01,31000,84.9909,15,2020,가좌동 2058
진주우방아이유쉘,2024-04-08,24000,84.9578,19,2017,정촌면 예하리 1296
진주정촌대경파미르,2024-04-07,25000,84.9625,9,2019,정촌면 예하리 1286
진주혁신도시대방노블랜드더캐슬아파트,2024-04-03,44000,84.9899,17,2018,충무공동 296
진주혁신코오롱하늘채,2024-04-04,31000,84.95,14,2014,충무공동 230
가좌주공1차,2024-04-03,9100,38.64,1,1993,가좌동 660
진주혁신코오롱하늘채,2024-04-04,33000,84.95,18,2014,충무공동 230
상평동신,2024-04-02,5000,59.88,5,1997,상평동 218-4
스카이시티프라디움,2024-04-03,29000,84.991,25,2019,가좌동 1958
신안주공1,2024-04-03,22000,84.98,7,1998,신안동 708-1
진주혁신도시중흥에스-클래스더프라임,2024-04-01,45000,110.6238,13,2019,충무공동 90
대주엘리시안,2024-04-02,8000,59.142,8,2016,일반성면 창촌리 617-4
주공그린빌,2024-04-01,14000,59.27,2,2005,가좌동 573-1
상봉2,2024-04-01,7000,61.77,3,1986,상봉동 1446
진주혁신코오롱하늘채,2024-04-01,33750,84.95,10,2014,충무공동 230
금호석류,2024-05-31,21000,84.87,12,1999,주약동 407-1
대림,2024-05-30,15000,110.56,15,1995,초전동 702-22
금산흥한골든빌,2024-05-16,12500,73.61,1,2002,금산면 장사리 1000
주공그린빌,2024-05-26,14400,51.74,16,2005,가좌동 573-1
가좌주공1차,2024-05-13,10000,41.3,1,1993,가좌동 660
금호석류,2024-05-31,21000,84.87,12,1999,주약동 407-1
더퀸즈웰가,2024-05-21,25900,66.3912,14,2015,평거동 1130
가좌주공1차,2024-05-13,10000,41.3,1,1993,가좌동 660
진주혁신도시중흥에스-클래스센트럴시티3단지,2024-05-29,50000,99.8146,31,2020,충무공동 298
신진주역세권우미린더시그니처,2024-05-18,35000,84.986,7,2024,가좌동 1986
신안국제맨션,2024-05-13,5000,44.85,2,1987,신안동 408-1
진주센트럴자이,2024-05-05,27000,84.5289,10,2013,상평동 1069
신진주역세권우미린더시그니처,2024-05-14,31000,84.986,8,2024,가좌동 1986
더퀸즈웰가,2024-05-21,25900,66.3912,14,2015,평거동 1130
대경아르떼빌,2024-05-22,10800,38.09,8,2002,호탄동 620-1
진주혁신코오롱하늘채,2024-05-10,29000,84.95,10,2014,충무공동 230
금산흥한골든빌,2024-05-21,7000,48.31,2,2002,금산면 장사리 1000
진주혁신도시중흥에스-클래스더프라임,2024-05-18,42000,110.6238,16,2019,충무공동 90
대동,2024-05-30,7000,60.63,3,1979,상대동 331-1
힐스테이트초전,2024-05-20,32000,84.9196,12,2019,초전동 1665
진주혁신도시중흥에스-클래스더프라임,2024-05-23,38000,97.7268,16,2019,충무공동 90
주공그린빌,2024-05-04,15300,59.27,1,2005,가좌동 573-1
신진주역세권우미린더시그니처,2024-05-20,33000,84.986,13,2024,가좌동 1986
신진주라비에데시앙,2024-05-07,45000,121.9504,16,2024,가좌동 2092
신진주역세권우미린더시그니처,2024-05-19,30000,84.986,7,2024,가좌동 1986
한주럭키타운,2024-05-05,19000,84.81,3,1990,주약동 156
대경,2024-05-27,7500,59.85,5,1992,하대동 299-2
현대,2024-05-15,16800,84.93,2,1996,하대동 101
진주포레스트부영,2024-05-30,17332,59.9925,18,2020,충무공동 145
엠코타운더프라하,2024-05-18,41000,100.8222,25,2014,평거동 1132
신진주역세권우미린더시그니처,2024-05-20,31000,84.9888,25,2024,가좌동 1986
신진주역세권우미린더시그니처,2024-05-30,33500,84.986,11,2024,가좌동 1986
신진주라비에데시앙,2024-05-29,45000,121.9504,12,2024,가좌동 2092
가좌주공1차,2024-05-14,11500,41.3,8,1993,가좌동 660
더퀸즈웰가,2024-05-30,34000,84.9163,21,2015,평거동 1130
혁신도시엘에이치아파트8단지,2024-05-15,23300,59.97,1,2015,충무공동 300
진주정촌대경파미르,2024-05-05,25000,84.9625,12,2019,정촌면 예하리 1286
시티프라디움,2024-05-07,22000,84.9941,25,2020,가좌동 2058
한보타운,2024-05-18,10000,84.6,18,1993,평거동 737
한주럭키타운,2024-05-06,19000,84.81,9,1990,주약동 156
진주혁신도시중흥에스-클래스더프라임,2024-05-11,38000,97.7268,2,2019,충무공동 90
신진주라비에데시앙,2024-05-06,28000,84.9301,12,2024,가좌동 2092
진주정촌대경파미르,2024-05-05,25000,84.9625,12,2019,정촌면 예하리 1286
진주초전푸르지오2단지,2024-05-28,36000,101.977,20,2010,초전동 1637-1
힐스테이트초전,2024-05-16,34000,84.9351,15,2019,초전동 1665
신진주역세권우미린더시그니처,2024-05-18,50000,116.8943,8,2024,가좌동 1986
엠코타운더프라하,2024-05-25,34000,84.9651,21,2014,평거동 1132
신진주역세권우미린더시그니처,2024-05-24,30000,84.986,8,2024,가좌동 1986
엠코타운더프라하,2024-05-17,30000,67.2755,4,2014,평거동 1132
신진주역세권우미린더시그니처,2024-05-30,32000,84.986,18,2024,가좌동 1986
신진주라비에데시앙,2024-05-16,27000,84.9301,17,2024,가좌동 2092
신진주라비에데시앙,2024-05-04,30000,84.9301,11,2024,가좌동 2092
신진주라비에데시앙,2024-05-17,28000,84.9301,4,2024,가좌동 2092
신진주라비에데시앙,2024-05-28,29000,84.9301,22,2024,가좌동 2092
진주초전푸르지오2단지,2024-05-30,36000,101.977,11,2010,초전동 1637-1
신진주라비에데시앙,2024-05-11,28000,84.9786,15,2024,가좌동 2092
신진주역세권우미린더시그니처,2024-05-15,50000,116.8943,7,2024,가좌동 1986
진주포레스트부영,2024-05-27,17332,59.9925,3,2020,충무공동 145
신진주역세권우미린더시그니처,2024-05-14,32000,84.986,21,2024,가좌동 1986
진주혁신코오롱하늘채,2024-05-10,29000,84.95,10,2014,충무공동 230
진주혁신도시중흥에스-클래스더프라임,2024-05-28,38000,97.7268,15,2019,충무공동 90
센트렐웰가,2024-05-17,33000,84.9222,11,2018,가좌동 1981
초전해모로루비채4단지,2024-05-18,24000,84.9671,12,2014,초전동 1670
신진주역세권우미린더시그니처,2024-05-16,24000,84.9888,4,2024,가좌동 1986
신진주라비에데시앙,2024-05-17,31000,84.9301,14,2024,가좌동 2092
신진주역세권우미린더시그니처,2024-05-24,33000,84.9888,19,2024,가좌동 1986
주공그린빌,2024-05-25,18000,59.27,3,2005,가좌동 573-1
신진주역세권우미린더시그니처,2024-05-17,31000,84.986,22,2024,가좌동 1986
신안주공1,2024-05-17,22000,84.98,11,1998,신안동 708-1
신안주공3,2024-05-30,13500,59.8,11,1997,신안동 705-1
두산위브,2024-05-09,22000,112.897,5,2009,금산면 장사리 705
혁신도시엘에이치아파트9단지,2024-05-29,25000,59.97,23,2017,충무공동 302
신진주역세권우미린더시그니처,2024-05-15,32000,84.986,4,2024,가좌동 1986
진주혁신도시센텀리버파크,2024-05-28,32000,84.95,18,2013,충무공동 191
신진주라비에데시앙,2024-05-12,26000,84.9301,12,2024,가좌동 2092
신안주공2,2024-05-15,14000,59.8,9,1996,신안동 707-1
신진주라비에데시앙,2024-05-02,28000,84.9301,1,2024,가좌동 2092
금산느티나무,2024-05-24,14500,84.74,20,2003,금산면 장사리 963-1
신안주공2,2024-05-20,11925,49.97,4,1996,신안동 707-1
한주럭키타운,2024-05-19,18000,76.58,3,1990,주약동 156
한림풀에버,2024-05-25,27000,67.3717,22,2015,충무공동 77
신진주역세권우미린더시그니처,2024-05-12,28000,84.986,5,2024,가좌동 1986
더퀸즈웰가,2024-05-21,25900,66.3912,14,2015,평거동 1130
진주포레스트부영,2024-05-31,17332,59.9885,10,2020,충무공동 145
신진주역세권우미린더시그니처,2024-05-17,30000,84.9888,7,2024,가좌동 1986
신진주라비에데시앙,2024-05-09,28000,84.9301,13,2024,가좌동 2092
신진주역세권우미린더시그니처,2024-05-07,32000,84.9888,12,2024,가좌동 1986
진주혁신도시대방노블랜드더캐슬아파트,2024-05-31,42000,84.9899,5,2018,충무공동 296
들말흥한타운,2024-05-03,24000,84.89,3,1998,평거동 191-1
더퀸즈웰가,2024-05-27,29000,58.4018,2,2015,평거동 1130
진주정촌대경파미르,2024-05-26,25000,84.9426,17,2019,정촌면 예하리 1286
신안주공3,2024-05-15,14800,59.8,11,1997,신안동 705-1
일동,2024-05-29,9000,59.86,16,1994,초전동 1426
진주포레스트부영,2024-05-29,17332,59.9885,3,2020,충무공동 145
진주정촌대경파미르,2024-05-29,22000,76.253,7,2019,정촌면 예하리 1286
진주혁신도시중흥에스-클래스센트럴시티2단지,2024-05-10,51000,117.7407,30,2020,충무공동 293
진주정촌대경파미르,2024-05-13,22000,84.9426,2,2019,정촌면 예하리 1286
진주평거엘크루,2024-05-21,38500,84.9195,3,2016,평거동 919
신진주라비에데시앙,2024-05-17,31000,84.9301,14,2024,가좌동 2092
신진주역세권우미린더시그니처,2024-05-24,30000,84.986,13,2024,가좌동 1986
신진주역세권우미린더시그니처,2024-05-12,28000,84.986,5,2024,가좌동 1986
신진주역세권우미린더시그니처,2024-05-18,32000,84.986,20,2024,가좌동 1986
진주포레스트부영,2024-05-28,17332,59.9925,5,2020,충무공동 145
진주포레스트부영,2024-05-28,17332,59.9925,7,2020,충무공동 145
금산e편한세상,2024-05-28,21000,84.9746,17,2008,금산면 장사리 768
진주포레스트부영,2024-05-24,17332,59.9925,14,2020,충무공동 145
진주문산코아루,2024-05-15,22000,84.591,16,2010,문산읍 소문리 2421
이지더원,2024-05-24,34500,84.9614,6,2018,초전동 1673
대영,2024-05-24,10000,84.86,3,1992,하대동 654-2
진주혁신도시라온프라이빗아파트,2024-05-27,33000,84.8922,16,2017,충무공동 195
현대,2024-05-21,17500,84.93,9,1996,하대동 101
신진주역세권우미린더시그니처,2024-05-25,31000,84.986,9,2024,가좌동 1986
금산느티나무,2024-05-24,16000,84.74,20,2003,금산면 장사리 963-1
한주럭키타운,2024-05-20,17500,76.58,8,1990,주약동 156
진주혁신도시대방노블랜드더캐슬아파트,2024-05-18,42000,84.9474,11,2018,충무공동 296
한림풀에버,2024-05-14,33100,84.9088,8,2015,충무공동 77
평거휴먼시아4단지,2024-05-23,31000,84.95,14,2011,평거동 797
신진주역세권우미린더시그니처,2024-05-09,35000,84.986,24,2024,가좌동 1986
진흥더루벤스,2024-05-15,22000,122.956,7,2009,금산면 중천리 330
신안주공2,2024-05-23,9500,39.99,14,1996,신안동 707-1
진주정촌대경파미르,2024-05-24,24000,84.9426,12,2019,정촌면 예하리 1286
한림풀에버,2024-05-01,32000,84.9644,14,2015,충무공동 77
포레나신진주,2024-05-23,32000,84.9543,36,2019,가좌동 2056
진주정촌대경파미르,2024-05-21,23000,84.9426,3,2019,정촌면 예하리 1286
신안주공3,2024-05-22,12000,59.8,5,1997,신안동 705-1
엠코타운더프라하,2024-05-18,41000,100.8222,25,2014,평거동 1132
포레나신진주,2024-05-21,26000,84.9515,21,2019,가좌동 2056
현대성우트리팰리스,2024-05-13,19800,106.07,9,2006,주약동 156-1
포레나신진주,2024-05-21,26000,84.9515,21,2019,가좌동 2056
대경아르떼빌,2024-05-22,11000,38.09,8,2002,호탄동 620-1
진주정촌대경파미르,2024-05-22,23000,66.1957,18,2019,정촌면 예하리 1286
현대,2024-05-15,14000,59.96,8,1997,초전동 805
금호석류,2024-05-01,22000,84.87,5,1999,주약동 407-1
주공그린빌,2024-05-21,17000,59.27,6,2005,가좌동 573-1
혁신도시엘에이치아파트9단지,2024-05-20,25500,59.97,8,2017,충무공동 302
가좌주공1차,2024-05-18,11000,44.94,9,1993,가좌동 660
흥한타운2,2024-05-04,14000,59.88,9,1995,신안동 454-4
주공그린빌,2024-05-17,18000,59.27,12,2005,가좌동 573-1
진주혁신도시중흥에스-클래스센트럴시티2단지,2024-05-17,42000,99.8723,23,2020,충무공동 293
진주평거우방아이유쉘스카이팰리스,2024-05-17,34000,84.2136,16,2019,평거동 1137
진주포레스트부영,2024-05-20,17332,59.9925,17,2020,충무공동 145
신진주역세권우미린더시그니처,2024-05-17,31000,84.986,22,2024,가좌동 1986
진주혁신도시대방노블랜드더캐슬아파트,2024-05-18,52000,103.9623,16,2018,충무공동 296
금산흥한골든빌,2024-05-18,7000,48.31,11,2002,금산면 장사리 1000
진주혁신도시중흥에스-클래스센트럴시티2단지,2024-05-18,46000,117.7407,13,2020,충무공동 293
신진주역세권우미린더시그니처,2024-05-17,32000,84.9888,25,2024,가좌동 1986
스카이시티프라디움,2024-05-15,30000,84.9898,6,2019,가좌동 1958
한주럭키타운,2024-05-11,19000,84.81,5,1990,주약동 156
시티프라디움,2024-05-12,25000,84.9909,16,2020,가좌동 2058
들말한보타운,2024-05-13,18000,59.8,15,1997,평거동 192-1
가좌주공2차,2024-05-11,10500,38.64,13,1993,가좌동 660
이지더원,2024-05-16,33000,84.9614,18,2018,초전동 1673
가좌주공2차,2024-05-16,10000,38.64,12,1993,가좌동 660
진주정촌대경파미르,2024-05-15,25000,84.9426,9,2019,정촌면 예하리 1286
신안주공2,2024-05-16,12000,59.8,4,1996,신안동 707-1
진주혁신도시중흥에스-클래스센트럴시티3단지,2024-05-11,39000,84.9815,14,2020,충무공동 298
한림풀에버,2024-05-14,31500,84.9088,8,2015,충무공동 77
평거휴먼시아3단지,2024-05-15,30100,84.98,2,2011,평거동 897
대화리네르빌,2024-05-16,18000,82.3136,6,2007,가좌동 721-1
더퀸즈웰가,2024-05-16,34000,84.7157,16,2015,평거동 1130
주공그린빌,2024-05-04,15300,59.27,1,2005,가좌동 573-1
진주정촌대경파미르,2024-05-15,25000,84.9426,17,2019,정촌면 예하리 1286
현대,2024-05-15,14000,59.96,8,1997,초전동 805
미르젠,2024-05-09,9800,50.94,3,2017,하대동 637
평거휴먼시아3단지,2024-05-15,30000,84.98,2,2011,평거동 897
진주혁신도시중흥에스-클래스센트럴시티4단지,2024-05-13,40000,84.9815,24,2020,충무공동 295
진주혁신도시중흥에스-클래스센트럴시티3단지,2024-05-11,39000,84.9815,14,2020,충무공동 298
진주정촌대경파미르,2024-05-11,23000,84.9426,13,2019,정촌면 예하리 1286
혁신도시엘에이치아파트8단지,2024-05-13,24000,59.97,17,2015,충무공동 300
들말흥한타운,2024-05-10,24000,84.89,4,1998,평거동 191-1
진주초장엠코타운더이스턴파크,2024-05-11,27000,84.9915,20,2014,초전동 1669
진주포레스트부영,2024-05-09,17332,59.9885,23,2020,충무공동 145
진주포레스트부영,2024-05-02,17332,59.9925,6,2020,충무공동 145
신진주역세권우미린더시그니처,2024-05-13,30000,84.9888,5,2024,가좌동 1986
평거주공1차,2024-05-12,9500,39.69,4,1988,평거동 326
건영아모리움,2024-05-10,27000,77.3871,13,2017,평거동 141
이지더원,2024-05-03,32000,84.9614,24,2018,초전동 1673
진주센트럴자이,2024-05-11,24300,84.9059,2,2013,상평동 1069
진주혁신도시중흥에스-클래스센트럴시티2단지,2024-05-13,58500,117.7407,7,2020,충무공동 293
스카이시티프라디움,2024-05-08,31000,84.9898,18,2019,가좌동 1958
진주혁신도시중흥에스-클래스센트럴시티2단지,2024-05-13,58500,117.7407,7,2020,충무공동 293
한림풀에버,2024-05-11,30000,84.9088,16,2015,충무공동 77
미르젠,2024-05-09,10000,50.94,3,2017,하대동 637
두산위브,2024-05-06,21500,112.397,5,2009,금산면 장사리 705
포레나신진주,2024-05-10,28000,84.9515,6,2019,가좌동 2056
진주초전푸르지오1단지,2024-05-03,29700,84.77,4,2009,초전동 1640-1
진주혁신도시대방노블랜드더캐슬아파트,2024-05-06,45000,84.9899,20,2018,충무공동 296
진주정촌대경파미르,2024-05-03,21000,84.9625,19,2019,정촌면 예하리 1286
진주센트럴자이,2024-05-05,27000,84.5289,10,2013,상평동 1069
진주포레스트부영,2024-05-08,17332,59.9925,9,2020,충무공동 145
들말대경,2024-05-05,15500,59.595,4,1998,평거동 190
평거주공1차,2024-05-02,8000,46.68,3,1988,평거동 326
센트렐웰가,2024-05-07,39000,84.9222,25,2018,가좌동 1981
신안주공3,2024-05-07,14850,59.8,9,1997,신안동 705-1
평거주공1차,2024-05-02,8000,46.68,3,1988,평거동 326
진주혁신도시대방노블랜드더캐슬아파트,2024-05-07,45000,84.9899,10,2018,충무공동 296
진주초전푸르지오1단지,2024-05-03,30000,84.77,8,2009,초전동 1640-1
혁신도시엘에이치아파트9단지,2024-05-05,24500,59.97,20,2017,충무공동 302
진주평거우방아이유쉘스카이팰리스,2024-05-02,35000,84.2136,11,2019,평거동 1137
진주혁신도시중흥에스-클래스센트럴시티4단지,2024-05-03,43000,99.8146,12,2020,충무공동 295
초전해모로루비채2단지,2024-05-02,30000,84.9671,12,2014,초전동 1667
진주포레스트부영,2024-05-02,17332,59.9925,19,2020,충무공동 145
센트렐웰가,2024-05-01,33000,84.9222,6,2018,가좌동 1981
엠코타운더프라하,2024-05-02,38000,84.9651,31,2014,평거동 1132
그린타운,2024-05-02,9000,68.9,6,1992,신안동 412
진주혁신도시대방노블랜드더캐슬아파트,2024-05-01,45000,84.9899,20,2018,충무공동 296
진주혁신코오롱하늘채,2024-05-01,29000,84.95,1,2014,충무공동 230
초전해모로루비채4단지,2024-05-01,30000,84.9671,15,2014,초전동 1670
진주초장엠코타운더이스턴파크,2024-05-01,24000,73.556,10,2014,초전동 1669
진주혁신도시중흥에스-클래스더프라임,2024-06-10,37000,97.7268,6,2019,충무공동 90
힐스테이트초전,2024-06-02,35000,84.9196,11,2019,초전동 1665
진주문산코아루,2024-06-15,24000,84.591,22,2010,문산읍 소문리 2421
두산위브,2024-06-28,19000,84.994,12,2009,금산면 장사리 705
신진주역세권우미린더시그니처,2024-06-01,30000,84.986,3,2024,가좌동 1986
센트렐웰가,2024-06-14,26000,59.8868,28,2018,가좌동 1981
금산흥한골든빌,2024-06-10,13000,73.61,2,2002,금산면 장사리 1000
스카이시티프라디움,2024-06-15,28000,84.9898,30,2019,가좌동 1958
진주정촌대경파미르,2024-06-16,24000,84.9625,17,2019,정촌면 예하리 1286
신진주역세권우미린더시그니처,2024-06-11,32000,84.9888,25,2024,가좌동 1986
진주포레스트부영,2024-06-11,17332,59.9925,7,2020,충무공동 145
혁신도시엘에이치아파트8단지,2024-06-28,25500,59.97,11,2015,충무공동 300
혁신도시엘에이치아파트9단지,2024-06-24,26000,59.97,7,2017,충무공동 302
평거주공1차,2024-06-25,8500,39.69,3,1988,평거동 326
한림풀에버,2024-06-10,30000,84.9644,10,2015,충무공동 77
시티프라디움,2024-06-29,30000,84.9909,24,2020,가좌동 2058
진주혁신도시중흥에스-클래스더퍼스트,2024-06-02,58000,113.4763,14,2020,충무공동 275
초전해모로루비채2단지,2024-06-22,27000,84.9908,14,2014,초전동 1667
진주혁신도시중흥에스-클래스더프라임,2024-06-12,38000,97.7268,6,2019,충무공동 90
한주럭키타운,2024-06-29,19800,84.81,6,1990,주약동 156
한주럭키타운,2024-06-29,19800,84.81,6,1990,주약동 156
더퀸즈웰가,2024-06-10,27000,58.7908,5,2015,평거동 1130
신안주공2,2024-06-28,12700,49.97,11,1996,신안동 707-1
신진주역세권우미린더시그니처,2024-06-27,31000,84.9888,22,2024,가좌동 1986
신진주역세권우미린더시그니처,2024-06-12,30000,84.9888,15,2024,가좌동 1986
진주혁신도시중흥에스-클래스더프라임,2024-06-22,38000,97.7268,9,2019,충무공동 90
신안주공3,2024-06-25,10000,59.8,2,1997,신안동 705-1
두산위브,2024-06-24,26000,138.043,15,2009,금산면 장사리 705
신진주역세권우미린더시그니처,2024-06-29,50000,116.8943,17,2024,가좌동 1986
흥한타운2,2024-06-21,13000,59.935,13,1995,신안동 454-4
신진주역세권우미린더시그니처,2024-06-27,31000,84.9888,22,2024,가좌동 1986
에스디푸른마을,2024-06-24,15000,84.993,9,2010,상봉동 740
두산위브,2024-06-28,19000,84.994,12,2009,금산면 장사리 705
주공그린빌,2024-06-02,14400,51.74,18,2005,가좌동 573-1
신진주역세권우미린더시그니처,2024-06-28,32000,84.9888,8,2024,가좌동 1986
진주포레스트부영,2024-06-26,17332,59.9885,4,2020,충무공동 145
스카이시티프라디움,2024-06-15,28000,84.9898,30,2019,가좌동 1958
진주혁신코오롱하늘채,2024-06-20,32000,84.95,5,2014,충무공동 230
엠코타운더프라하,2024-06-22,50000,119.7937,16,2014,평거동 1132
신진주역세권우미린더시그니처,2024-06-15,33000,84.986,24,2024,가좌동 1986
신진주라비에데시앙,2024-06-24,29000,84.9301,18,2024,가좌동 2092
신진주라비에데시앙,2024-06-03,30000,84.9301,7,2024,가좌동 2092
한주럭키타운,2024-06-29,19800,84.81,6,1990,주약동 156
진주정촌대경파미르,2024-06-15,24000,76.253,14,2019,정촌면 예하리 1286
신진주라비에데시앙,2024-06-24,29000,84.9301,18,2024,가좌동 2092
엠코타운더프라하,2024-06-06,33000,84.9651,33,2014,평거동 1132
엠코타운더프라하,2024-06-01,35000,84.9651,6,2014,평거동 1132
신진주라비에데시앙,2024-06-08,26000,84.9301,2,2024,가좌동 2092
힐스테이트초전,2024-06-17,31000,84.9351,9,2019,초전동 1665
신진주역세권우미린더시그니처,2024-06-28,31000,84.986,7,2024,가좌동 1986
진주혁신도시중흥에스-클래스센트럴시티3단지,2024-06-28,40000,84.9815,19,2020,충무공동 298
한림풀에버,2024-06-22,26000,84.9644,8,2015,충무공동 77
진주포레스트부영,2024-06-14,17332,59.9925,8,2020,충무공동 145
진주혁신도시중흥에스-클래스더퍼스트,2024-06-29,51000,99.864,5,2020,충무공동 275
신진주역세권우미린더시그니처,2024-06-12,32000,84.9888,23,2024,가좌동 1986
신진주라비에데시앙,2024-06-12,28000,84.9301,9,2024,가좌동 2092
시티프라디움,2024-06-25,27500,84.9941,19,2020,가좌동 2058
혁신도시엘에이치5단지,2024-06-17,27000,75.84,5,2014,충무공동 234
신진주역세권우미린더시그니처,2024-06-01,30000,84.986,3,2024,가좌동 1986
진주포레스트부영,2024-06-07,17332,59.9885,7,2020,충무공동 145
주공그린빌,2024-06-18,14500,51.74,11,2005,가좌동 573-1
가좌주공1차,2024-06-23,11000,49.94,10,1993,가좌동 660
신진주역세권우미린더시그니처,2024-06-09,30000,84.986,14,2024,가좌동 1986
순화스타씨티,2024-06-22,15000,84.7215,6,2007,칠암동 291
힐스테이트초전,2024-06-02,35000,84.9196,11,2019,초전동 1665
진주평거우방아이유쉘스카이팰리스,2024-06-04,34000,84.8954,22,2019,평거동 1137
진주평거우방아이유쉘스카이팰리스,2024-06-09,30000,84.0198,6,2019,평거동 1137
스카이시티프라디움,2024-06-09,30000,84.9818,14,2019,가좌동 1958
스카이시티프라디움,2024-06-10,30000,84.9818,14,2019,가좌동 1958
신진주역세권우미린더시그니처,2024-06-25,33000,84.986,15,2024,가좌동 1986
현대성우트리팰리스,2024-06-05,25000,134.53,10,2006,주약동 156-1
진주혁신도시중흥에스-클래스센트럴시티3단지,2024-06-14,41000,84.9815,22,2020,충무공동 298
신안주공3,2024-06-06,15500,59.8,14,1997,신안동 705-1
센트렐웰가,2024-06-27,31000,84.9914,7,2018,가좌동 1981
신진주역세권우미린더시그니처,2024-06-08,45000,116.8943,14,2024,가좌동 1986
이현하이클래스웰가,2024-06-01,31000,110.1,14,2008,이현동 1180
가좌주공1차,2024-06-05,11700,41.3,5,1993,가좌동 660
센트렐웰가,2024-06-23,30000,84.8133,8,2018,가좌동 1981
신진주역세권우미린더시그니처,2024-06-09,30000,84.986,14,2024,가좌동 1986
신진주역세권우미린더시그니처,2024-06-09,30000,84.986,14,2024,가좌동 1986
한림풀에버,2024-06-01,29000,84.9088,20,2015,충무공동 77
신진주역세권우미린더시그니처,2024-06-28,34000,84.986,11,2024,가좌동 1986
신진주역세권우미린더시그니처,2024-06-11,32000,84.9888,25,2024,가좌동 1986
진주문산코아루,2024-06-15,24000,84.591,22,2010,문산읍 소문리 2421
가좌주공1차,2024-06-25,11000,41.3,11,1993,가좌동 660
가호에일린의뜰,2024-06-16,25000,77.8216,2,2012,가좌동 1936
진주초전푸르지오1단지,2024-06-10,40000,162.517,6,2009,초전동 1640-1
진주문산코아루,2024-06-15,24000,84.591,22,2010,문산읍 소문리 2421
현대금빛마을,2024-06-29,6000,84.876,5,2000,집현면 봉강리 249
대림,2024-06-19,9900,59.91,5,1995,초전동 702-22
진주포레스트부영,2024-06-28,17332,59.9885,19,2020,충무공동 145
가좌주공1차,2024-06-06,12000,49.94,5,1993,가좌동 660
진주문산코아루,2024-06-15,24000,84.591,24,2010,문산읍 소문리 2421
진주혁신코오롱하늘채,2024-06-28,31000,84.95,10,2014,충무공동 230
혁신도시엘에이치아파트8단지,2024-06-28,26000,59.97,9,2015,충무공동 300
센트렐웰가,2024-06-22,30000,84.9914,23,2018,가좌동 1981
주공그린빌,2024-06-14,21000,84.9,14,2005,가좌동 573-1
신진주역세권우미린더시그니처,2024-06-02,35000,84.986,11,2024,가좌동 1986
신진주라비에데시앙,2024-06-28,30000,84.9301,14,2024,가좌동 2092
진주혁신도시중흥에스-클래스센트럴시티2단지,2024-06-20,46000,117.7407,26,2020,충무공동 293
신진주라비에데시앙,2024-06-07,40000,121.9504,13,2024,가좌동 2092
혁신도시엘에이치아파트8단지,2024-06-24,27000,59.97,24,2015,충무공동 300
진주혁신도시중흥에스-클래스더프라임,2024-06-30,34000,84.9858,13,2019,충무공동 90
진주초전푸르지오1단지,2024-06-10,40000,162.517,6,2009,초전동 1640-1
포레나신진주,2024-06-24,27000,84.9515,7,2019,가좌동 2056
신진주라비에데시앙,2024-06-28,30000,84.9301,14,2024,가좌동 2092
센트렐웰가,2024-06-22,32500,59.4732,10,2018,가좌동 1981
더퀸즈웰가,2024-06-25,33000,84.9163,12,2015,평거동 1130
가호에일린의뜰,2024-06-15,17000,77.8216,2,2012,가좌동 1936
신진주라비에데시앙,2024-06-29,27500,84.9301,3,2024,가좌동 2092
신진주라비에데시앙,2024-06-21,30000,84.9301,16,2024,가좌동 2092
센트렐웰가,2024-06-26,25000,59.8868,18,2018,가좌동 1981
신진주라비에데시앙,2024-06-25,30000,84.9301,12,2024,가좌동 2092
신안주공1,2024-06-06,18700,74.83,5,1998,신안동 708-1
진주혁신도시중흥에스-클래스더프라임,2024-06-28,37500,97.7268,14,2019,충무공동 90
진주포레스트부영,2024-06-27,17332,59.9925,4,2020,충무공동 145
신진주역세권우미린더시그니처,2024-06-28,34000,84.986,11,2024,가좌동 1986
신진주라비에데시앙,2024-06-03,27000,84.9301,13,2024,가좌동 2092
신진주역세권우미린더시그니처,2024-06-27,31000,84.9888,22,2024,가좌동 1986
진주포레스트부영,2024-06-28,17332,59.9925,1,2020,충무공동 145
진주포레스트부영,2024-06-28,17332,59.9925,18,2020,충무공동 145
진주포레스트부영,2024-06-28,17332,59.9925,12,2020,충무공동 145
신진주라비에데시앙,2024-06-01,29000,84.9301,8,2024,가좌동 2092
신진주역세권우미린더시그니처,2024-06-03,30000,84.9888,7,2024,가좌동 1986
진주포레스트부영,2024-06-27,17332,59.9925,19,2020,충무공동 145
금산흥한골든빌,2024-06-21,7000,48.31,5,2002,금산면 장사리 1000
신진주역세권우미린더시그니처,2024-06-27,29500,84.9888,17,2024,가좌동 1986
진주포레스트부영,2024-06-27,17332,59.9925,23,2020,충무공동 145
가좌주공1차,2024-06-14,13000,49.94,5,1993,가좌동 660
신진주역세권우미린더시그니처,2024-06-24,30000,84.9888,16,2024,가좌동 1986
신진주역세권우미린더시그니처,2024-06-01,32500,84.986,9,2024,가좌동 1986
혁신도시엘에이치아파트8단지,2024-06-11,23000,59.97,17,2015,충무공동 300
진주혁신코오롱하늘채,2024-06-08,31000,75.99,9,2014,충무공동 230
진주포레스트부영,2024-06-27,17332,59.9925,3,2020,충무공동 145
진주정촌대경파미르,2024-06-19,22000,66.6161,17,2019,정촌면 예하리 1286
진주혁신도시라온프라이빗아파트,2024-06-25,38000,84.8922,10,2017,충무공동 195
진주혁신도시라온프라이빗아파트,2024-06-21,30000,79.0385,2,2017,충무공동 195
신진주역세권우미린더시그니처,2024-06-19,33000,84.986,13,2024,가좌동 1986
가좌주공2차,2024-06-22,13500,49.94,15,1993,가좌동 660
진주포레스트부영,2024-06-26,17332,59.9925,21,2020,충무공동 145
진주포레스트부영,2024-06-24,17332,59.9925,18,2020,충무공동 145
진주포레스트부영,2024-06-26,17332,59.9925,21,2020,충무공동 145
진주포레스트부영,2024-06-25,17332,59.9925,10,2020,충무공동 145
신진주역세권우미린더시그니처,2024-06-01,30000,84.986,3,2024,가좌동 1986
한림풀에버,2024-06-16,26000,67.3717,7,2015,충무공동 77
진주포레스트부영,2024-06-25,17332,59.9925,6,2020,충무공동 145
진주정촌대경파미르,2024-06-16,24000,84.9625,17,2019,정촌면 예하리 1286
신익무지개,2024-06-24,4800,40.56,4,1987,이현동 111-4
진주포레스트부영,2024-06-21,17332,59.9925,6,2020,충무공동 145
신진주라비에데시앙,2024-06-24,28000,84.9301,1,2024,가좌동 2092
한림풀에버,2024-06-23,30000,84.9088,9,2015,충무공동 77
신진주라비에데시앙,2024-06-08,28000,84.9301,3,2024,가좌동 2092
신진주라비에데시앙,2024-06-25,28000,84.9301,15,2024,가좌동 2092
진주정촌대경파미르,2024-06-16,24000,84.9625,17,2019,정촌면 예하리 1286
진주포레스트부영,2024-06-24,17332,59.9925,7,2020,충무공동 145
초전흥한,2024-06-24,15000,59.85,18,2001,초전동 676-3
혁신도시엘에이치아파트8단지,2024-06-24,25000,59.97,4,2015,충무공동 300
현대,2024-06-21,14500,84.55,6,1989,신안동 20
진주포레스트부영,2024-06-24,17332,59.9925,13,2020,충무공동 145
시티프라디움,2024-06-21,28000,84.9941,20,2020,가좌동 2058
신진주라비에데시앙,2024-06-24,28000,84.9301,3,2024,가좌동 2092
센트렐웰가,2024-06-05,25000,75.5364,2,2018,가좌동 1981
진주포레스트부영,2024-06-24,17332,59.9925,5,2020,충무공동 145
진주포레스트부영,2024-06-24,17332,59.9885,17,2020,충무공동 145
신진주역세권우미린더시그니처,2024-06-21,30000,84.9888,6,2024,가좌동 1986
혁신도시엘에이치아파트8단지,2024-06-22,24000,59.97,4,2015,충무공동 300
진주포레스트부영,2024-06-24,17332,59.9925,12,2020,충무공동 145
현대,2024-06-21,15000,84.55,3,1989,신안동 20
진주포레스트부영,2024-06-21,17332,59.9925,18,2020,충무공동 145
진주문산코아루,2024-06-19,21000,84.591,24,2010,문산읍 소문리 2421
스카이시티프라디움,2024-06-19,30000,84.991,12,2019,가좌동 1958
신진주역세권우미린더시그니처,2024-06-13,30000,84.986,20,2024,가좌동 1986
진주포레스트부영,2024-06-21,17332,59.9925,19,2020,충무공동 145
진주포레스트부영,2024-06-21,17332,59.9925,21,2020,충무공동 145
신진주라비에데시앙,2024-06-20,28000,84.9301,14,2024,가좌동 2092
센트렐웰가,2024-06-14,26000,59.8868,28,2018,가좌동 1981
시티프라디움,2024-06-20,18000,84.9909,6,2020,가좌동 2058
가좌주공1차,2024-06-19,12000,41.3,14,1993,가좌동 660
더퀸즈웰가,2024-06-15,29000,58.4018,29,2015,평거동 1130
진주포레스트부영,2024-06-20,17332,59.9925,9,2020,충무공동 145
진주포레스트부영,2024-06-20,17332,59.9925,4,2020,충무공동 145
진주포레스트부영,2024-06-20,17332,59.9885,10,2020,충무공동 145
대경강남타운,2024-06-19,11700,59.81,8,1997,강남동 233
진주포레스트부영,2024-06-12,17332,59.9925,8,2020,충무공동 145
초전해모로루비채4단지,2024-06-02,28000,84.9908,12,2014,초전동 1670
진주포레스트부영,2024-06-17,17332,59.9925,16,2020,충무공동 145
진주혁신도시센텀리버파크,2024-06-16,32000,84.88,19,2013,충무공동 191
진주혁신코오롱하늘채,2024-06-05,31000,75.99,18,2014,충무공동 230
진주포레스트부영,2024-06-12,17332,59.9925,10,2020,충무공동 145
진주포레스트부영,2024-06-18,17332,59.9925,10,2020,충무공동 145
진주포레스트부영,2024-06-19,17332,59.9885,7,2020,충무공동 145
진주정촌대경파미르,2024-06-15,22000,84.9625,3,2019,정촌면 예하리 1286
진주포레스트부영,2024-06-19,17332,59.9925,11,2020,충무공동 145
하대주공,2024-06-11,7000,44.3,1,1982,하대동 73-1
진주혁신도시대방노블랜드더캐슬아파트,2024-06-10,41000,84.9899,9,2018,충무공동 296
시티프라디움,2024-06-17,28000,84.9941,27,2020,가좌동 2058
신진주라비에데시앙,2024-06-10,28000,84.9301,17,2024,가좌동 2092
진주포레스트부영,2024-06-17,17332,59.9925,4,2020,충무공동 145
진주포레스트부영,2024-06-18,17332,59.9925,24,2020,충무공동 145
진주포레스트부영,2024-06-18,17332,59.9885,21,2020,충무공동 145
가호에일린의뜰,2024-06-12,39000,119.1174,3,2012,가좌동 1936
신안주공2,2024-06-16,13000,49.97,13,1996,신안동 707-1
진주포레스트부영,2024-06-17,17332,59.9925,17,2020,충무공동 145
진주포레스트부영,2024-06-18,17332,59.9925,11,2020,충무공동 145
진주혁신도시중흥에스-클래스더프라임,2024-06-05,38000,97.7268,9,2019,충무공동 90
동일스위트,2024-06-17,22000,84.9692,16,2008,상평동 1068-1
진주혁신도시대방노블랜드더캐슬아파트,2024-06-15,53000,104.8302,19,2018,충무공동 296
진주문산코아루,2024-06-12,20000,84.591,6,2010,문산읍 소문리 2421
혁신도시엘에이치아파트8단지,2024-06-14,24000,59.97,10,2015,충무공동 300
신안주공3,2024-06-12,15000,59.8,5,1997,신안동 705-1
주공그린빌,2024-06-14,21000,84.9,14,2005,가좌동 573-1
시티프라디움,2024-06-14,26000,84.9941,7,2020,가좌동 2058
혁신도시엘에이치아파트8단지,2024-06-14,24000,59.97,14,2015,충무공동 300
진주포레스트부영,2024-06-14,17332,59.9925,19,2020,충무공동 145
진주포레스트부영,2024-06-13,17332,59.9885,8,2020,충무공동 145
진주포레스트부영,2024-06-14,17332,59.9925,10,2020,충무공동 145
진주포레스트부영,2024-06-13,17332,59.9925,22,2020,충무공동 145
현대,2024-06-10,11500,59.89,24,1996,하대동 101
진주정촌대경파미르,2024-06-14,23500,84.9426,9,2019,정촌면 예하리 1286
진주포레스트부영,2024-06-14,17332,59.9885,19,2020,충무공동 145
진주포레스트부영,2024-06-14,17332,59.9885,12,2020,충무공동 145
신진주라비에데시앙,2024-06-08,28000,84.9301,6,2024,가좌동 2092
가좌주공1차,2024-06-06,13000,49.94,1,1993,가좌동 660
신진주라비에데시앙,2024-06-13,28000,84.9301,11,2024,가좌동 2092
진주포레스트부영,2024-06-03,17332,59.9925,5,2020,충무공동 145
신진주라비에데시앙,2024-06-12,28000,84.9301,3,2024,가좌동 2092
진주포레스트부영,2024-06-13,17332,59.9925,12,2020,충무공동 145
더퀸즈웰가,2024-06-04,30000,66.3912,9,2015,평거동 1130
진주정촌대경파미르,2024-06-05,23000,84.9625,4,2019,정촌면 예하리 1286
시티프라디움,2024-06-10,28000,84.9909,38,2020,가좌동 2058
진주혁신도시중흥에스-클래스센트럴시티4단지,2024-06-11,40000,99.8146,11,2020,충무공동 295
진주포레스트부영,2024-06-12,17332,59.9925,9,2020,충무공동 145
진주포레스트부영,2024-06-12,17332,59.9925,20,2020,충무공동 145
시티프라디움,2024-06-10,28000,84.9909,38,2020,가좌동 2058
센트렐웰가,2024-06-11,27000,75.7795,25,2018,가좌동 1981
엠코타운더프라하,2024-06-01,35000,84.9651,6,2014,평거동 1132
진주포레스트부영,2024-06-11,17332,59.9925,11,2020,충무공동 145
신진주라비에데시앙,2024-06-10,28000,84.9301,3,2024,가좌동 2092
금산e편한세상,2024-06-10,23000,121.9893,15,2008,금산면 장사리 768
진주포레스트부영,2024-06-10,17332,59.9925,19,2020,충무공동 145
신진주역세권우미린더시그니처,2024-06-07,30000,84.9888,24,2024,가좌동 1986
신진주라비에데시앙,2024-06-10,28000,84.9301,17,2024,가좌동 2092
진주포레스트부영,2024-06-10,17332,59.9925,14,2020,충무공동 145
주공그린빌,2024-06-10,14500,51.74,16,2005,가좌동 573-1
진주혁신코오롱하늘채,2024-06-07,27000,75.99,2,2014,충무공동 230
진주포레스트부영,2024-06-07,17332,59.9925,6,2020,충무공동 145
혁신도시엘에이치아파트9단지,2024-06-06,24000,59.97,6,2017,충무공동 302
혁신도시엘에이치아파트9단지,2024-06-05,24000,59.97,12,2017,충무공동 302
엠코타운더프라하,2024-06-06,33000,84.9651,33,2014,평거동 1132
스카이시티프라디움,2024-06-06,30000,84.9898,7,2019,가좌동 1958
진주포레스트부영,2024-06-03,17332,59.9925,7,2020,충무공동 145
진주포레스트부영,2024-06-07,17332,59.9925,13,2020,충무공동 145
진주포레스트부영,2024-06-07,16762,59.9925,19,2020,충무공동 145
진주포레스트부영,2024-06-07,17332,59.9885,18,2020,충무공동 145
혁신도시엘에이치아파트8단지,2024-06-01,25000,59.96,11,2015,충무공동 300
혁신도시엘에이치아파트9단지,2024-06-03,25000,59.97,14,2017,충무공동 302
한림풀에버,2024-06-04,27000,84.9088,2,2015,충무공동 77
스카이시티프라디움,2024-06-05,33000,84.9898,35,2019,가좌동 1958
스카이시티프라디움,2024-06-05,33000,84.9898,35,2019,가좌동 1958
진주포레스트부영,2024-06-05,17332,59.9925,3,2020,충무공동 145
진주포레스트부영,2024-06-05,17332,59.9925,19,2020,충무공동 145
칠암한주타운,2024-06-05,17000,84.725,6,1995,칠암동 78
신진주라비에데시앙,2024-06-04,29000,84.9301,12,2024,가좌동 2092
초전해모로루비채2단지,2024-06-01,25000,74.9798,17,2014,초전동 1667
진주포레스트부영,2024-06-04,17332,59.9925,8,2020,충무공동 145
더퀸즈웰가,2024-06-01,30000,66.3912,12,2015,평거동 1130
진주포레스트부영,2024-06-04,17332,59.9925,6,2020,충무공동 145
진주포레스트부영,2024-06-03,17332,59.9925,12,2020,충무공동 145
진주포레스트부영,2024-06-03,17332,59.9925,11,2020,충무공동 145
금산흥한골든빌,2024-06-03,4000,37.84,1,2002,금산면 장사리 1000
신진주라비에데시앙,2024-06-01,27500,84.9301,6,2024,가좌동 2092
진주포레스트부영,2024-06-03,17332,59.9925,17,2020,충무공동 145
혁신도시엘에이치아파트8단지,2024-07-25,25000,59.97,3,2015,충무공동 300
혁신도시엘에이치아파트8단지,2024-07-25,25000,59.97,3,2015,충무공동 300
진주혁신도시중흥에스-클래스센트럴시티4단지,2024-07-27,40000,84.9815,30,2020,충무공동 295
진주포레스트부영,2024-07-18,17332,59.9925,8,2020,충무공동 145
상대주공,2024-07-11,3000,40.99,1,1980,하대동 72
상대주공,2024-07-09,5500,40.99,4,1980,하대동 72
진주혁신도시중흥에스-클래스더프라임,2024-07-03,38000,97.7268,16,2019,충무공동 90
진주포레스트부영,2024-07-10,17332,59.9925,21,2020,충무공동 145
진주포레스트부영,2024-07-05,17332,59.9925,23,2020,충무공동 145
한주럭키타운,2024-07-26,20500,84.56,11,1990,주약동 156
신진주라비에데시앙,2024-07-24,30000,84.9301,6,2024,가좌동 2092
가좌주공1차,2024-07-17,10000,49.94,14,1993,가좌동 660
신진주역세권우미린더시그니처,2024-07-20,31000,84.9888,9,2024,가좌동 1986
스카이시티프라디움,2024-07-25,33000,84.991,21,2019,가좌동 1958
진주정촌대경파미르,2024-07-01,19000,84.9625,8,2019,정촌면 예하리 1286
상봉1,2024-07-27,2000,41.9,4,1976,상봉동 800-1
진주혁신도시중흥에스-클래스더프라임,2024-07-18,35000,84.9912,7,2019,충무공동 90
진주혁신도시중흥에스-클래스더프라임,2024-07-26,43500,110.9212,1,2019,충무공동 90
프리미어웰가,2024-07-05,17800,59.9964,5,2021,가좌동 1945
가좌주공1차,2024-07-24,6000,41.3,13,1993,가좌동 660
화광비발디,2024-07-04,10000,84.6132,17,2007,금산면 장사리 961-1
진주혁신도시중흥에스-클래스센트럴시티4단지,2024-07-10,40000,84.8046,25,2020,충무공동 295
진주포레스트부영,2024-07-15,17332,59.9925,4,2020,충무공동 145
진주혁신도시중흥에스-클래스더퍼스트,2024-07-20,49000,99.9097,18,2020,충무공동 275
평거주공1차,2024-07-15,8000,39.69,5,1988,평거동 326
한림풀에버,2024-07-29,35000,84.9644,3,2015,충무공동 77
더퀸즈웰가,2024-07-15,26000,58.7908,28,2015,평거동 1130
진주포레스트부영,2024-07-24,17332,59.9925,15,2020,충무공동 145
프리미어웰가,2024-07-10,17800,59.9527,1,2021,가좌동 1945
한림풀에버,2024-07-14,28000,84.9644,1,2015,충무공동 77
시티프라디움,2024-07-20,32000,84.9941,31,2020,가좌동 2058
진흥더루벤스,2024-07-10,15700,84.9865,1,2009,금산면 중천리 330
한림풀에버,2024-07-16,28000,84.9644,9,2015,충무공동 77
신진주역세권우미린더시그니처,2024-07-20,35000,84.986,23,2024,가좌동 1986
진주강남동일동미라주,2024-07-30,35000,109.9586,15,2021,강남동 387
진주혁신도시중흥에스-클래스더프라임,2024-07-29,37000,97.7268,17,2019,충무공동 90
평거주공1차,2024-07-24,9000,39.3,5,1988,평거동 326
진주정촌대경파미르,2024-07-23,24000,84.9625,4,2019,정촌면 예하리 1286
더퀸즈웰가,2024-07-30,30000,66.3912,2,2015,평거동 1130
한보하이타운,2024-07-18,12000,78.81,5,1995,평거동 301-1
신진주라비에데시앙,2024-07-16,30000,84.9301,21,2024,가좌동 2092
들말한보타운,2024-07-12,18663,59.8,10,1997,평거동 192-1
현대,2024-07-20,18000,59.92,15,2000,주약동 360
한보하이타운,2024-07-18,12000,78.81,5,1995,평거동 301-1
진주포레스트부영,2024-07-19,17332,59.9925,7,2020,충무공동 145
진주혁신도시중흥에스-클래스더퍼스트,2024-07-12,52000,99.864,13,2020,충무공동 275
포레나신진주,2024-07-29,30000,84.9543,15,2019,가좌동 2056
엠코타운더프라하,2024-07-10,37000,84.933,15,2014,평거동 1132
흥한타운2,2024-07-22,15750,59.935,15,1995,신안동 454-4
신진주라비에데시앙,2024-07-09,30000,84.9301,9,2024,가좌동 2092
진주혁신코오롱하늘채,2024-07-29,31000,84.95,11,2014,충무공동 230
금산아이파크,2024-07-30,14000,59.78,4,2004,금산면 장사리 965-1
센트렐웰가,2024-07-03,30000,84.9222,19,2018,가좌동 1981
스카이시티프라디움,2024-07-20,30000,84.9898,17,2019,가좌동 1958
신진주라비에데시앙,2024-07-24,28000,84.9301,13,2024,가좌동 2092
진주정촌대경파미르,2024-07-30,23000,84.9426,18,2019,정촌면 예하리 1286
진주정촌대경파미르,2024-07-25,23000,76.253,4,2019,정촌면 예하리 1286
진주우방아이유쉘,2024-07-14,24500,84.9578,6,2017,정촌면 예하리 1296
신진주역세권우미린더시그니처,2024-07-14,29000,84.9888,4,2024,가좌동 1986
들말한보타운,2024-07-13,17000,59.8,1,1997,평거동 192-1
주공그린빌,2024-07-30,16000,51.74,12,2005,가좌동 573-1
신진주역세권우미린더시그니처,2024-07-17,32000,84.986,5,2024,가좌동 1986
가좌주공1차,2024-07-10,9765,49.94,2,1993,가좌동 660
대림,2024-07-19,15000,110.56,3,1995,초전동 702-22
진주혁신도시중흥에스-클래스더프라임,2024-07-15,30000,84.9912,13,2019,충무공동 90
혁신도시엘에이치아파트8단지,2024-07-28,27500,59.97,20,2015,충무공동 300
신진주라비에데시앙,2024-07-30,30000,84.9301,18,2024,가좌동 2092
신진주역세권우미린더시그니처,2024-07-06,33000,84.986,25,2024,가좌동 1986
가좌주공1차,2024-07-29,11500,41.3,12,1993,가좌동 660
진주혁신도시대방노블랜드더캐슬아파트,2024-07-18,44000,84.9474,16,2018,충무공동 296
신진주역세권우미린더시그니처,2024-07-12,50000,116.8943,6,2024,가좌동 1986
신진주역세권우미린더시그니처,2024-07-23,45000,116.8943,6,2024,가좌동 1986
진주혁신도시중흥에스-클래스더프라임,2024-07-03,38000,97.7268,16,2019,충무공동 90
신진주역세권우미린더시그니처,2024-07-29,30000,84.986,12,2024,가좌동 1986
신진주역세권우미린더시그니처,2024-07-26,35000,84.986,24,2024,가좌동 1986
진주혁신도시중흥에스-클래스더퍼스트,2024-07-20,50000,99.9097,15,2020,충무공동 275
진주혁신도시중흥에스-클래스더프라임,2024-07-26,43500,110.9212,1,2019,충무공동 90
진주혁신도시대방노블랜드더캐슬아파트,2024-07-23,58600,103.3591,8,2018,충무공동 296
가좌주공1차,2024-07-26,11500,44.94,11,1993,가좌동 660
포레나신진주,2024-07-26,29000,84.9543,34,2019,가좌동 2056
현대,2024-07-31,19000,84.955,3,1997,초전동 805
엠코타운더프라하,2024-07-20,35000,84.933,18,2014,평거동 1132
시티프라디움,2024-07-29,30000,84.9941,30,2020,가좌동 2058
신진주역세권우미린더시그니처,2024-07-20,31000,84.9888,9,2024,가좌동 1986
센트렐웰가,2024-07-28,30000,84.8133,22,2018,가좌동 1981
포레나신진주,2024-07-13,30000,84.9543,33,2019,가좌동 2056
진주포레스트부영,2024-07-26,17332,59.9925,5,2020,충무공동 145
포레나신진주,2024-07-22,33000,84.9515,36,2019,가좌동 2056
진주정촌대경파미르,2024-07-30,23000,84.9426,18,2019,정촌면 예하리 1286
혁신도시엘에이치아파트8단지,2024-07-13,23000,59.97,11,2015,충무공동 300
신진주라비에데시앙,2024-07-22,40000,121.9504,2,2024,가좌동 2092
진주혁신도시중흥에스-클래스센트럴시티2단지,2024-07-17,55000,117.7407,15,2020,충무공동 293
진주포레스트부영,2024-07-31,17332,59.9885,6,2020,충무공동 145
신진주역세권우미린더시그니처,2024-07-31,24000,84.986,18,2024,가좌동 1986
진주강남동일동미라주,2024-07-30,35000,109.9586,15,2021,강남동 387
하대주공,2024-07-26,8000,44.3,3,1982,하대동 73-1
초전해모로루비채2단지,2024-07-24,28000,84.9671,16,2014,초전동 1667
더퀸즈웰가,2024-07-19,29500,58.4018,18,2015,평거동 1130
스카이시티프라디움,2024-07-31,30000,84.991,18,2019,가좌동 1958
진주포레스트부영,2024-07-31,17332,59.9885,4,2020,충무공동 145
진주포레스트부영,2024-07-31,17332,59.9925,13,2020,충무공동 145
진주정촌대경파미르,2024-07-14,24000,84.9426,16,2019,정촌면 예하리 1286
평거휴먼시아4단지,2024-07-16,27000,84.98,14,2011,평거동 797
진주혁신도시대방노블랜드더캐슬아파트,2024-07-23,56800,103.3591,8,2018,충무공동 296
진주포레스트부영,2024-07-31,17332,59.9885,15,2020,충무공동 145
신진주역세권우미린더시그니처,2024-07-06,35000,84.986,17,2024,가좌동 1986
진주포레스트부영,2024-07-02,17332,59.9925,8,2020,충무공동 145
진주포레스트부영,2024-07-29,17332,59.9925,15,2020,충무공동 145
청구타운,2024-07-29,13000,59.99,9,1997,초전동 1431-3
주공그린빌,2024-07-30,15000,51.74,13,2005,가좌동 573-1
두산위브,2024-07-01,16000,84.995,2,2009,금산면 장사리 705
신진주역세권우미린더시그니처,2024-07-29,31000,84.9888,6,2024,가좌동 1986
진주혁신도시중흥에스-클래스더프라임,2024-07-27,33000,84.9912,4,2019,충무공동 90
가좌주공1차,2024-07-30,12500,49.94,1,1993,가좌동 660
신진주라비에데시앙,2024-07-09,27000,84.9301,6,2024,가좌동 2092
프리미어웰가,2024-07-16,17800,59.9527,4,2021,가좌동 1945
평거휴먼시아3단지,2024-07-30,28500,84.95,1,2011,평거동 897
진주초전푸르지오2단지,2024-07-29,35000,101.977,21,2010,초전동 1637-1
가좌주공1차,2024-07-30,11500,49.94,13,1993,가좌동 660
신진주라비에데시앙,2024-07-10,45000,121.9504,3,2024,가좌동 2092
한림풀에버,2024-07-20,28000,84.9088,25,2015,충무공동 77
진주포레스트부영,2024-07-26,17332,59.9925,12,2020,충무공동 145
혁신도시엘에이치아파트8단지,2024-07-29,26000,59.96,22,2015,충무공동 300
스카이시티프라디움,2024-07-15,31000,84.9818,14,2019,가좌동 1958
진주혁신코오롱하늘채,2024-07-26,32000,84.95,8,2014,충무공동 230
신진주라비에데시앙,2024-07-11,30000,84.9301,10,2024,가좌동 2092
평거주공1차,2024-07-03,5000,39.69,4,1988,평거동 326
진주평거엘크루,2024-07-27,50000,101.4795,10,2016,평거동 919
청구타운,2024-07-26,13000,59.99,7,1997,초전동 1431-3
가좌주공1차,2024-07-27,11500,41.3,13,1993,가좌동 660
혁신도시엘에이치아파트8단지,2024-07-13,23000,59.97,11,2015,충무공동 300
진주포레스트부영,2024-07-26,17332,59.9925,2,2020,충무공동 145
진주혁신도시중흥에스-클래스더프라임,2024-07-26,43500,110.9212,1,2019,충무공동 90
더퀸즈웰가,2024-07-06,29500,75.6705,1,2015,평거동 1130
이지더원,2024-07-05,32000,84.9614,1,2018,초전동 1673
진주포레스트부영,2024-07-29,17332,59.9925,20,2020,충무공동 145
신진주역세권우미린더시그니처,2024-07-27,31000,84.9888,7,2024,가좌동 1986
주공그린빌,2024-07-13,13000,51.74,1,2005,가좌동 573-1
신진주역세권우미린더시그니처,2024-07-27,33000,84.986,4,2024,가좌동 1986
진주정촌대경파미르,2024-07-27,22000,84.9426,13,2019,정촌면 예하리 1286
힐스테이트초전,2024-07-26,35000,84.9351,22,2019,초전동 1665
한보타운,2024-07-08,8500,59.94,14,1993,평거동 737
신진주역세권우미린더시그니처,2024-07-25,33000,84.986,23,2024,가좌동 1986
진주포레스트부영,2024-07-26,17332,59.9925,22,2020,충무공동 145
진주포레스트부영,2024-07-16,17332,59.9925,18,2020,충무공동 145
하대주공,2024-07-26,4500,36.2,5,1982,하대동 73-1
평거휴먼시아4단지,2024-07-25,24000,59.98,6,2011,평거동 797
진주포레스트부영,2024-07-26,17332,59.9885,6,2020,충무공동 145
진주우방아이유쉘,2024-07-25,24000,84.9578,8,2017,정촌면 예하리 1296
가좌주공1차,2024-07-24,12570,49.94,7,1993,가좌동 660
진주정촌대경파미르,2024-07-25,23000,76.253,4,2019,정촌면 예하리 1286
진주포레스트부영,2024-07-24,17332,59.9885,25,2020,충무공동 145
더퀸즈웰가,2024-07-09,33000,84.9163,12,2015,평거동 1130
진주포레스트부영,2024-07-23,17332,59.9925,20,2020,충무공동 145
건영아모리움,2024-07-10,27000,74.4647,19,2017,평거동 141
진주포레스트부영,2024-07-25,17332,59.9885,14,2020,충무공동 145
금호석류,2024-07-09,20500,84.87,1,1999,주약동 407-1
들말흥한타운,2024-07-24,30000,125.61,7,1998,평거동 191-1
진주정촌대경파미르,2024-07-23,22000,66.1957,7,2019,정촌면 예하리 1286
대동,2024-07-12,3800,50.78,5,1979,상대동 331-1
진주포레스트부영,2024-07-24,17332,59.9925,17,2020,충무공동 145
진주포레스트부영,2024-07-24,17332,59.9925,22,2020,충무공동 145
신진주역세권우미린더시그니처,2024-07-24,31000,84.9888,23,2024,가좌동 1986
진주혁신도시중흥에스-클래스센트럴시티2단지,2024-07-21,47000,117.7407,24,2020,충무공동 293
진주포레스트부영,2024-07-24,17332,59.9925,3,2020,충무공동 145
혁신도시엘에이치아파트8단지,2024-07-24,27000,59.97,8,2015,충무공동 300
진주포레스트부영,2024-07-16,17332,59.9925,15,2020,충무공동 145
평거휴먼시아3단지,2024-07-23,29000,84.97,4,2011,평거동 897
평거휴먼시아3단지,2024-07-23,29000,84.97,4,2011,평거동 897
진주혁신도시중흥에스-클래스센트럴시티4단지,2024-07-16,38000,84.9815,22,2020,충무공동 295
신안주공1,2024-07-16,21000,84.53,6,1998,신안동 708-1
진주포레스트부영,2024-07-23,17332,59.9885,23,2020,충무공동 145
진주초장엠코타운더이스턴파크,2024-07-20,26730,84.977,19,2014,초전동 1669
진주혁신도시대방노블랜드더캐슬아파트,2024-07-04,41000,84.9474,7,2018,충무공동 296
힐스테이트초전,2024-07-20,32000,84.9196,23,2019,초전동 1665
진주포레스트부영,2024-07-18,17332,59.9925,14,2020,충무공동 145
진주포레스트부영,2024-07-23,17332,59.9925,15,2020,충무공동 145
진주포레스트부영,2024-07-23,17332,59.9925,12,2020,충무공동 145
신진주라비에데시앙,2024-07-14,30000,84.9301,11,2024,가좌동 2092
진주포레스트부영,2024-07-22,17332,59.9925,9,2020,충무공동 145
진주포레스트부영,2024-07-22,17332,59.9925,17,2020,충무공동 145
센트렐웰가,2024-07-21,27000,59.4732,18,2018,가좌동 1981
진주포레스트부영,2024-07-19,17332,59.9885,4,2020,충무공동 145
힐스테이트초전,2024-07-22,28000,84.9351,29,2019,초전동 1665
진주문산파란채,2024-07-12,18000,84.8829,5,2010,문산읍 삼곡리 1224
신진주역세권우미린더시그니처,2024-07-07,31000,84.986,12,2024,가좌동 1986
진주포레스트부영,2024-07-19,17332,59.9925,4,2020,충무공동 145
신진주라비에데시앙,2024-07-09,30000,84.9301,9,2024,가좌동 2092
주공그린빌,2024-07-19,13000,51.74,2,2005,가좌동 573-1
스카이시티프라디움,2024-07-20,30000,84.9898,17,2019,가좌동 1958
진주초장엠코타운더이스턴파크,2024-07-20,33000,101.5255,9,2014,초전동 1669
시티프라디움,2024-07-22,30000,84.9941,27,2020,가좌동 2058
진주혁신도시중흥에스-클래스더프라임,2024-07-17,10000,84.9858,22,2019,충무공동 90
진주포레스트부영,2024-07-22,17332,59.9925,21,2020,충무공동 145
진주초장엠코타운더이스턴파크,2024-07-20,25000,73.6669,11,2014,초전동 1669
진주포레스트부영,2024-07-11,17332,59.9925,21,2020,충무공동 145
진주포레스트부영,2024-07-22,17332,59.9925,22,2020,충무공동 145
신진주역세권우미린더시그니처,2024-07-14,33000,84.986,13,2024,가좌동 1986
진주포레스트부영,2024-07-19,17332,59.9925,15,2020,충무공동 145
평거주공1차,2024-07-15,10000,39.69,4,1988,평거동 326
혁신도시엘에이치아파트8단지,2024-07-17,26000,59.97,9,2015,충무공동 300
진주포레스트부영,2024-07-18,17332,59.9925,11,2020,충무공동 145
신진주라비에데시앙,2024-07-14,29000,84.9301,16,2024,가좌동 2092
진주포레스트부영,2024-07-12,17332,59.9925,11,2020,충무공동 145
진주포레스트부영,2024-07-18,17332,59.9925,18,2020,충무공동 145
그린타운,2024-07-17,8000,68.9,6,1992,신안동 412
진주포레스트부영,2024-07-15,15598,59.9885,23,2020,충무공동 145
진주포레스트부영,2024-07-10,17332,59.9925,14,2020,충무공동 145
신안주공3,2024-07-01,13300,49.96,8,1997,신안동 705-1
신진주라비에데시앙,2024-07-07,27500,84.9301,2,2024,가좌동 2092
한보타운,2024-07-11,7700,59.94,15,1993,평거동 737
신진주라비에데시앙,2024-07-05,30000,84.9301,15,2024,가좌동 2092
진주포레스트부영,2024-07-16,9314,59.9925,13,2020,충무공동 145
진주포레스트부영,2024-07-16,17332,59.9925,14,2020,충무공동 145
진주포레스트부영,2024-07-16,17332,59.9925,3,2020,충무공동 145
혁신도시엘에이치아파트8단지,2024-07-16,25000,59.97,4,2015,충무공동 300
신안주공1,2024-07-16,21000,84.53,6,1998,신안동 708-1
가좌주공1차,2024-07-15,13000,49.94,14,1993,가좌동 660
시티프라디움,2024-07-15,29000,84.9909,19,2020,가좌동 2058
진주포레스트부영,2024-07-16,17332,59.9885,21,2020,충무공동 145
시티프라디움,2024-07-14,29000,84.9941,31,2020,가좌동 2058
진주포레스트부영,2024-07-16,17332,59.9885,12,2020,충무공동 145
진주포레스트부영,2024-07-16,17332,59.9885,9,2020,충무공동 145
진주평거우방아이유쉘스카이팰리스,2024-07-10,33000,84.2136,7,2019,평거동 1137
스카이시티프라디움,2024-07-15,31000,84.9818,14,2019,가좌동 1958
센트렐웰가,2024-07-14,29900,84.9222,17,2018,가좌동 1981
들말흥한타운,2024-07-12,25000,84.89,4,1998,평거동 191-1
진주포레스트부영,2024-07-15,17332,59.9925,18,2020,충무공동 145
진주우방아이유쉘,2024-07-14,24500,84.9578,6,2017,정촌면 예하리 1296
신진주라비에데시앙,2024-07-01,26000,84.9301,3,2024,가좌동 2092
진주평거엘크루,2024-07-12,35000,84.9195,1,2016,평거동 919
신진주역세권우미린더시그니처,2024-07-09,29000,84.986,3,2024,가좌동 1986
건영아모리움,2024-07-06,25000,75.2088,18,2017,평거동 141
진주포레스트부영,2024-07-15,17332,59.9885,12,2020,충무공동 145
포레나신진주,2024-07-13,30000,84.9543,33,2019,가좌동 2056
진주포레스트부영,2024-07-15,17332,59.9885,3,2020,충무공동 145
한주럭키타운,2024-07-11,18900,76.58,4,1990,주약동 156
혁신도시엘에이치아파트9단지,2024-07-13,27000,59.97,14,2017,충무공동 302
주공그린빌,2024-07-14,15000,51.74,15,2005,가좌동 573-1
센트렐웰가,2024-07-09,28000,84.8381,9,2018,가좌동 1981
센트렐웰가,2024-07-07,28000,75.3872,28,2018,가좌동 1981
신안주공1,2024-07-13,23000,84.53,13,1998,신안동 708-1
진주포레스트부영,2024-07-12,17332,59.9925,23,2020,충무공동 145
혁신도시엘에이치아파트8단지,2024-07-12,24000,59.97,8,2015,충무공동 300
진주포레스트부영,2024-07-12,17332,59.9925,18,2020,충무공동 145
진주포레스트부영,2024-07-12,17332,59.9885,25,2020,충무공동 145
진주포레스트부영,2024-07-12,17332,59.9925,9,2020,충무공동 145
진주포레스트부영,2024-07-12,17332,59.9925,16,2020,충무공동 145
진주포레스트부영,2024-07-12,17332,59.9925,10,2020,충무공동 145
진주포레스트부영,2024-07-12,17332,59.9925,13,2020,충무공동 145
진주포레스트부영,2024-07-12,17332,59.9885,18,2020,충무공동 145
신진주역세권우미린더시그니처,2024-07-11,32000,84.986,20,2024,가좌동 1986
진주포레스트부영,2024-07-12,17332,59.9925,10,2020,충무공동 145
진주포레스트부영,2024-07-11,17332,59.9925,17,2020,충무공동 145
진주포레스트부영,2024-07-11,17332,59.9925,6,2020,충무공동 145
진주혁신도시중흥에스-클래스센트럴시티4단지,2024-07-11,47000,99.8146,25,2020,충무공동 295
진주혁신도시중흥에스-클래스더퍼스트,2024-07-09,50000,99.864,19,2020,충무공동 275
진주포레스트부영,2024-07-11,17332,59.9925,20,2020,충무공동 145
신안주공2,2024-07-10,11925,49.97,4,1996,신안동 707-1
신진주역세권우미린더시그니처,2024-07-11,30000,84.986,14,2024,가좌동 1986
진주포레스트부영,2024-07-10,17332,59.9925,14,2020,충무공동 145
금산흥한골든빌,2024-07-01,12000,73.61,12,2002,금산면 장사리 1000
금산흥한골든빌,2024-07-01,12000,73.61,12,2002,금산면 장사리 1000
진주포레스트부영,2024-07-08,17332,59.9925,15,2020,충무공동 145
진주포레스트부영,2024-07-11,17332,59.9925,20,2020,충무공동 145
진주포레스트부영,2024-07-11,17332,59.9885,10,2020,충무공동 145
엠코타운더프라하,2024-07-08,34000,84.933,10,2014,평거동 1132
진주혁신도시중흥에스-클래스센트럴시티2단지,2024-07-10,38000,84.9815,24,2020,충무공동 293
진주포레스트부영,2024-07-10,17332,59.9925,18,2020,충무공동 145
금산흥한골든빌,2024-07-10,14500,73.61,12,2002,금산면 장사리 1000
진주포레스트부영,2024-07-10,17332,59.9925,14,2020,충무공동 145
신진주역세권우미린더시그니처,2024-07-10,32000,84.986,4,2024,가좌동 1986
진주포레스트부영,2024-07-10,17332,59.9925,19,2020,충무공동 145
혁신도시엘에이치아파트8단지,2024-07-06,24000,59.97,14,2015,충무공동 300
신진주역세권우미린더시그니처,2024-07-05,30000,84.986,10,2024,가좌동 1986
진주포레스트부영,2024-07-10,17332,59.9925,15,2020,충무공동 145
신진주라비에데시앙,2024-07-08,29000,84.9301,12,2024,가좌동 2092
진주포레스트부영,2024-07-09,17332,59.9925,6,2020,충무공동 145
더퀸즈웰가,2024-07-05,31000,75.6705,16,2015,평거동 1130
진주혁신코오롱하늘채,2024-07-08,27000,75.99,5,2014,충무공동 230
센트렐웰가,2024-07-08,29000,84.9222,10,2018,가좌동 1981
혁신도시엘에이치아파트9단지,2024-07-08,25000,59.97,4,2017,충무공동 302
진주포레스트부영,2024-07-08,17127,59.9925,20,2020,충무공동 145
진주포레스트부영,2024-07-08,17332,59.9925,22,2020,충무공동 145
신진주역세권우미린더시그니처,2024-07-07,30500,84.986,1,2024,가좌동 1986
진주포레스트부영,2024-07-08,17332,59.9925,9,2020,충무공동 145
신진주라비에데시앙,2024-07-06,27000,84.9301,15,2024,가좌동 2092
진주포레스트부영,2024-07-08,17332,59.9925,22,2020,충무공동 145
진주초장엠코타운더이스턴파크,2024-07-06,24000,73.556,20,2014,초전동 1669
진주정촌대경파미르,2024-07-08,20000,84.9625,2,2019,정촌면 예하리 1286
혁신도시엘에이치아파트8단지,2024-07-05,24000,59.97,1,2015,충무공동 300
진주포레스트부영,2024-07-08,17332,59.9925,17,2020,충무공동 145
더퀸즈웰가,2024-07-06,29500,75.6705,1,2015,평거동 1130
엠코타운더프라하,2024-07-06,43000,101.5684,34,2014,평거동 1132
센트렐웰가,2024-07-05,30000,84.9914,18,2018,가좌동 1981
신진주라비에데시앙,2024-07-02,28000,84.9301,4,2024,가좌동 2092
진주포레스트부영,2024-07-05,17332,59.9925,16,2020,충무공동 145
진주포레스트부영,2024-07-05,17332,59.9925,13,2020,충무공동 145
진주포레스트부영,2024-07-01,17332,59.9925,7,2020,충무공동 145
진주정촌대경파미르,2024-07-04,19000,66.1957,15,2019,정촌면 예하리 1286
진주포레스트부영,2024-07-04,17127,59.9925,7,2020,충무공동 145
신진주역세권우미린더시그니처,2024-07-04,30000,84.9888,12,2024,가좌동 1986
진주포레스트부영,2024-07-02,17332,59.9925,22,2020,충무공동 145
진주포레스트부영,2024-07-03,17332,59.9925,21,2020,충무공동 145
신진주역세권우미린더시그니처,2024-07-04,47000,116.8943,16,2024,가좌동 1986
진주포레스트부영,2024-07-04,17332,59.9925,10,2020,충무공동 145
시티프라디움,2024-07-04,27000,84.9941,32,2020,가좌동 2058
신진주라비에데시앙,2024-07-01,30000,84.9301,5,2024,가좌동 2092
진주포레스트부영,2024-07-03,17332,59.9885,9,2020,충무공동 145
시티프라디움,2024-07-03,28000,84.9941,9,2020,가좌동 2058
시티프라디움,2024-07-03,28000,84.9941,9,2020,가좌동 2058
진주포레스트부영,2024-07-02,17332,59.9925,6,2020,충무공동 145
혁신도시엘에이치아파트8단지,2024-07-02,25000,59.97,14,2015,충무공동 300
진주포레스트부영,2024-07-03,17332,59.9925,20,2020,충무공동 145
진주포레스트부영,2024-07-03,17332,59.9925,13,2020,충무공동 145
신진주라비에데시앙,2024-07-02,27000,84.9301,9,2024,가좌동 2092
진주포레스트부영,2024-07-02,17332,59.9925,2,2020,충무공동 145
진주포레스트부영,2024-07-02,17332,59.9925,20,2020,충무공동 145
진주포레스트부영,2024-07-01,17332,59.9925,21,2020,충무공동 145
진주포레스트부영,2024-07-02,17332,59.9925,7,2020,충무공동 145
진주포레스트부영,2024-07-02,17332,59.9925,11,2020,충무공동 145
시티프라디움,2024-07-01,29000,84.9909,34,2020,가좌동 2058
진주포레스트부영,2024-07-01,17332,59.9885,4,2020,충무공동 145
금호맨션,2024-07-01,3000,83.14,6,1990,금산면 중천리 2-6
진주포레스트부영,2024-07-01,17332,59.9925,22,2020,충무공동 145
진주포레스트부영,2024-07-01,17332,59.9925,17,2020,충무공동 145
진주포레스트부영,2024-07-01,17332,59.9925,18,2020,충무공동 145
진주포레스트부영,2024-07-01,17332,59.9925,8,2020,충무공동 145
진주혁신도시중흥에스-클래스더퍼스트,2024-08-24,58000,113.4763,8,2020,충무공동 275
진주혁신도시중흥에스-클래스센트럴시티3단지,2024-08-12,43000,99.8723,9,2020,충무공동 298
신진주역세권우미린더시그니처,2024-08-22,33000,84.986,9,2024,가좌동 1986
센트렐웰가,2024-08-28,30000,75.3872,22,2018,가좌동 1981
진주포레스트부영,2024-08-27,17332,59.9925,8,2020,충무공동 145
하대주공,2024-08-27,3500,35.64,4,1982,하대동 73-1
평거주공1차,2024-08-24,11000,39.3,3,1988,평거동 326
혁신도시엘에이치아파트9단지,2024-08-21,26500,59.97,9,2017,충무공동 302
신안주공3,2024-08-15,14850,59.8,14,1997,신안동 705-1
신진주역세권우미린더시그니처,2024-08-18,51000,116.8943,9,2024,가좌동 1986
신진주역세권우미린더시그니처,2024-08-05,32000,84.9888,18,2024,가좌동 1986
평거휴먼시아4단지,2024-08-01,24000,59.98,5,2011,평거동 797
진주혁신도시중흥에스-클래스더퍼스트,2024-08-24,58000,113.4763,8,2020,충무공동 275
덕산,2024-08-02,13000,84.96,18,1995,이현동 235-1
신진주역세권우미린더시그니처,2024-08-22,33000,84.986,9,2024,가좌동 1986
신진주역세권우미린더시그니처,2024-08-30,50000,116.8943,9,2024,가좌동 1986
진주혁신도시중흥에스-클래스센트럴시티3단지,2024-08-12,43000,99.8723,9,2020,충무공동 298
진주혁신도시중흥에스-클래스더프라임,2024-08-24,46000,110.9212,11,2019,충무공동 90
신진주라비에데시앙,2024-08-28,32000,84.9301,8,2024,가좌동 2092
진주포레스트부영,2024-08-26,17332,59.9885,10,2020,충무공동 145
평거주공1차,2024-08-24,11000,39.3,3,1988,평거동 326
평거휴먼시아4단지,2024-08-16,24000,59.98,7,2011,평거동 797
진주혁신도시중흥에스-클래스더프라임,2024-08-27,40000,97.7268,9,2019,충무공동 90
이지더원,2024-08-23,45000,113.588,8,2018,초전동 1673
신진주라비에데시앙,2024-08-25,32000,84.9301,6,2024,가좌동 2092
진주혁신도시대방노블랜드더캐슬아파트,2024-08-12,57000,103.3591,19,2018,충무공동 296
신안주공2,2024-08-30,15000,59.8,10,1996,신안동 707-1
진주초장엠코타운더이스턴파크,2024-08-21,32000,101.5255,14,2014,초전동 1669
신진주역세권우미린더시그니처,2024-08-31,35000,84.9888,17,2024,가좌동 1986
진주초장엠코타운더이스턴파크,2024-08-21,32000,101.5255,14,2014,초전동 1669
진주초장엠코타운더이스턴파크,2024-08-21,32000,101.5255,14,2014,초전동 1669
신진주라비에데시앙,2024-08-10,33000,84.9301,25,2024,가좌동 2092
포레나신진주,2024-08-25,30000,84.9543,33,2019,가좌동 2056
진주혁신도시대방노블랜드더캐슬아파트,2024-08-10,45000,103.3591,2,2018,충무공동 296
가좌주공1차,2024-08-18,13000,49.94,14,1993,가좌동 660
센트렐웰가,2024-08-28,30000,75.3872,22,2018,가좌동 1981
진주혁신도시중흥에스-클래스센트럴시티3단지,2024-08-09,40000,84.9815,4,2020,충무공동 298
신안주공1,2024-08-23,23000,84.98,4,1998,신안동 708-1
진주혁신도시센텀리버파크,2024-08-24,33000,84.95,19,2013,충무공동 191
들말흥한타운,2024-08-22,23000,84.89,2,1998,평거동 191-1
진주초전푸르지오1단지,2024-08-27,35500,121.144,1,2009,초전동 1640-1
진주혁신도시중흥에스-클래스더퍼스트,2024-08-31,56000,113.4763,6,2020,충무공동 275
진주혁신도시중흥에스-클래스센트럴시티2단지,2024-08-24,53000,117.7407,4,2020,충무공동 293
휴앤인엘리시움,2024-08-27,39000,117.768,5,2019,충무공동 134
가좌주공1차,2024-08-26,10000,38.64,14,1993,가좌동 660
진주혁신도시대방노블랜드더캐슬아파트,2024-08-29,53000,103.9623,8,2018,충무공동 296
건영아모리움,2024-08-14,27000,79.5826,14,2017,평거동 141
혁신도시엘에이치아파트8단지,2024-08-02,23000,59.96,20,2015,충무공동 300
신진주역세권우미린더시그니처,2024-08-27,33000,84.9888,21,2024,가좌동 1986
엠코타운더프라하,2024-08-11,45000,118.6034,19,2014,평거동 1132
현대,2024-08-23,16000,84.93,2,1996,하대동 101
더퀸즈웰가,2024-08-17,28000,58.4018,6,2015,평거동 1130
들말흥한타운,2024-08-29,29000,125.61,1,1998,평거동 191-1
진주포레스트부영,2024-08-21,17332,59.9925,21,2020,충무공동 145
금호석류,2024-08-23,19000,84.87,1,1999,주약동 407-1
청구타운,2024-08-03,13000,59.99,2,1997,초전동 1431-3
더퀸즈웰가,2024-08-30,34000,84.7157,26,2015,평거동 1130
진주포레스트부영,2024-08-21,17332,59.9925,3,2020,충무공동 145
이지더원,2024-08-30,34000,84.9614,5,2018,초전동 1673
신진주역세권우미린더시그니처,2024-08-28,35000,84.9888,21,2024,가좌동 1986
진주혁신도시대방노블랜드더캐슬아파트,2024-08-02,43500,84.9474,15,2018,충무공동 296
건영아모리움,2024-08-26,27000,78.9317,12,2017,평거동 141
신진주역세권우미린더시그니처,2024-08-31,35000,84.986,15,2024,가좌동 1986
포레나신진주,2024-08-25,30000,84.9543,33,2019,가좌동 2056
포레나신진주,2024-08-24,30000,84.9515,29,2019,가좌동 2056
더퀸즈웰가,2024-08-26,30000,58.7908,24,2015,평거동 1130
엠코타운더프라하,2024-08-23,34000,84.933,13,2014,평거동 1132
흥한타운2,2024-08-29,13500,59.935,13,1995,신안동 454-4
혁신도시엘에이치아파트9단지,2024-08-30,28000,59.97,8,2017,충무공동 302
센트렐웰가,2024-08-21,32000,84.8381,6,2018,가좌동 1981
진주포레스트부영,2024-08-21,17332,59.9885,13,2020,충무공동 145
들말흥한타운,2024-08-31,20000,84.89,6,1998,평거동 191-1
센트렐웰가,2024-08-01,30000,84.8133,27,2018,가좌동 1981
진주포레스트부영,2024-08-30,17332,59.9925,3,2020,충무공동 145
평거휴먼시아3단지,2024-08-31,29000,84.95,2,2011,평거동 897
신진주역세권우미린더시그니처,2024-08-18,30000,84.9888,13,2024,가좌동 1986
진주혁신도시중흥에스-클래스센트럴시티2단지,2024-08-17,46000,99.8723,4,2020,충무공동 293
포레나신진주,2024-08-15,31500,84.9543,20,2019,가좌동 2056
힐스테이트초전,2024-08-09,32000,84.9196,2,2019,초전동 1665
혁신도시엘에이치아파트9단지,2024-08-28,29500,59.97,19,2017,충무공동 302
더퀸즈웰가,2024-08-26,29000,58.7908,12,2015,평거동 1130
이지더원,2024-08-24,34000,84.9614,2,2018,초전동 1673
신안주공3,2024-08-17,16000,59.8,10,1997,신안동 705-1
한주럭키타운,2024-08-25,18000,76.58,3,1990,주약동 156
진주포레스트부영,2024-08-30,17332,59.9885,22,2020,충무공동 145
한림풀에버,2024-08-17,30000,84.9088,4,2015,충무공동 77
힐스테이트초전,2024-08-29,34000,84.9196,2,2019,초전동 1665
금산아이파크,2024-08-21,14000,59.78,8,2004,금산면 장사리 965-1
신진주역세권우미린더시그니처,2024-08-02,33000,84.986,2,2024,가좌동 1986
스카이시티프라디움,2024-08-29,31000,84.991,9,2019,가좌동 1958
진주혁신코오롱하늘채,2024-08-27,28000,75.99,4,2014,충무공동 230
신진주라비에데시앙,2024-08-27,32000,84.9301,3,2024,가좌동 2092
진주포레스트부영,2024-08-28,17332,59.9925,16,2020,충무공동 145
한림풀에버,2024-08-29,32000,84.9088,15,2015,충무공동 77
현대,2024-08-28,32400,127.69,9,2000,주약동 360
들말흥한타운,2024-08-16,19800,77.391,12,1998,평거동 191-1
주공그린빌,2024-08-29,15000,51.74,3,2005,가좌동 573-1
진주포레스트부영,2024-08-29,17332,59.9925,6,2020,충무공동 145
혁신도시엘에이치아파트8단지,2024-08-04,24500,59.97,14,2015,충무공동 300
진주포레스트부영,2024-08-29,17332,59.9925,16,2020,충무공동 145
휴앤인엘리시움,2024-08-11,33000,84.8578,16,2019,충무공동 134
진주포레스트부영,2024-08-29,17332,59.9925,13,2020,충무공동 145
진주혁신도시중흥에스-클래스더프라임,2024-08-24,46000,110.9212,11,2019,충무공동 90
진주혁신도시중흥에스-클래스센트럴시티4단지,2024-08-28,42000,84.9815,22,2020,충무공동 295
한주럭키타운,2024-08-25,18000,76.58,3,1990,주약동 156
신진주역세권우미린더시그니처,2024-08-28,35000,84.9888,2,2024,가좌동 1986
진주포레스트부영,2024-08-28,17332,59.9925,8,2020,충무공동 145
신진주라비에데시앙,2024-08-15,30000,84.9301,7,2024,가좌동 2092
현대,2024-08-08,16000,84.93,20,1996,하대동 101
혁신도시엘에이치아파트8단지,2024-08-28,22000,59.97,2,2015,충무공동 300
진주포레스트부영,2024-08-28,17332,59.9925,11,2020,충무공동 145
진주포레스트부영,2024-08-22,17332,59.9925,17,2020,충무공동 145
포레나신진주,2024-08-17,30000,84.9543,22,2019,가좌동 2056
신안주공2,2024-08-24,14500,59.8,13,1996,신안동 707-1
진주포레스트부영,2024-08-27,17332,59.9925,1,2020,충무공동 145
한주럭키타운,2024-08-27,20000,76.58,7,1990,주약동 156
진주포레스트부영,2024-08-27,17332,59.9925,22,2020,충무공동 145
진주포레스트부영,2024-08-23,17332,59.9885,6,2020,충무공동 145
한림풀에버,2024-08-17,30000,84.9088,4,2015,충무공동 77
진주혁신도시대방노블랜드더캐슬아파트,2024-08-26,56000,103.9623,20,2018,충무공동 296
진주포레스트부영,2024-08-27,17332,59.9925,16,2020,충무공동 145
진주포레스트부영,2024-08-27,17332,59.9925,20,2020,충무공동 145
진주우방아이유쉘,2024-08-26,25000,84.9758,14,2017,정촌면 예하리 1296
진주혁신도시중흥에스-클래스더퍼스트,2024-08-27,53000,99.864,9,2020,충무공동 275
진주포레스트부영,2024-08-26,17332,59.9925,10,2020,충무공동 145
신진주역세권우미린더시그니처,2024-08-17,34000,84.986,19,2024,가좌동 1986
진주포레스트부영,2024-08-23,17332,59.9925,23,2020,충무공동 145
진주혁신도시센텀리버파크,2024-08-24,33000,84.95,19,2013,충무공동 191
진주포레스트부영,2024-08-26,17332,59.9925,11,2020,충무공동 145
진주포레스트부영,2024-08-19,17332,59.9925,24,2020,충무공동 145
가좌주공1차,2024-08-23,11300,41.3,3,1993,가좌동 660
혁신도시엘에이치아파트8단지,2024-08-25,25000,59.97,15,2015,충무공동 300
진주포레스트부영,2024-08-26,17332,59.9925,14,2020,충무공동 145
신진주역세권우미린더시그니처,2024-08-19,50000,116.8943,10,2024,가좌동 1986
혁신도시엘에이치아파트8단지,2024-08-25,23000,59.97,1,2015,충무공동 300
주공그린빌,2024-08-24,17000,59.27,10,2005,가좌동 573-1
진주포레스트부영,2024-08-26,17332,59.9925,16,2020,충무공동 145
진주포레스트부영,2024-08-22,17332,59.9885,13,2020,충무공동 145
진주초장엠코타운더이스턴파크,2024-08-21,32000,101.5255,14,2014,초전동 1669
진주포레스트부영,2024-08-26,17332,59.9885,16,2020,충무공동 145
신안주공1,2024-08-23,23000,84.98,4,1998,신안동 708-1
금호석류,2024-08-23,19000,84.87,1,1999,주약동 407-1
진주포레스트부영,2024-08-26,17332,59.9925,20,2020,충무공동 145
혁신도시엘에이치아파트9단지,2024-08-21,26500,59.97,9,2017,충무공동 302
건영아모리움,2024-08-14,27000,79.5826,14,2017,평거동 141
진주포레스트부영,2024-08-23,17332,59.9885,16,2020,충무공동 145
스카이시티프라디움,2024-08-22,25000,84.9818,30,2019,가좌동 1958
신진주역세권우미린더시그니처,2024-08-19,50000,116.8943,10,2024,가좌동 1986
휴앤인엘리시움,2024-08-14,32000,84.8578,6,2019,충무공동 134
센트렐웰가,2024-08-13,30000,84.9914,4,2018,가좌동 1981
가좌주공1차,2024-08-16,12500,44.94,12,1993,가좌동 660
진주우방아이유쉘,2024-08-22,21000,84.9758,6,2017,정촌면 예하리 1296
진주포레스트부영,2024-08-22,17332,59.9885,15,2020,충무공동 145
엠코타운더프라하,2024-08-22,35000,84.9651,7,2014,평거동 1132
진주포레스트부영,2024-08-22,17332,59.9925,10,2020,충무공동 145
진주포레스트부영,2024-08-22,17332,59.9925,2,2020,충무공동 145
진주포레스트부영,2024-08-22,17332,59.9925,2,2020,충무공동 145
진주포레스트부영,2024-08-21,17332,59.9925,2,2020,충무공동 145
진주포레스트부영,2024-08-22,17332,59.9925,15,2020,충무공동 145
진주포레스트부영,2024-08-22,17332,59.9885,24,2020,충무공동 145
센트렐웰가,2024-08-20,26000,75.7795,10,2018,가좌동 1981
신안주공3,2024-08-21,13500,59.8,1,1997,신안동 705-1
진주포레스트부영,2024-08-21,17332,59.9925,19,2020,충무공동 145
신진주라비에데시앙,2024-08-21,30000,84.9301,11,2024,가좌동 2092
진주정촌대경파미르,2024-08-15,26000,84.9426,19,2019,정촌면 예하리 1286
혁신도시엘에이치아파트8단지,2024-08-08,24000,59.97,2,2015,충무공동 300
진주포레스트부영,2024-08-05,17332,59.9925,17,2020,충무공동 145
주공그린빌,2024-08-16,16000,51.74,14,2005,가좌동 573-1
칠암한주타운,2024-08-14,16000,59.98,19,1995,칠암동 78
진주포레스트부영,2024-08-21,17332,59.9925,10,2020,충무공동 145
스카이시티프라디움,2024-08-19,33000,84.9898,22,2019,가좌동 1958
청구타운,2024-08-03,13000,59.99,2,1997,초전동 1431-3
금호석류,2024-08-16,22500,84.87,3,1999,주약동 407-1
진주포레스트부영,2024-08-20,17332,59.9925,23,2020,충무공동 145
진주포레스트부영,2024-08-20,17332,59.9925,10,2020,충무공동 145
신진주라비에데시앙,2024-08-16,32000,84.9301,14,2024,가좌동 2092
진주포레스트부영,2024-08-20,17332,59.9925,5,2020,충무공동 145
진주포레스트부영,2024-08-20,17332,59.9925,20,2020,충무공동 145
주공그린빌,2024-08-09,15000,51.74,5,2005,가좌동 573-1
포레나신진주,2024-08-16,30000,84.9515,5,2019,가좌동 2056
진주포레스트부영,2024-08-19,17332,59.9925,12,2020,충무공동 145
신진주역세권우미린더시그니처,2024-08-18,51000,116.8943,9,2024,가좌동 1986
진주혁신도시센텀리버파크,2024-08-17,33500,84.95,15,2013,충무공동 191
혁신도시엘에이치아파트8단지,2024-08-19,26000,59.96,19,2015,충무공동 300
주공그린빌,2024-08-16,16000,51.74,14,2005,가좌동 573-1
더퀸즈웰가,2024-08-19,30000,66.3912,12,2015,평거동 1130
진주정촌대경파미르,2024-08-03,24000,84.9426,19,2019,정촌면 예하리 1286
신진주라비에데시앙,2024-08-14,30000,84.9301,10,2024,가좌동 2092
신진주역세권우미린더시그니처,2024-08-07,31000,84.986,1,2024,가좌동 1986
진주포레스트부영,2024-08-16,17332,59.9925,8,2020,충무공동 145
혁신도시엘에이치아파트8단지,2024-08-14,24000,59.97,14,2015,충무공동 300
신안주공2,2024-08-16,14000,59.8,5,1996,신안동 707-1
진주포레스트부영,2024-08-07,17332,59.9885,22,2020,충무공동 145
라미,2024-08-17,8000,47.1395,1,2004,봉곡동 478-6
들말흥한타운,2024-08-12,18600,77.391,1,1998,평거동 191-1
진주포레스트부영,2024-08-16,17332,59.9885,16,2020,충무공동 145
진주평거엘크루,2024-08-10,45000,101.4795,3,2016,평거동 919
신안주공3,2024-08-08,14000,59.8,3,1997,신안동 705-1
센트렐웰가,2024-08-17,30000,84.9914,3,2018,가좌동 1981
혁신도시엘에이치아파트9단지,2024-08-13,26000,59.97,7,2017,충무공동 302
엠코타운더프라하,2024-08-13,35000,84.933,14,2014,평거동 1132
스카이시티프라디움,2024-08-13,35000,84.991,25,2019,가좌동 1958
신안주공3,2024-08-15,14850,59.8,14,1997,신안동 705-1
신진주역세권우미린더시그니처,2024-08-15,32000,84.9888,20,2024,가좌동 1986
진주포레스트부영,2024-08-16,17332,59.9925,20,2020,충무공동 145
포레나신진주,2024-08-14,30000,84.9543,22,2019,가좌동 2056
포레나신진주,2024-08-14,30000,84.9543,22,2019,가좌동 2056
진주포레스트부영,2024-08-16,17332,59.9925,18,2020,충무공동 145
신진주역세권우미린더시그니처,2024-08-05,32000,84.9888,18,2024,가좌동 1986
한림풀에버,2024-08-14,29000,84.9644,13,2015,충무공동 77
진주포레스트부영,2024-08-16,17332,59.9925,4,2020,충무공동 145
진주포레스트부영,2024-08-16,17332,59.9925,8,2020,충무공동 145
가좌주공1차,2024-08-15,13000,49.94,11,1993,가좌동 660
진주포레스트부영,2024-08-09,17332,59.9925,15,2020,충무공동 145
신진주역세권우미린더시그니처,2024-08-13,50000,116.8943,10,2024,가좌동 1986
진주포레스트부영,2024-08-16,17332,59.9925,11,2020,충무공동 145
진주혁신도시중흥에스-클래스센트럴시티2단지,2024-08-14,40000,84.9815,18,2020,충무공동 293
대영,2024-08-13,11000,84.86,8,1992,하대동 654-2
혁신도시엘에이치5단지,2024-08-10,30000,84.95,19,2014,충무공동 234
신진주라비에데시앙,2024-08-14,31500,84.9301,14,2024,가좌동 2092
가좌주공1차,2024-08-13,11500,41.3,5,1993,가좌동 660
혁신도시엘에이치아파트9단지,2024-08-13,27000,59.97,19,2017,충무공동 302
신진주역세권우미린더시그니처,2024-08-03,32000,84.9888,18,2024,가좌동 1986
진주포레스트부영,2024-08-13,17332,59.9925,19,2020,충무공동 145
신진주역세권우미린더시그니처,2024-08-12,33000,84.986,20,2024,가좌동 1986
진주포레스트부영,2024-08-05,17332,59.9925,7,2020,충무공동 145
진주포레스트부영,2024-08-13,17332,59.9925,1,2020,충무공동 145
신진주역세권우미린더시그니처,2024-08-10,35000,84.986,23,2024,가좌동 1986
엠코타운더프라하,2024-08-12,31500,67.2755,15,2014,평거동 1132
진주포레스트부영,2024-08-12,17332,59.9925,23,2020,충무공동 145
진주포레스트부영,2024-08-12,17332,59.9925,21,2020,충무공동 145
진주혁신도시대방노블랜드더캐슬아파트,2024-08-10,44000,84.9899,11,2018,충무공동 296
진주포레스트부영,2024-08-12,17332,59.9925,10,2020,충무공동 145
진주포레스트부영,2024-08-12,17332,59.9925,14,2020,충무공동 145
진주혁신도시중흥에스-클래스더퍼스트,2024-08-09,52000,99.864,5,2020,충무공동 275
진주혁신도시중흥에스-클래스더퍼스트,2024-08-09,52000,99.864,5,2020,충무공동 275
주공그린빌,2024-08-06,14900,51.74,4,2005,가좌동 573-1
진주포레스트부영,2024-08-09,17332,59.9925,6,2020,충무공동 145
진주혁신도시대방노블랜드더캐슬아파트,2024-08-02,43500,84.9474,15,2018,충무공동 296
진주포레스트부영,2024-08-08,17332,59.9925,13,2020,충무공동 145
진주포레스트부영,2024-08-09,17332,59.9925,11,2020,충무공동 145
진주포레스트부영,2024-08-09,17332,59.9925,8,2020,충무공동 145
신진주라비에데시앙,2024-08-09,28000,84.9786,16,2024,가좌동 2092
초전해모로루비채2단지,2024-08-09,29000,84.9908,3,2014,초전동 1667
진주혁신도시중흥에스-클래스더프라임,2024-08-09,45000,97.7268,13,2019,충무공동 90
진주포레스트부영,2024-08-09,17332,59.9885,8,2020,충무공동 145
진주포레스트부영,2024-08-08,17332,59.9925,6,2020,충무공동 145
시티프라디움,2024-08-01,29000,84.9941,3,2020,가좌동 2058
가좌주공2차,2024-08-08,13000,49.94,13,1993,가좌동 660
진주초장엠코타운더이스턴파크,2024-08-02,28360,84.9915,23,2014,초전동 1669
진주포레스트부영,2024-08-08,17332,59.9925,2,2020,충무공동 145
진주포레스트부영,2024-08-08,17332,59.9925,11,2020,충무공동 145
한림풀에버,2024-08-07,30000,84.9644,24,2015,충무공동 77
시티프라디움,2024-08-07,28000,84.9941,28,2020,가좌동 2058
진주포레스트부영,2024-08-07,17332,59.9925,16,2020,충무공동 145
진주포레스트부영,2024-08-07,17332,59.9925,20,2020,충무공동 145
진주포레스트부영,2024-08-07,17332,59.9925,7,2020,충무공동 145
덕산,2024-08-02,13000,84.96,18,1995,이현동 235-1
진주혁신도시중흥에스-클래스센트럴시티3단지,2024-08-06,40000,84.8046,15,2020,충무공동 298
가좌주공2차,2024-08-05,11000,41.3,4,1993,가좌동 660
진주포레스트부영,2024-08-06,17332,59.9925,16,2020,충무공동 145
진주포레스트부영,2024-08-06,17332,59.9925,14,2020,충무공동 145
청구타운,2024-08-03,20000,134.97,11,1997,초전동 1431-3
시티프라디움,2024-08-05,31000,84.9941,27,2020,가좌동 2058
진주포레스트부영,2024-08-01,17332,59.9925,3,2020,충무공동 145
신진주역세권우미린더시그니처,2024-08-05,33000,84.986,24,2024,가좌동 1986
진주포레스트부영,2024-08-05,17332,59.9925,15,2020,충무공동 145
포레나신진주,2024-08-03,33000,84.9515,24,2019,가좌동 2056
진주포레스트부영,2024-08-05,17332,59.9885,11,2020,충무공동 145
진주혁신도시중흥에스-클래스센트럴시티4단지,2024-08-01,39000,84.9815,22,2020,충무공동 295
진주포레스트부영,2024-08-05,17332,59.9925,7,2020,충무공동 145
혁신도시엘에이치아파트9단지,2024-08-03,27000,59.97,23,2017,충무공동 302
진주포레스트부영,2024-08-02,17332,59.9885,2,2020,충무공동 145
시티프라디움,2024-08-01,29000,84.9941,3,2020,가좌동 2058
진주포레스트부영,2024-08-02,17332,59.9925,20,2020,충무공동 145
진주포레스트부영,2024-08-02,17332,59.9885,18,2020,충무공동 145
진주포레스트부영,2024-08-02,17332,59.9925,19,2020,충무공동 145
진주포레스트부영,2024-08-02,17332,59.9925,6,2020,충무공동 145
진주포레스트부영,2024-08-02,17332,59.9885,9,2020,충무공동 145
진주포레스트부영,2024-08-02,17332,59.9925,1,2020,충무공동 145
평거휴먼시아4단지,2024-08-01,24000,59.98,5,2011,평거동 797
진주포레스트부영,2024-08-02,17332,59.9925,15,2020,충무공동 145
진주포레스트부영,2024-08-02,17332,59.9925,18,2020,충무공동 145
더퀸즈웰가,2024-08-01,26000,58.4018,1,2015,평거동 1130
진주포레스트부영,2024-08-01,17332,59.9925,12,2020,충무공동 145
시티프라디움,2024-08-01,29000,84.9941,3,2020,가좌동 2058
한림풀에버,2024-08-01,28000,84.9644,11,2015,충무공동 77
진주포레스트부영,2024-08-01,17332,59.9925,12,2020,충무공동 145
진주포레스트부영,2024-09-25,17332,59.9925,10,2020,충무공동 145
포레나신진주,2024-09-26,30000,84.9515,21,2019,가좌동 2056
촉석맨션,2024-09-07,10500,82.08,4,1980,상평동 219-91
진주혁신도시대방노블랜드더캐슬아파트,2024-09-20,45000,84.9474,11,2018,충무공동 296
평거주공1차,2024-09-10,10000,39.69,5,1988,평거동 326
진주강남동일동미라주,2024-09-07,25000,75.998,12,2021,강남동 387
진주포레스트부영,2024-09-19,17332,59.9885,12,2020,충무공동 145
신진주라비에데시앙,2024-09-14,30000,84.9301,6,2024,가좌동 2092
시티프라디움,2024-09-04,32000,84.9941,38,2020,가좌동 2058
신진주라비에데시앙,2024-09-26,44000,121.9504,2,2024,가좌동 2092
이현하이클래스웰가,2024-09-24,25000,84.98,17,2008,이현동 1180
진주문산코아루,2024-09-30,24000,84.9867,18,2010,문산읍 소문리 2421
진주혁신도시중흥에스-클래스더퍼스트,2024-09-01,56000,113.4763,8,2020,충무공동 275
진주혁신코오롱하늘채,2024-09-04,27780,75.99,9,2014,충무공동 230
진주문산코아루,2024-09-28,24000,84.591,21,2010,문산읍 소문리 2421
가좌주공2차,2024-09-03,11500,44.94,4,1993,가좌동 660
평거휴먼시아4단지,2024-09-26,26700,84.98,7,2011,평거동 797
스카이시티프라디움,2024-09-13,32000,84.991,32,2019,가좌동 1958
한주럭키타운,2024-09-22,19000,84.81,2,1990,주약동 156
진주강남동일동미라주,2024-09-30,31000,84.9831,10,2021,강남동 387
대림,2024-09-04,8500,59.5,1,1995,초전동 702-22
진주혁신도시센텀리버파크,2024-09-21,32000,84.83,1,2013,충무공동 191
주공그린빌,2024-09-02,22000,84.9,10,2005,가좌동 573-1
센트렐웰가,2024-09-27,28000,59.8868,28,2018,가좌동 1981
가좌주공1차,2024-09-09,12000,41.3,8,1993,가좌동 660
가좌주공2차,2024-09-23,12000,41.3,6,1993,가좌동 660
진주혁신도시중흥에스-클래스더퍼스트,2024-09-21,50000,99.864,3,2020,충무공동 275
진주혁신도시중흥에스-클래스센트럴시티3단지,2024-09-27,40000,84.9815,23,2020,충무공동 298
현대,2024-09-12,17000,123.93,19,1996,하대동 101
혁신도시엘에이치아파트9단지,2024-09-04,26000,59.97,11,2017,충무공동 302
신진주라비에데시앙,2024-09-08,35000,84.9301,19,2024,가좌동 2092
일진스위트포레강남,2024-09-27,29500,78.0238,21,2021,강남동 141-1
진주혁신도시중흥에스-클래스더퍼스트,2024-09-27,50000,99.9097,20,2020,충무공동 275
진주혁신도시중흥에스-클래스더퍼스트,2024-09-28,53000,99.864,18,2020,충무공동 275
진주포레스트부영,2024-09-26,17332,59.9925,10,2020,충무공동 145
진주혁신도시중흥에스-클래스센트럴시티2단지,2024-09-27,46000,99.8723,11,2020,충무공동 293
진주혁신도시중흥에스-클래스센트럴시티4단지,2024-09-25,39000,84.9815,14,2020,충무공동 295
혁신도시엘에이치아파트8단지,2024-09-14,25000,59.97,6,2015,충무공동 300
평거휴먼시아4단지,2024-09-08,30000,84.95,13,2011,평거동 797
진주포레스트부영,2024-09-23,17332,59.9885,22,2020,충무공동 145
진주초전푸르지오2단지,2024-09-28,40000,125.029,5,2010,초전동 1637-1
혁신도시엘에이치5단지,2024-09-30,20000,84.95,9,2014,충무공동 234
삼성,2024-09-28,17000,84.93,3,1996,호탄동 579-14
진주포레스트부영,2024-09-03,17332,59.9925,6,2020,충무공동 145
금산흥한골든빌,2024-09-05,9800,58.12,6,2002,금산면 장사리 1000
한림풀에버,2024-09-22,32000,84.9088,8,2015,충무공동 77
진주혁신도시대방노블랜드더캐슬아파트,2024-09-30,41500,84.9899,10,2018,충무공동 296
신진주라비에데시앙,2024-09-14,30000,84.9301,6,2024,가좌동 2092
현대,2024-09-21,16000,84.55,8,1989,신안동 20
진주혁신코오롱하늘채,2024-09-22,30000,84.95,14,2014,충무공동 230
들말흥한타운,2024-09-05,16500,59.871,12,1998,평거동 191-1
진주혁신도시라온프라이빗아파트,2024-09-29,38000,84.8922,14,2017,충무공동 195
상대주공,2024-09-24,7000,41.52,2,1980,하대동 72
진주혁신도시중흥에스-클래스센트럴시티2단지,2024-09-03,46000,117.7407,8,2020,충무공동 293
한주럭키타운,2024-09-27,20000,84.81,8,1990,주약동 156
진주혁신도시중흥에스-클래스센트럴시티2단지,2024-09-21,45000,99.8723,20,2020,충무공동 293
혁신도시엘에이치아파트9단지,2024-09-27,28000,59.97,21,2017,충무공동 302
진주포레스트부영,2024-09-30,17332,59.9925,11,2020,충무공동 145
이현하이클래스웰가,2024-09-24,25000,84.98,17,2008,이현동 1180
평거휴먼시아4단지,2024-09-10,24000,59.98,12,2011,평거동 797
제일풍경채,2024-09-05,30000,110.7705,8,2007,가좌동 479-1
금산아이파크,2024-09-09,18500,84.17,6,2004,금산면 장사리 965-1
진주포레스트부영,2024-09-30,17332,59.9925,15,2020,충무공동 145
한림풀에버,2024-09-29,30000,84.9088,16,2015,충무공동 77
진주정촌대경파미르,2024-09-30,25000,84.9426,14,2019,정촌면 예하리 1286
진주혁신도시라온프라이빗아파트,2024-09-24,35000,79.0385,4,2017,충무공동 195
진주우방아이유쉘,2024-09-30,24000,84.9578,2,2017,정촌면 예하리 1296
진주강남동일동미라주,2024-09-07,25000,75.998,12,2021,강남동 387
혁신도시엘에이치아파트9단지,2024-09-27,28000,59.97,21,2017,충무공동 302
진주혁신도시중흥에스-클래스더퍼스트,2024-09-28,46000,99.864,15,2020,충무공동 275
진주포레스트부영,2024-09-30,17332,59.9925,6,2020,충무공동 145
진주혁신도시중흥에스-클래스더퍼스트,2024-09-30,50000,113.4763,5,2020,충무공동 275
신진주역세권우미린더시그니처,2024-09-21,38000,84.9888,15,2024,가좌동 1986
진주포레스트부영,2024-09-30,17332,59.9925,16,2020,충무공동 145
진주포레스트부영,2024-09-30,17332,59.9925,16,2020,충무공동 145
진주평거엘크루,2024-09-07,36000,84.9195,1,2016,평거동 919
진주포레스트부영,2024-09-30,17332,59.9885,2,2020,충무공동 145
포레나신진주,2024-09-23,31000,84.9515,23,2019,가좌동 2056
진주포레스트부영,2024-09-06,17332,59.9885,1,2020,충무공동 145
진주포레스트부영,2024-09-30,17332,59.9925,7,2020,충무공동 145
진주포레스트부영,2024-09-30,17332,59.9925,12,2020,충무공동 145
진주혁신도시센텀리버파크,2024-09-04,25468,84.95,19,2013,충무공동 191
진주혁신도시센텀리버파크,2024-09-04,25468,84.95,19,2013,충무공동 191
진주포레스트부영,2024-09-30,17332,59.9925,2,2020,충무공동 145
진주포레스트부영,2024-09-27,17332,59.9885,24,2020,충무공동 145
진주포레스트부영,2024-09-27,17332,59.9925,19,2020,충무공동 145
주공그린빌,2024-09-06,18000,59.27,16,2005,가좌동 573-1
평거휴먼시아4단지,2024-09-26,26700,84.98,7,2011,평거동 797
진주포레스트부영,2024-09-27,17332,59.9925,5,2020,충무공동 145
진주혁신코오롱하늘채,2024-09-26,33000,84.95,6,2014,충무공동 230
진주평거우방아이유쉘스카이팰리스,2024-09-02,33000,84.0198,12,2019,평거동 1137
진주문산코아루,2024-09-25,21800,84.9867,2,2010,문산읍 소문리 2421
센트렐웰가,2024-09-27,35000,84.9222,5,2018,가좌동 1981
이지더원,2024-09-27,29000,73.2086,4,2018,초전동 1673
한림풀에버,2024-09-26,28000,67.3717,25,2015,충무공동 77
평거현대1,2024-09-11,12500,59.4,12,1993,신안동 454-3
진주혁신도시대방노블랜드더캐슬아파트,2024-09-26,46000,84.9899,19,2018,충무공동 296
센트렐웰가,2024-09-24,33000,84.9222,21,2018,가좌동 1981
진주초전푸르지오2단지,2024-09-25,40000,134.969,10,2010,초전동 1637-1
진주포레스트부영,2024-09-26,17332,59.9925,14,2020,충무공동 145
진주포레스트부영,2024-09-26,17332,59.9925,3,2020,충무공동 145
신안주공3,2024-09-25,14000,59.8,4,1997,신안동 705-1
진주정촌대경파미르,2024-09-06,24000,84.9625,3,2019,정촌면 예하리 1286
진주포레스트부영,2024-09-25,17332,59.9925,9,2020,충무공동 145
진주포레스트부영,2024-09-25,17332,59.9925,12,2020,충무공동 145
진주포레스트부영,2024-09-25,17332,59.9925,21,2020,충무공동 145
혁신도시엘에이치아파트8단지,2024-09-25,24000,59.96,17,2015,충무공동 300
진주평거엘크루,2024-09-19,30000,84.9195,1,2016,평거동 919
가좌주공1차,2024-09-02,10000,38.64,3,1993,가좌동 660
진주포레스트부영,2024-09-24,17332,59.9925,11,2020,충무공동 145
진주정촌대경파미르,2024-09-11,24000,84.9625,15,2019,정촌면 예하리 1286
진주포레스트부영,2024-09-24,17332,59.9925,18,2020,충무공동 145
진주포레스트부영,2024-09-03,17332,59.9885,20,2020,충무공동 145
평거주공1차,2024-09-10,10000,39.69,5,1988,평거동 326
진주혁신도시중흥에스-클래스센트럴시티2단지,2024-09-23,34000,84.9815,29,2020,충무공동 293
진주포레스트부영,2024-09-23,17332,59.9925,2,2020,충무공동 145
신안주공2,2024-09-21,9000,39.99,13,1996,신안동 707-1
신진주라비에데시앙,2024-09-20,48000,121.9504,17,2024,가좌동 2092
들말대경,2024-09-01,14000,59.595,15,1998,평거동 190
고려,2024-09-13,4500,59.4,8,1994,문산읍 삼곡리 1350-4
한림풀에버,2024-09-21,31500,84.9644,5,2015,충무공동 77
혁신도시엘에이치아파트8단지,2024-09-22,27000,59.97,23,2015,충무공동 300
진주초전푸르지오1단지,2024-09-20,40000,134.68,25,2009,초전동 1640-1
들말흥한타운,2024-09-23,23000,84.89,2,1998,평거동 191-1
진주포레스트부영,2024-09-23,17332,59.9925,16,2020,충무공동 145
진주정촌대경파미르,2024-09-22,24000,84.9426,12,2019,정촌면 예하리 1286
혁신도시엘에이치아파트9단지,2024-09-21,26000,59.97,7,2017,충무공동 302
진주포레스트부영,2024-09-20,17332,59.9925,16,2020,충무공동 145
진주포레스트부영,2024-09-20,17332,59.9925,13,2020,충무공동 145
진주포레스트부영,2024-09-20,17332,59.9885,8,2020,충무공동 145
진주포레스트부영,2024-09-20,17332,59.9885,25,2020,충무공동 145
들말대경,2024-09-01,8700,59.595,15,1998,평거동 190
진주포레스트부영,2024-09-20,17332,59.9885,5,2020,충무공동 145
진주포레스트부영,2024-09-06,17332,59.9925,9,2020,충무공동 145
진주강남동일동미라주,2024-09-04,38000,109.9586,18,2021,강남동 387
진주포레스트부영,2024-09-05,17332,59.9925,3,2020,충무공동 145
가좌주공1차,2024-09-13,10000,38.64,10,1993,가좌동 660
진주포레스트부영,2024-09-19,17332,59.9925,7,2020,충무공동 145
신진주라비에데시앙,2024-09-19,35000,84.9786,20,2024,가좌동 2092
진주혁신도시중흥에스-클래스더프라임,2024-09-06,42500,97.7268,17,2019,충무공동 90
진주포레스트부영,2024-09-19,17332,59.9925,3,2020,충무공동 145
스카이시티프라디움,2024-09-19,30000,84.9818,11,2019,가좌동 1958
초전해모로루비채2단지,2024-09-02,10500,84.9671,16,2014,초전동 1667
혁신도시엘에이치아파트9단지,2024-09-13,27000,59.97,10,2017,충무공동 302
스카이시티프라디움,2024-09-13,32000,84.991,32,2019,가좌동 1958
진주포레스트부영,2024-09-13,17332,59.9885,3,2020,충무공동 145
한주럭키타운,2024-09-02,19800,84.81,6,1990,주약동 156
진주포레스트부영,2024-09-09,17332,59.9925,17,2020,충무공동 145
진주포레스트부영,2024-09-13,17332,59.9885,9,2020,충무공동 145
진주혁신도시중흥에스-클래스더프라임,2024-09-12,37000,84.9858,8,2019,충무공동 90
진주포레스트부영,2024-09-13,17332,59.9925,18,2020,충무공동 145
하대주공,2024-09-13,6300,44.03,2,1982,하대동 73-1
진주포레스트부영,2024-09-05,17332,59.9925,9,2020,충무공동 145
진주평거우방아이유쉘스카이팰리스,2024-09-05,35000,84.2136,28,2019,평거동 1137
진주포레스트부영,2024-09-12,17332,59.9925,19,2020,충무공동 145
진주포레스트부영,2024-09-12,17332,59.9925,8,2020,충무공동 145
진주포레스트부영,2024-09-12,17332,59.9925,5,2020,충무공동 145
진주혁신도시중흥에스-클래스센트럴시티4단지,2024-09-10,40000,84.9815,23,2020,충무공동 295
가좌주공1차,2024-09-10,13500,49.94,9,1993,가좌동 660
진주혁신도시중흥에스-클래스센트럴시티4단지,2024-09-11,37800,84.9815,19,2020,충무공동 295
진주포레스트부영,2024-09-02,17332,59.9925,2,2020,충무공동 145
진주혁신도시중흥에스-클래스센트럴시티2단지,2024-09-07,48500,99.8723,31,2020,충무공동 293
진주포레스트부영,2024-09-09,17332,59.9925,22,2020,충무공동 145
진주포레스트부영,2024-09-10,17332,59.9885,3,2020,충무공동 145
진주포레스트부영,2024-09-10,17332,59.9885,13,2020,충무공동 145
진주정촌대경파미르,2024-09-02,24000,84.9426,17,2019,정촌면 예하리 1286
진주정촌대경파미르,2024-09-06,24000,84.9625,3,2019,정촌면 예하리 1286
현대성우트리팰리스,2024-09-07,23000,134.53,3,2006,주약동 156-1
신진주역세권우미린더시그니처,2024-09-07,33500,84.9888,1,2024,가좌동 1986
진주초장엠코타운더이스턴파크,2024-09-06,23000,59.9983,10,2014,초전동 1669
진주포레스트부영,2024-09-09,17332,59.9925,7,2020,충무공동 145
진주혁신코오롱하늘채,2024-09-06,29000,75.99,11,2014,충무공동 230
엠코타운더프라하,2024-09-05,35000,84.933,16,2014,평거동 1132
평거휴먼시아4단지,2024-09-08,30000,84.95,13,2011,평거동 797
혁신도시엘에이치아파트8단지,2024-09-06,26000,59.97,10,2015,충무공동 300
진주포레스트부영,2024-09-09,17332,59.9925,7,2020,충무공동 145
혁신도시엘에이치아파트8단지,2024-09-06,28000,59.97,10,2015,충무공동 300
신진주라비에데시앙,2024-09-05,33000,84.9786,4,2024,가좌동 2092
진주평거엘크루,2024-09-07,36000,84.9195,1,2016,평거동 919
힐스테이트초전,2024-09-03,34500,84.9196,19,2019,초전동 1665
주공그린빌,2024-09-06,18000,59.27,16,2005,가좌동 573-1
평거휴먼시아4단지,2024-09-06,23000,59.98,10,2011,평거동 797
진주포레스트부영,2024-09-06,17332,59.9925,6,2020,충무공동 145
진주평거우방아이유쉘스카이팰리스,2024-09-02,33000,84.0198,12,2019,평거동 1137
힐스테이트초전,2024-09-06,30000,84.9196,21,2019,초전동 1665
초전해모로루비채2단지,2024-09-02,26500,74.9798,13,2014,초전동 1667
진주포레스트부영,2024-09-06,17332,59.9885,22,2020,충무공동 145
진주포레스트부영,2024-09-06,17332,59.9885,15,2020,충무공동 145
시티프라디움,2024-09-04,32000,84.9941,38,2020,가좌동 2058
진주혁신도시중흥에스-클래스센트럴시티4단지,2024-09-05,37000,84.9815,15,2020,충무공동 295
진주혁신코오롱하늘채,2024-09-05,31000,84.95,7,2014,충무공동 230
신진주역세권우미린더시그니처,2024-09-05,35000,84.986,14,2024,가좌동 1986
더퀸즈웰가,2024-09-04,35000,84.7157,18,2015,평거동 1130
진주포레스트부영,2024-09-05,17332,59.9925,18,2020,충무공동 145
혁신도시엘에이치아파트9단지,2024-09-04,27000,59.97,18,2017,충무공동 302
휴앤인엘리시움,2024-09-03,40000,84.7831,10,2019,충무공동 134
진주정촌대경파미르,2024-09-04,25000,84.9426,10,2019,정촌면 예하리 1286
진주포레스트부영,2024-09-04,17332,59.9885,16,2020,충무공동 145
진주포레스트부영,2024-09-02,17332,59.9925,3,2020,충무공동 145
진주포레스트부영,2024-09-04,17332,59.9925,19,2020,충무공동 145
진주포레스트부영,2024-09-04,17332,59.9925,6,2020,충무공동 145
진주포레스트부영,2024-09-03,17332,59.9885,16,2020,충무공동 145
하대주공,2024-09-02,4000,36.2,4,1982,하대동 73-1
진주포레스트부영,2024-09-03,17332,59.9925,24,2020,충무공동 145
초전해모로루비채2단지,2024-09-03,31000,84.9671,7,2014,초전동 1667
진주포레스트부영,2024-09-03,17332,59.9925,14,2020,충무공동 145
평거휴먼시아3단지,2024-09-01,31000,84.95,6,2011,평거동 897
진주센트럴자이,2024-09-02,26000,84.9059,12,2013,상평동 1069
진주포레스트부영,2024-09-02,17332,59.9925,9,2020,충무공동 145
힐스테이트초전,2024-09-02,35000,84.9196,8,2019,초전동 1665
진주포레스트부영,2024-09-02,17332,59.9885,11,2020,충무공동 145
주공그린빌,2024-09-02,15000,84.9,16,2005,가좌동 573-1
혁신도시엘에이치아파트8단지,2024-09-01,26000,59.97,14,2015,충무공동 300
혁신도시엘에이치아파트8단지,2024-09-01,25000,59.97,6,2015,충무공동 300
혁신도시엘에이치아파트9단지,2024-09-01,27700,59.97,11,2017,충무공동 302
진주포레스트부영,2024-09-02,17332,59.9925,4,2020,충무공동 145
스카이시티프라디움,2024-10-29,35000,84.9818,29,2019,가좌동 1958
하영파크,2024-10-24,5000,47.16,5,1991,하대동 676-6
힐스테이트초전,2024-10-05,33000,84.9351,2,2019,초전동 1665
센트렐웰가,2024-10-26,34000,84.8133,22,2018,가좌동 1981
대화파크맨션,2024-10-22,6000,79.62,1,1991,하대동 306-1
엠코타운더프라하,2024-10-22,35000,84.9651,27,2014,평거동 1132
스카이시티프라디움,2024-10-08,35000,84.991,17,2019,가좌동 1958
진주포레스트부영,2024-10-10,17332,59.9885,8,2020,충무공동 145
진주혁신코오롱하늘채,2024-10-12,28000,75.99,3,2014,충무공동 230
스카이시티프라디움,2024-10-29,35000,84.9818,29,2019,가좌동 1958
신진주라비에데시앙,2024-10-21,36000,84.9301,24,2024,가좌동 2092
진주포레스트부영,2024-10-04,17332,59.9925,13,2020,충무공동 145
진주혁신도시대방노블랜드더캐슬아파트,2024-10-18,43000,84.9899,13,2018,충무공동 296
한림풀에버,2024-10-24,28000,84.9088,19,2015,충무공동 77
더퀸즈웰가,2024-10-17,29000,58.7908,28,2015,평거동 1130
진주혁신도시중흥에스-클래스더퍼스트,2024-10-05,50000,99.864,6,2020,충무공동 275
진주우방아이유쉘,2024-10-09,25000,84.9578,16,2017,정촌면 예하리 1296
진주혁신도시중흥에스-클래스더퍼스트,2024-10-26,56000,113.4763,13,2020,충무공동 275
진주혁신도시중흥에스-클래스센트럴시티4단지,2024-10-23,31500,84.8046,21,2020,충무공동 295
신안주공1,2024-10-26,19800,84.98,9,1998,신안동 708-1
들말한보타운,2024-10-12,18500,59.8,8,1997,평거동 192-1
진주푸르지오1단지,2024-10-19,19000,84.9414,4,2007,금산면 장사리 962-1
진주초전푸르지오2단지,2024-10-26,40500,125.029,21,2010,초전동 1637-1
진주혁신도시중흥에스-클래스센트럴시티2단지,2024-10-29,59000,117.7407,9,2020,충무공동 293
진주우방아이유쉘,2024-10-09,25000,84.9578,16,2017,정촌면 예하리 1296
가좌주공1차,2024-10-08,14000,49.94,5,1993,가좌동 660
프리미어웰가,2024-10-24,18400,59.9964,5,2021,가좌동 1945
진주혁신코오롱하늘채,2024-10-22,33000,84.95,6,2014,충무공동 230
가좌주공2차,2024-10-18,9000,38.64,13,1993,가좌동 660
진주포레스트부영,2024-10-25,17332,59.9925,5,2020,충무공동 145
진주혁신도시중흥에스-클래스더프라임,2024-10-19,36000,84.9912,2,2019,충무공동 90
진주푸르지오2단지,2024-10-18,20000,84.9414,15,2007,금산면 장사리 964-1
들말한보타운,2024-10-14,26000,120.66,10,1997,평거동 192-1
힐스테이트초전,2024-10-29,33000,84.9196,17,2019,초전동 1665
엠코타운더프라하,2024-10-14,35000,84.933,17,2014,평거동 1132
가좌주공1차,2024-10-26,14000,49.94,6,1993,가좌동 660
혁신도시엘에이치아파트8단지,2024-10-18,27500,59.97,12,2015,충무공동 300
건영아모리움,2024-10-19,24500,74.7092,21,2017,평거동 141
혁신도시엘에이치아파트8단지,2024-10-19,27500,59.96,19,2015,충무공동 300
금산흥한골든빌,2024-10-14,10450,58.12,15,2002,금산면 장사리 1000
휴앤인엘리시움,2024-10-24,38000,84.8578,19,2019,충무공동 134
진주혁신도시중흥에스-클래스센트럴시티2단지,2024-10-21,48000,117.7407,15,2020,충무공동 293
진흥더루벤스,2024-10-24,21000,122.956,9,2009,금산면 중천리 330
진주포레스트부영,2024-10-17,17332,59.9885,5,2020,충무공동 145
진주강남동일동미라주,2024-10-21,31000,84.9831,19,2021,강남동 387
진주혁신도시대방노블랜드더캐슬아파트,2024-10-09,43000,84.9899,5,2018,충무공동 296
진주혁신코오롱하늘채,2024-10-12,28000,75.99,3,2014,충무공동 230
가좌주공2차,2024-10-18,11000,44.94,8,1993,가좌동 660
금산흥한골든빌,2024-10-14,11000,58.12,15,2002,금산면 장사리 1000
진주혁신도시중흥에스-클래스더퍼스트,2024-10-19,52000,99.9097,20,2020,충무공동 275
평거현대2,2024-10-18,26000,146.17,13,1994,신안동 454-2
가좌주공1차,2024-10-28,12000,41.3,15,1993,가좌동 660
가좌주공1차,2024-10-30,10000,38.64,3,1993,가좌동 660
이지더원,2024-10-18,30000,84.9614,21,2018,초전동 1673
석류맨션,2024-10-13,7000,59.58,4,1987,상평동 276-4
이지더원,2024-10-26,35000,84.9614,23,2018,초전동 1673
진주혁신도시센텀리버파크,2024-10-21,32000,84.95,5,2013,충무공동 191
진주초장엠코타운더이스턴파크,2024-10-23,25000,73.556,6,2014,초전동 1669
진주초장엠코타운더이스턴파크,2024-10-29,25000,84.9915,26,2014,초전동 1669
진주초장엠코타운더이스턴파크,2024-10-23,25000,73.556,6,2014,초전동 1669
진주혁신코오롱하늘채,2024-10-22,31000,75.84,14,2014,충무공동 230
가좌주공1차,2024-10-22,14000,49.94,15,1993,가좌동 660
스카이시티프라디움,2024-10-26,33000,84.991,20,2019,가좌동 1958
한림풀에버,2024-10-28,28000,84.9088,19,2015,충무공동 77
주공그린빌,2024-10-29,23000,84.9,11,2005,가좌동 573-1
신안주공2,2024-10-18,13000,49.97,11,1996,신안동 707-1
청구타운,2024-10-05,13000,59.99,9,1997,초전동 1431-3
스카이시티프라디움,2024-10-26,35000,84.9898,27,2019,가좌동 1958
진주포레스트부영,2024-10-22,17332,59.9925,3,2020,충무공동 145
하대주공,2024-10-24,3500,36.2,5,1982,하대동 73-1
한림풀에버,2024-10-08,31000,84.9088,14,2015,충무공동 77
신안주공1,2024-10-26,19800,84.98,9,1998,신안동 708-1
신진주역세권우미린더시그니처,2024-10-19,35000,84.986,10,2024,가좌동 1986
신진주역세권우미린더시그니처,2024-10-19,35000,84.986,10,2024,가좌동 1986
이지더원,2024-10-26,32000,84.9614,24,2018,초전동 1673
혁신도시엘에이치5단지,2024-10-22,28500,75.84,17,2014,충무공동 234
진주혁신도시중흥에스-클래스센트럴시티4단지,2024-10-19,46000,99.8146,27,2020,충무공동 295
초전해모로루비채2단지,2024-10-20,29000,84.9908,11,2014,초전동 1667
신안주공2,2024-10-31,12390,49.97,10,1996,신안동 707-1
진주혁신도시라온프라이빗아파트,2024-10-07,40000,84.8922,4,2017,충무공동 195
진주포레스트부영,2024-10-24,17332,59.9925,8,2020,충무공동 145
진주포레스트부영,2024-10-30,17332,59.9925,14,2020,충무공동 145
진주평거엘크루,2024-10-24,36000,84.9195,1,2016,평거동 919
진주혁신도시중흥에스-클래스더프라임,2024-10-30,40500,84.9912,6,2019,충무공동 90
혁신도시엘에이치아파트9단지,2024-10-26,28000,59.97,12,2017,충무공동 302
초전해모로루비채4단지,2024-10-30,28000,84.9671,19,2014,초전동 1670
진주혁신코오롱하늘채,2024-10-28,34000,84.95,8,2014,충무공동 230
혁신도시엘에이치아파트8단지,2024-10-28,26000,59.96,15,2015,충무공동 300
진주혁신도시중흥에스-클래스센트럴시티4단지,2024-10-29,40000,84.9815,6,2020,충무공동 295
일신,2024-10-20,12000,84.78,9,1991,하대동 610-2
진주포레스트부영,2024-10-25,17332,59.9925,20,2020,충무공동 145
진주혁신도시중흥에스-클래스더퍼스트,2024-10-29,51000,99.864,17,2020,충무공동 275
엠코타운더프라하,2024-10-23,33000,84.9651,11,2014,평거동 1132
신진주역세권우미린더시그니처,2024-10-23,35000,84.986,16,2024,가좌동 1986
진주혁신도시대방노블랜드더캐슬아파트,2024-10-09,43000,84.9899,5,2018,충무공동 296
신진주라비에데시앙,2024-10-28,47000,121.9504,8,2024,가좌동 2092
힐스테이트초전,2024-10-25,32500,84.9351,2,2019,초전동 1665
혁신도시엘에이치아파트9단지,2024-10-28,21000,59.97,19,2017,충무공동 302
한림풀에버,2024-10-27,32000,84.9088,2,2015,충무공동 77
진주포레스트부영,2024-10-29,17332,59.9885,20,2020,충무공동 145
이지더원,2024-10-25,29000,73.2086,16,2018,초전동 1673
센트렐웰가,2024-10-26,34000,84.8133,22,2018,가좌동 1981
평거현대1,2024-10-26,18000,84.75,2,1993,신안동 454-3
현대,2024-10-26,18000,59.92,8,2000,주약동 360
혁신도시엘에이치아파트9단지,2024-10-26,28000,59.97,12,2017,충무공동 302
가좌주공1차,2024-10-28,12000,44.94,2,1993,가좌동 660
벽산블루밍(구)동신,2024-10-28,6000,52.53,7,1993,평거동 401
스카이시티프라디움,2024-10-07,32000,84.991,18,2019,가좌동 1958
하대주공,2024-10-24,3500,36.2,5,1982,하대동 73-1
엠코타운더프라하,2024-10-25,40900,84.933,19,2014,평거동 1132
진주혁신코오롱하늘채,2024-10-26,33000,84.95,4,2014,충무공동 230
진주포레스트부영,2024-10-28,17332,59.9885,16,2020,충무공동 145
혁신도시엘에이치5단지,2024-10-22,28500,75.84,17,2014,충무공동 234
평거주공1차,2024-10-01,12000,47.01,4,1988,평거동 326
진주혁신코오롱하늘채,2024-10-26,34000,84.95,8,2014,충무공동 230
평거주공1차,2024-10-19,11000,46.68,5,1988,평거동 326
진주푸르지오2단지,2024-10-01,26000,139.6609,8,2007,금산면 장사리 964-1
진주혁신코오롱하늘채,2024-10-05,33000,84.95,4,2014,충무공동 230
금호맨션,2024-10-25,7000,83.14,3,1990,금산면 중천리 2-6
혁신도시엘에이치아파트8단지,2024-10-07,24150,59.97,5,2015,충무공동 300
진주혁신도시중흥에스-클래스더프라임,2024-10-13,48000,110.6238,5,2019,충무공동 90
진주포레스트부영,2024-10-24,17332,59.9925,11,2020,충무공동 145
진주우방아이유쉘,2024-10-25,25000,84.9578,12,2017,정촌면 예하리 1296
스카이시티프라디움,2024-10-24,35000,84.991,35,2019,가좌동 1958
진주혁신도시대방노블랜드더캐슬아파트,2024-10-18,43000,84.9474,13,2018,충무공동 296
가좌주공1차,2024-10-24,13500,49.94,8,1993,가좌동 660
진주혁신도시대방노블랜드더캐슬아파트,2024-10-25,26000,103.3591,23,2018,충무공동 296
진주혁신도시중흥에스-클래스더퍼스트,2024-10-24,55000,113.4763,19,2020,충무공동 275
진주혁신도시라온프라이빗아파트,2024-10-22,35000,79.0385,7,2017,충무공동 195
진주혁신도시중흥에스-클래스더프라임,2024-10-05,38000,97.7268,4,2019,충무공동 90
진주초전푸르지오1단지,2024-10-23,43000,162.517,21,2009,초전동 1640-1
프리미어웰가,2024-10-21,18400,59.9527,22,2021,가좌동 1945
진주포레스트부영,2024-10-23,17332,59.9925,2,2020,충무공동 145
혁신도시엘에이치아파트8단지,2024-10-23,25000,59.97,18,2015,충무공동 300
진주혁신도시중흥에스-클래스더퍼스트,2024-10-22,48000,99.864,18,2020,충무공동 275
벽산블루밍(구)동신,2024-10-18,12000,116.96,5,1993,평거동 401
칠암한주타운,2024-10-21,16500,59.98,19,1995,칠암동 78
진주혁신도시중흥에스-클래스더프라임,2024-10-19,43000,97.7268,12,2019,충무공동 90
센트렐웰가,2024-10-19,35000,84.9222,32,2018,가좌동 1981
금산흥한골든빌,2024-10-21,10450,58.12,10,2002,금산면 장사리 1000
혁신도시엘에이치아파트8단지,2024-10-19,27500,59.96,19,2015,충무공동 300
석류맨션,2024-10-13,7000,59.58,4,1987,상평동 276-4
진주혁신도시센텀리버파크,2024-10-20,32000,84.95,4,2013,충무공동 191
진주포레스트부영,2024-10-21,17332,59.9925,10,2020,충무공동 145
진주정촌대경파미르,2024-10-19,25000,76.253,9,2019,정촌면 예하리 1286
진주혁신도시중흥에스-클래스더프라임,2024-10-18,33600,84.9912,18,2019,충무공동 90
진주혁신도시중흥에스-클래스더퍼스트,2024-10-19,55000,113.4763,15,2020,충무공동 275
진주포레스트부영,2024-10-18,17332,59.9925,4,2020,충무공동 145
엠코타운더프라하,2024-10-14,35000,84.933,17,2014,평거동 1132
현대성우트리팰리스,2024-10-15,20000,106.07,5,2006,주약동 156-1
가좌주공1차,2024-10-18,12000,49.94,9,1993,가좌동 660
진주혁신도시중흥에스-클래스센트럴시티3단지,2024-10-17,40000,84.9815,8,2020,충무공동 298
진주포레스트부영,2024-10-18,17332,59.9925,24,2020,충무공동 145
금산아이파크,2024-10-18,18500,84.17,11,2004,금산면 장사리 965-1
이현하이클래스웰가,2024-10-18,41000,176.73,15,2008,이현동 1180
진주정촌대경파미르,2024-10-02,23000,76.253,5,2019,정촌면 예하리 1286
현대,2024-10-03,14500,84.55,13,1989,신안동 20
진주초장엠코타운더이스턴파크,2024-10-18,32000,101.828,16,2014,초전동 1669
주공그린빌,2024-10-17,19000,59.27,10,2005,가좌동 573-1
진주포레스트부영,2024-10-17,17332,59.9925,2,2020,충무공동 145
금호석류,2024-10-17,22000,84.87,11,1999,주약동 407-1
진주혁신도시중흥에스-클래스더퍼스트,2024-10-17,50000,99.9097,11,2020,충무공동 275
금산흥한골든빌,2024-10-14,9000,58.12,10,2002,금산면 장사리 1000
진주혁신도시중흥에스-클래스더프라임,2024-10-12,38000,84.9912,18,2019,충무공동 90
신진주역세권우미린더시그니처,2024-10-16,37000,84.986,13,2024,가좌동 1986
진주우방아이유쉘,2024-10-15,24000,84.9578,4,2017,정촌면 예하리 1296
금호석류,2024-10-07,22000,84.87,1,1999,주약동 407-1
스카이시티프라디움,2024-10-15,33000,84.9818,7,2019,가좌동 1958
혁신도시엘에이치아파트9단지,2024-10-09,28000,59.97,23,2017,충무공동 302
진주포레스트부영,2024-10-15,17332,59.9885,7,2020,충무공동 145
진주혁신도시대방노블랜드더캐슬아파트,2024-10-12,42000,84.9474,18,2018,충무공동 296
진주혁신도시중흥에스-클래스센트럴시티2단지,2024-10-13,45000,99.8723,23,2020,충무공동 293
진주평거엘크루,2024-10-14,43000,101.4795,1,2016,평거동 919
하대주공,2024-10-10,7000,44.03,4,1982,하대동 73-1
진주혁신도시대방노블랜드더캐슬아파트,2024-10-15,41000,84.9899,12,2018,충무공동 296
현대금빛마을,2024-10-10,6000,59.28,6,2000,집현면 봉강리 249
진주혁신도시중흥에스-클래스더프라임,2024-10-15,37000,84.9912,8,2019,충무공동 90
진주평거엘크루,2024-10-11,36000,84.9195,5,2016,평거동 919
초전해모로루비채4단지,2024-10-13,33600,100.8994,18,2014,초전동 1670
진주포레스트부영,2024-10-15,17332,59.9885,10,2020,충무공동 145
진주우방아이유쉘,2024-10-06,26000,84.9578,10,2017,정촌면 예하리 1296
진주포레스트부영,2024-10-11,17332,59.9885,5,2020,충무공동 145
시티프라디움,2024-10-11,35000,84.9941,12,2020,가좌동 2058
진주혁신도시대방노블랜드더캐슬아파트,2024-10-12,42000,84.9474,18,2018,충무공동 296
진주포레스트부영,2024-10-04,17332,59.9925,13,2020,충무공동 145
혁신도시엘에이치아파트8단지,2024-10-11,27000,59.97,15,2015,충무공동 300
혁신도시엘에이치5단지,2024-10-05,28000,75.84,5,2014,충무공동 234
혁신도시엘에이치아파트8단지,2024-10-11,27000,59.97,10,2015,충무공동 300
진주혁신도시중흥에스-클래스더퍼스트,2024-10-13,49300,99.864,15,2020,충무공동 275
가좌주공1차,2024-10-08,13500,49.94,13,1993,가좌동 660
진주혁신도시중흥에스-클래스센트럴시티2단지,2024-10-11,43000,84.9815,26,2020,충무공동 293
신진주라비에데시앙,2024-10-10,35000,84.9301,5,2024,가좌동 2092
진주혁신코오롱하늘채,2024-10-06,32000,84.95,3,2014,충무공동 230
진주문산파란채,2024-10-08,19000,84.9015,14,2010,문산읍 삼곡리 1224
진주포레스트부영,2024-10-11,17332,59.9885,6,2020,충무공동 145
진주포레스트부영,2024-10-10,17332,59.9885,9,2020,충무공동 145
진주혁신도시중흥에스-클래스더퍼스트,2024-10-09,58000,113.4763,11,2020,충무공동 275
진주포레스트부영,2024-10-07,17332,59.9885,5,2020,충무공동 145
진주포레스트부영,2024-10-10,17332,59.9925,8,2020,충무공동 145
진주혁신도시중흥에스-클래스더퍼스트,2024-10-07,50000,99.864,2,2020,충무공동 275
진주포레스트부영,2024-10-08,17332,59.9925,1,2020,충무공동 145
진주포레스트부영,2024-10-08,17332,59.9925,11,2020,충무공동 145
금산흥한골든빌,2024-10-07,5000,37.84,8,2002,금산면 장사리 1000
진주포레스트부영,2024-10-07,17332,59.9925,13,2020,충무공동 145
진주포레스트부영,2024-10-08,17332,59.9925,7,2020,충무공동 145
한림풀에버,2024-10-07,29000,84.9644,20,2015,충무공동 77
혁신도시엘에이치아파트8단지,2024-10-07,24500,59.97,5,2015,충무공동 300
진주포레스트부영,2024-10-07,17332,59.9925,20,2020,충무공동 145
동신,2024-10-05,8000,78.34,5,1992,명석면 우수리 110-1
진주포레스트부영,2024-10-07,17332,59.9925,4,2020,충무공동 145
진주혁신코오롱하늘채,2024-10-05,19670,84.95,4,2014,충무공동 230
혁신도시엘에이치아파트8단지,2024-10-04,25000,59.97,3,2015,충무공동 300
진주포레스트부영,2024-10-02,17332,59.9925,12,2020,충무공동 145
국민주택,2024-10-04,3500,33.39,6,1992,평거동 741-1
진주혁신도시중흥에스-클래스센트럴시티2단지,2024-10-03,46500,99.8723,15,2020,충무공동 293
진주포레스트부영,2024-10-04,17332,59.9885,10,2020,충무공동 145
혁신도시엘에이치아파트8단지,2024-10-03,27000,59.97,11,2015,충무공동 300
혁신도시엘에이치아파트9단지,2024-10-04,27500,59.97,18,2017,충무공동 302
진주혁신도시중흥에스-클래스센트럴시티2단지,2024-10-02,60000,117.7407,15,2020,충무공동 293
진주평거엘크루,2024-10-04,33000,72.6786,3,2016,평거동 919
진주포레스트부영,2024-10-04,17332,59.9925,18,2020,충무공동 145
진주포레스트부영,2024-10-04,17332,59.9925,21,2020,충무공동 145
진주포레스트부영,2024-10-02,17332,59.9925,19,2020,충무공동 145
더퀸즈웰가,2024-10-02,28500,58.4018,27,2015,평거동 1130
진주포레스트부영,2024-10-02,17332,59.9925,10,2020,충무공동 145
진주포레스트부영,2024-10-02,17332,59.9925,8,2020,충무공동 145
진주포레스트부영,2024-10-02,17332,59.9925,16,2020,충무공동 145
신진주라비에데시앙,2024-10-01,47000,121.9504,13,2024,가좌동 2092
혁신도시엘에이치아파트9단지,2024-10-01,28000,59.97,21,2017,충무공동 302
진주정촌대경파미르,2024-10-01,25000,84.9625,5,2019,정촌면 예하리 1286
한주한보,2024-11-21,11500,59.73,16,1995,강남동 170
스카이시티프라디움,2024-11-07,40000,84.9818,37,2019,가좌동 1958
가좌주공1차,2024-11-02,13500,49.94,12,1993,가좌동 660
평거주공1차,2024-11-23,9000,39.69,3,1988,평거동 326
진주포레스트부영,2024-11-21,17332,59.9885,17,2020,충무공동 145
평거휴먼시아4단지,2024-11-16,25000,59.98,10,2011,평거동 797
더퀸즈웰가,2024-11-12,31000,66.3912,28,2015,평거동 1130
하대주공,2024-11-06,5000,36.2,1,1982,하대동 73-1
진주혁신도시중흥에스-클래스센트럴시티4단지,2024-11-12,45000,84.9815,29,2020,충무공동 295
한주럭키타운,2024-11-26,20000,84.81,8,1990,주약동 156
초전해모로루비채4단지,2024-11-12,36000,100.8994,2,2014,초전동 1670
대경아르떼빌,2024-11-21,7600,31.02,9,2002,호탄동 620-1
가좌주공1차,2024-11-04,11500,41.3,15,1993,가좌동 660
초전해모로루비채4단지,2024-11-19,34000,100.8994,4,2014,초전동 1670
동일스위트,2024-11-23,21000,84.9692,19,2008,상평동 1068-1
진주초장엠코타운더이스턴파크,2024-11-29,27000,84.977,1,2014,초전동 1669
더퀸즈웰가,2024-11-21,26000,58.7908,28,2015,평거동 1130
진주혁신도시센텀리버파크,2024-11-13,32000,84.95,13,2013,충무공동 191
진주초장엠코타운더이스턴파크,2024-11-16,30000,101.828,11,2014,초전동 1669
청구타운,2024-11-23,12500,59.99,10,1997,초전동 1431-3
진주혁신도시중흥에스-클래스더퍼스트,2024-11-02,49000,99.864,12,2020,충무공동 275
진주혁신도시중흥에스-클래스더퍼스트,2024-11-17,49500,99.864,10,2020,충무공동 275
들말한보타운,2024-11-26,24000,84.98,5,1997,평거동 192-1
주공그린빌,2024-11-16,15000,51.74,6,2005,가좌동 573-1
진주혁신도시중흥에스-클래스더퍼스트,2024-11-19,39900,99.864,7,2020,충무공동 275
진주혁신코오롱하늘채,2024-11-27,33000,84.95,13,2014,충무공동 230
가좌주공1차,2024-11-04,11400,41.3,15,1993,가좌동 660
이지더원,2024-11-28,34000,84.9614,13,2018,초전동 1673
엠코타운더프라하,2024-11-15,30000,84.9651,2,2014,평거동 1132
진주혁신도시중흥에스-클래스센트럴시티4단지,2024-11-13,43000,84.9815,11,2020,충무공동 295
현대,2024-11-22,17000,84.93,19,1996,하대동 101
진주혁신도시중흥에스-클래스더퍼스트,2024-11-23,51000,99.9097,5,2020,충무공동 275
진주혁신도시센텀리버파크,2024-11-13,32000,84.88,13,2013,충무공동 191
주공그린빌,2024-11-30,18500,59.27,8,2005,가좌동 573-1
더퀸즈웰가,2024-11-12,31000,66.3912,28,2015,평거동 1130
주공그린빌,2024-11-16,15000,51.74,6,2005,가좌동 573-1
이현하이클래스웰가,2024-11-22,25000,84.07,2,2008,이현동 1180
이현하이클래스웰가,2024-11-22,25000,84.07,2,2008,이현동 1180
진주혁신도시대방노블랜드더캐슬아파트,2024-11-22,45000,84.9899,13,2018,충무공동 296
진주초장엠코타운더이스턴파크,2024-11-28,20000,59.9983,18,2014,초전동 1669
금호석류,2024-11-24,35000,155.81,3,1999,주약동 407-1
진주혁신도시중흥에스-클래스더퍼스트,2024-11-29,57000,113.4763,6,2020,충무공동 275
평거휴먼시아4단지,2024-11-16,25000,59.98,10,2011,평거동 797
초전해모로루비채2단지,2024-11-01,29000,84.9908,11,2014,초전동 1667
신진주역세권우미린더시그니처,2024-11-23,55000,116.8943,6,2024,가좌동 1986
초전해모로루비채2단지,2024-11-26,26000,84.9908,6,2014,초전동 1667
엠코타운더프라하,2024-11-12,36500,84.933,19,2014,평거동 1132
신진주역세권우미린더시그니처,2024-11-23,55000,116.8943,6,2024,가좌동 1986
평거주공1차,2024-11-04,9000,39.3,5,1988,평거동 326
진주혁신코오롱하늘채,2024-11-13,34000,84.95,14,2014,충무공동 230
힐스테이트초전,2024-11-16,35000,84.9196,9,2019,초전동 1665
혁신도시엘에이치아파트9단지,2024-11-19,27000,59.97,16,2017,충무공동 302
한보타워(하대1차),2024-11-28,7000,53.32,6,1992,하대동 109-5
진주혁신도시중흥에스-클래스더퍼스트,2024-11-16,52000,99.864,15,2020,충무공동 275
망경한보타운,2024-11-05,10000,59.44,12,1997,망경동 253
동일스위트,2024-11-23,21000,84.9692,19,2008,상평동 1068-1
한림풀에버,2024-11-11,33500,84.9088,9,2015,충무공동 77
진주혁신도시대방노블랜드더캐슬아파트,2024-11-24,50000,103.9623,4,2018,충무공동 296
스카이시티프라디움,2024-11-20,25000,84.991,32,2019,가좌동 1958
진주혁신도시대방노블랜드더캐슬아파트,2024-11-18,44000,84.9899,5,2018,충무공동 296
초전해모로루비채4단지,2024-11-28,29400,84.9908,6,2014,초전동 1670
혁신도시엘에이치아파트8단지,2024-11-01,27500,59.97,20,2015,충무공동 300
진주혁신도시대방노블랜드더캐슬아파트,2024-11-08,50000,104.8302,2,2018,충무공동 296
진주혁신도시중흥에스-클래스센트럴시티2단지,2024-11-23,45000,99.8723,6,2020,충무공동 293
제일풍경채,2024-11-15,35000,138.9363,8,2007,가좌동 479-1
진주혁신코오롱하늘채,2024-11-27,33000,84.95,13,2014,충무공동 230
가좌주공1차,2024-11-02,13500,49.94,12,1993,가좌동 660
휴앤인엘리시움,2024-11-08,35000,84.7831,26,2019,충무공동 134
상대주공,2024-11-28,3000,40.99,1,1980,하대동 72
진주혁신도시라온프라이빗아파트,2024-11-30,39500,84.8922,19,2017,충무공동 195
이지더원,2024-11-09,45000,113.588,13,2018,초전동 1673
금산아이파크,2024-11-10,19000,84.17,2,2004,금산면 장사리 965-1
더퀸즈웰가,2024-11-21,26000,58.7908,28,2015,평거동 1130
신진주역세권우미린더시그니처,2024-11-18,24000,84.9888,10,2024,가좌동 1986
진주초장엠코타운더이스턴파크,2024-11-24,27000,73.556,11,2014,초전동 1669
진주혁신코오롱하늘채,2024-11-19,34000,84.95,18,2014,충무공동 230
프리미어웰가,2024-11-13,18400,59.9964,27,2021,가좌동 1945
대경그린파크,2024-11-20,8500,59.85,2,1994,평거동 136-6
가좌주공1차,2024-11-04,11000,44.94,13,1993,가좌동 660
주공그린빌,2024-11-19,17700,59.27,14,2005,가좌동 573-1
프리미어웰가,2024-11-20,18400,59.9964,28,2021,가좌동 1945
진주정촌대경파미르,2024-11-16,25000,84.9625,1,2019,정촌면 예하리 1286
금호석류,2024-11-11,22000,84.87,1,1999,주약동 407-1
초전해모로루비채2단지,2024-11-22,26000,84.9908,12,2014,초전동 1667
국화,2024-11-01,3000,55.65,1,1991,옥봉동 187-1
가좌주공2차,2024-11-09,12000,44.94,11,1993,가좌동 660
진주혁신도시대방노블랜드더캐슬아파트,2024-11-01,45000,84.9899,17,2018,충무공동 296
초전해모로루비채2단지,2024-11-29,26000,84.9671,10,2014,초전동 1667
이지더원,2024-11-28,28000,73.2086,2,2018,초전동 1673
진주혁신도시대방노블랜드더캐슬아파트,2024-11-15,50000,103.3591,9,2018,충무공동 296
이지더원,2024-11-29,32000,84.9614,5,2018,초전동 1673
평거휴먼시아4단지,2024-11-27,27000,84.95,10,2011,평거동 797
진주포레스트부영,2024-11-11,17332,59.9925,11,2020,충무공동 145
진주우방아이유쉘,2024-11-25,26000,84.9578,8,2017,정촌면 예하리 1296
진주혁신코오롱하늘채,2024-11-29,32000,84.95,20,2014,충무공동 230
진주혁신도시중흥에스-클래스센트럴시티4단지,2024-11-11,42000,84.9815,23,2020,충무공동 295
주공그린빌,2024-11-30,18500,59.27,8,2005,가좌동 573-1
진주포레스트부영,2024-11-01,17332,59.9925,13,2020,충무공동 145
남강휴먼빌,2024-11-22,35000,120.5794,5,2010,내동면 독산리 1104
남강휴먼빌,2024-11-22,35000,120.5794,5,2010,내동면 독산리 1104
남강휴먼빌,2024-11-22,35000,120.5794,5,2010,내동면 독산리 1104
혁신도시엘에이치아파트8단지,2024-11-19,27500,59.97,15,2015,충무공동 300
진주혁신도시중흥에스-클래스센트럴시티4단지,2024-11-12,45000,84.9815,29,2020,충무공동 295
가좌주공1차,2024-11-26,13900,49.94,14,1993,가좌동 660
혁신도시엘에이치아파트8단지,2024-11-16,27000,59.97,15,2015,충무공동 300
진주포레스트부영,2024-11-15,17332,59.9925,2,2020,충무공동 145
진주포레스트부영,2024-11-29,17332,59.9925,1,2020,충무공동 145
프리미어웰가,2024-11-29,18400,59.9527,8,2021,가좌동 1945
프리미어웰가,2024-11-29,18400,59.9527,2,2021,가좌동 1945
금산아이파크,2024-11-28,18300,84.17,10,2004,금산면 장사리 965-1
진주혁신코오롱하늘채,2024-11-26,33000,84.95,17,2014,충무공동 230
금호석류,2024-11-11,23000,84.87,6,1999,주약동 407-1
진주혁신도시중흥에스-클래스센트럴시티2단지,2024-11-23,45000,99.8723,6,2020,충무공동 293
상대주공,2024-11-12,4000,40.99,2,1980,하대동 72
진주혁신도시센텀리버파크,2024-11-28,32000,84.95,5,2013,충무공동 191
진주정촌대경파미르,2024-11-27,25000,76.253,11,2019,정촌면 예하리 1286
신안주공3,2024-11-27,13000,59.8,4,1997,신안동 705-1
초전해모로루비채2단지,2024-11-26,26000,84.9908,6,2014,초전동 1667
진주혁신도시대방노블랜드더캐슬아파트,2024-11-24,50000,103.9623,4,2018,충무공동 296
진주혁신도시중흥에스-클래스센트럴시티2단지,2024-11-27,47000,99.8723,24,2020,충무공동 293
주공그린빌,2024-11-27,15000,51.74,4,2005,가좌동 573-1
진주포레스트부영,2024-11-15,17332,59.9925,3,2020,충무공동 145
엠코타운더프라하,2024-11-13,31000,66.5175,9,2014,평거동 1132
평거주공1차,2024-11-26,9000,39.69,2,1988,평거동 326
진주혁신도시중흥에스-클래스센트럴시티4단지,2024-11-09,40000,84.9815,9,2020,충무공동 295
진주푸르지오2단지,2024-11-26,14000,59.924,3,2007,금산면 장사리 964-1
현대,2024-11-18,15000,59.92,4,2000,주약동 360
현대,2024-11-17,12000,59.89,25,1996,하대동 101
들말대경,2024-11-24,18000,76.23,2,1998,평거동 190
진주정촌대경파미르,2024-11-09,25000,84.9426,3,2019,정촌면 예하리 1286
진주포레스트부영,2024-11-26,17332,59.9925,10,2020,충무공동 145
청구타운,2024-11-23,13000,59.99,10,1997,초전동 1431-3
센트렐웰가,2024-11-25,35000,84.8133,4,2018,가좌동 1981
프리미어웰가,2024-11-25,18400,59.9527,2,2021,가좌동 1945
가좌주공1차,2024-11-22,13500,49.94,7,1993,가좌동 660
진주혁신도시중흥에스-클래스센트럴시티3단지,2024-11-03,42000,99.8146,20,2020,충무공동 298
금산e편한세상,2024-11-24,26000,149.6941,14,2008,금산면 장사리 768
동일스위트,2024-11-23,21000,84.9692,19,2008,상평동 1068-1
평거주공1차,2024-11-23,9000,39.69,3,1988,평거동 326
동성가든타워,2024-11-10,10500,59.4,17,1994,강남동 219
혁신도시엘에이치아파트9단지,2024-11-19,27000,59.97,16,2017,충무공동 302
프리미어웰가,2024-11-22,18400,59.9527,7,2021,가좌동 1945
진주혁신도시중흥에스-클래스더퍼스트,2024-11-19,39900,99.864,7,2020,충무공동 275
신안주공1,2024-11-14,23000,84.98,14,1998,신안동 708-1
가좌주공2차,2024-11-18,11000,44.94,1,1993,가좌동 660
주공그린빌,2024-11-22,26000,84.9,10,2005,가좌동 573-1
진주강남동일동미라주,2024-11-22,28500,75.998,10,2021,강남동 387
프리미어웰가,2024-11-21,18400,59.9964,20,2021,가좌동 1945
신안주공2,2024-11-15,15000,59.8,13,1996,신안동 707-1
진주혁신도시중흥에스-클래스센트럴시티2단지,2024-11-01,58000,117.7407,26,2020,충무공동 293
가좌주공2차,2024-11-04,13600,49.94,15,1993,가좌동 660
진주포레스트부영,2024-11-21,17332,59.9925,8,2020,충무공동 145
혁신도시엘에이치아파트9단지,2024-11-15,26000,59.97,5,2017,충무공동 302
진주혁신도시중흥에스-클래스센트럴시티4단지,2024-11-09,43000,84.9815,20,2020,충무공동 295
진주혁신도시중흥에스-클래스더프라임,2024-11-12,41000,84.9912,2,2019,충무공동 90
진주혁신도시대방노블랜드더캐슬아파트,2024-11-09,45000,84.9899,5,2018,충무공동 296
혁신도시엘에이치아파트8단지,2024-11-15,26000,59.97,12,2015,충무공동 300
혁신도시엘에이치5단지,2024-11-16,30000,75.84,18,2014,충무공동 234
스카이시티프라디움,2024-11-17,34500,84.9898,6,2019,가좌동 1958
평거휴먼시아4단지,2024-11-16,25000,59.98,10,2011,평거동 797
한주럭키타운,2024-11-12,18000,76.58,7,1990,주약동 156
진주초장엠코타운더이스턴파크,2024-11-16,24000,73.6669,25,2014,초전동 1669
혁신도시엘에이치아파트8단지,2024-11-19,27500,59.97,15,2015,충무공동 300
진주포레스트부영,2024-11-19,17332,59.9925,4,2020,충무공동 145
한주럭키타운,2024-11-10,20000,84.81,15,1990,주약동 156
주공그린빌,2024-11-08,15000,51.74,2,2005,가좌동 573-1
진주혁신도시중흥에스-클래스센트럴시티4단지,2024-11-12,45000,84.9815,29,2020,충무공동 295
더퀸즈웰가,2024-11-16,30000,65.6733,8,2015,평거동 1130
현대,2024-11-18,16000,59.92,4,2000,주약동 360
순화가밀라씨티빌,2024-11-06,6000,47.42,2,2003,봉곡동 469-9
주공그린빌,2024-11-15,15000,51.74,2,2005,가좌동 573-1
스카이시티프라디움,2024-11-15,34000,84.991,22,2019,가좌동 1958
주공그린빌,2024-11-01,15500,51.74,6,2005,가좌동 573-1
진주혁신도시중흥에스-클래스더퍼스트,2024-11-02,43500,99.864,4,2020,충무공동 275
스카이시티프라디움,2024-11-09,36000,84.991,24,2019,가좌동 1958
진주혁신도시중흥에스-클래스더퍼스트,2024-11-15,52000,99.864,7,2020,충무공동 275
진주혁신도시중흥에스-클래스센트럴시티3단지,2024-11-03,42000,99.8146,20,2020,충무공동 298
혁신도시엘에이치아파트8단지,2024-11-14,25000,59.97,9,2015,충무공동 300
혁신도시엘에이치아파트8단지,2024-11-14,25000,59.97,9,2015,충무공동 300
진주혁신코오롱하늘채,2024-11-13,33000,84.95,19,2014,충무공동 230
프리미어웰가,2024-11-14,18400,59.9527,8,2021,가좌동 1945
진주정촌대경파미르,2024-11-14,25000,76.253,15,2019,정촌면 예하리 1286
진주포레스트부영,2024-11-14,17332,59.9925,1,2020,충무공동 145
진주포레스트부영,2024-11-14,17332,59.9925,22,2020,충무공동 145
이지더원,2024-11-12,35500,84.9614,4,2018,초전동 1673
한림풀에버,2024-11-04,30000,67.3717,10,2015,충무공동 77
혁신도시엘에이치아파트9단지,2024-11-12,28000,59.97,22,2017,충무공동 302
한주럭키타운,2024-11-12,20000,84.81,10,1990,주약동 156
금호석류,2024-11-12,23000,84.87,11,1999,주약동 407-1
진주혁신도시중흥에스-클래스더퍼스트,2024-11-08,50000,99.9097,6,2020,충무공동 275
더퀸즈웰가,2024-11-09,48500,100.8805,24,2015,평거동 1130
가좌주공1차,2024-11-05,10500,38.64,4,1993,가좌동 660
진주포레스트부영,2024-11-11,17332,59.9925,5,2020,충무공동 145
평거휴먼시아4단지,2024-11-11,30000,84.95,3,2011,평거동 797
주공그린빌,2024-11-02,23500,84.9,9,2005,가좌동 573-1
진주초장엠코타운더이스턴파크,2024-11-08,36400,101.5255,22,2014,초전동 1669
진주혁신도시대방노블랜드더캐슬아파트,2024-11-08,50000,104.8302,2,2018,충무공동 296
진주정촌대경파미르,2024-11-08,21000,84.9426,11,2019,정촌면 예하리 1286
상대주공,2024-11-04,4000,40.99,5,1980,하대동 72
진주혁신도시중흥에스-클래스센트럴시티3단지,2024-11-01,41000,84.9815,12,2020,충무공동 298
망경한보타운,2024-11-05,10000,59.44,12,1997,망경동 253
가좌주공1차,2024-11-06,8500,41.3,12,1993,가좌동 660
프리미어웰가,2024-11-01,18400,59.9964,13,2021,가좌동 1945
진주혁신코오롱하늘채,2024-11-02,26250,84.95,14,2014,충무공동 230
진주포레스트부영,2024-11-05,17332,59.9925,5,2020,충무공동 145
진주포레스트부영,2024-11-04,17332,59.9925,6,2020,충무공동 145
진주포레스트부영,2024-11-05,17332,59.9925,3,2020,충무공동 145
진주포레스트부영,2024-11-04,17332,59.9925,13,2020,충무공동 145
한림풀에버,2024-11-01,34000,84.9644,22,2015,충무공동 77
프리미어웰가,2024-11-04,18400,59.9964,19,2021,가좌동 1945
신안주공3,2024-11-04,14500,59.8,8,1997,신안동 705-1
진주포레스트부영,2024-11-04,17332,59.9925,2,2020,충무공동 145
진주문산파란채,2024-11-01,11000,84.8829,2,2010,문산읍 삼곡리 1224
스카이시티프라디움,2024-11-01,36000,84.9898,33,2019,가좌동 1958
금산흥한골든빌,2024-11-01,5000,37.84,8,2002,금산면 장사리 1000
진주포레스트부영,2024-11-01,17332,59.9925,7,2020,충무공동 145
주공그린빌,2024-11-01,16000,51.74,13,2005,가좌동 573-1
금산흥한골든빌,2024-11-01,5000,37.84,8,2002,금산면 장사리 1000
프리미어웰가,2024-12-11,18400,59.9964,11,2021,가좌동 1945
가좌주공1차,2024-12-27,14000,49.94,10,1993,가좌동 660
힐스테이트초전,2024-12-22,30000,84.9196,1,2019,초전동 1665
진주혁신도시중흥에스-클래스센트럴시티4단지,2024-12-22,45000,84.9815,26,2020,충무공동 295
금호석류,2024-12-24,23000,84.87,9,1999,주약동 407-1
한주럭키타운,2024-12-12,12000,84.81,2,1990,주약동 156
신안주공2,2024-12-18,14000,59.8,8,1996,신안동 707-1
주공그린빌,2024-12-28,15000,51.74,5,2005,가좌동 573-1
진주초장엠코타운더이스턴파크,2024-12-22,27000,84.9915,19,2014,초전동 1669
진주혁신도시라온프라이빗아파트,2024-12-11,40000,84.8922,15,2017,충무공동 195
금산흥한골든빌,2024-12-12,5000,37.84,5,2002,금산면 장사리 1000
평거현대2,2024-12-05,15000,59.92,15,1994,신안동 454-2
금산흥한골든빌,2024-12-29,15000,73.61,6,2002,금산면 장사리 1000
프리미어웰가,2024-12-13,18400,59.9527,19,2021,가좌동 1945
현대,2024-12-08,13300,70.96,11,1989,신안동 20
프리미어웰가,2024-12-11,18400,59.9527,25,2021,가좌동 1945
프리미어웰가,2024-12-23,18400,59.9527,12,2021,가좌동 1945
프리미어웰가,2024-12-14,18400,59.9527,14,2021,가좌동 1945
프리미어웰가,2024-12-14,18400,59.9964,21,2021,가좌동 1945
엠코타운더프라하,2024-12-04,40100,118.6034,10,2014,평거동 1132
프리미어웰가,2024-12-14,18400,59.9964,6,2021,가좌동 1945
한림풀에버,2024-12-22,25000,67.3717,1,2015,충무공동 77
평거현대2,2024-12-13,16000,59.92,15,1994,신안동 454-2
프리미어웰가,2024-12-12,18400,59.9527,15,2021,가좌동 1945
프리미어웰가,2024-12-12,18400,59.9964,21,2021,가좌동 1945
주공그린빌,2024-12-30,18000,84.9,10,2005,가좌동 573-1
혁신도시엘에이치아파트8단지,2024-12-12,26500,59.97,11,2015,충무공동 300
더퀸즈웰가,2024-12-16,50000,112.8925,32,2015,평거동 1130
진주혁신도시센텀리버파크,2024-12-18,25000,84.95,3,2013,충무공동 191
한림풀에버,2024-12-17,34000,84.9644,18,2015,충무공동 77
힐스테이트초전,2024-12-14,30000,84.9196,2,2019,초전동 1665
진주혁신도시센텀리버파크,2024-12-08,30000,75.76,9,2013,충무공동 191
주공그린빌,2024-12-25,14900,51.74,6,2005,가좌동 573-1
진주혁신도시중흥에스-클래스더프라임,2024-12-21,42000,97.7268,10,2019,충무공동 90
휴앤인엘리시움,2024-12-13,40000,117.329,26,2019,충무공동 134
진주혁신도시센텀리버파크,2024-12-24,27300,84.95,15,2013,충무공동 191
초전해모로루비채2단지,2024-12-10,30000,84.9671,12,2014,초전동 1667
프리미어웰가,2024-12-14,18400,59.9527,21,2021,가좌동 1945
가좌주공1차,2024-12-18,12000,41.3,12,1993,가좌동 660
센트렐웰가,2024-12-28,35000,84.9222,27,2018,가좌동 1981
프리미어웰가,2024-12-11,18400,59.9964,3,2021,가좌동 1945
가좌주공1차,2024-12-23,8000,41.3,11,1993,가좌동 660
가좌주공2차,2024-12-19,10000,38.64,3,1993,가좌동 660
진주초전푸르지오2단지,2024-12-04,33000,101.977,5,2010,초전동 1637-1
진주혁신도시중흥에스-클래스더프라임,2024-12-14,42000,97.7268,14,2019,충무공동 90
진주혁신도시라온프라이빗아파트,2024-12-07,39500,84.8922,8,2017,충무공동 195
한주럭키타운,2024-12-02,20500,84.81,11,1990,주약동 156
혁신도시엘에이치아파트9단지,2024-12-20,26000,59.97,2,2017,충무공동 302
진주우방아이유쉘,2024-12-30,26000,84.9578,8,2017,정촌면 예하리 1296
프리미어웰가,2024-12-29,18400,59.9964,1,2021,가좌동 1945
진주혁신도시대방노블랜드더캐슬아파트,2024-12-13,46000,84.9899,12,2018,충무공동 296
대경아르떼빌,2024-12-29,8500,31.02,9,2002,호탄동 620-1
센트렐웰가,2024-12-28,28000,84.8133,4,2018,가좌동 1981
프리미어웰가,2024-12-11,18400,59.9527,15,2021,가좌동 1945
프리미어웰가,2024-12-14,18400,59.9964,22,2021,가좌동 1945
프리미어웰가,2024-12-19,18400,59.9527,18,2021,가좌동 1945
한림풀에버,2024-12-27,33000,84.9088,3,2015,충무공동 77
진주혁신도시중흥에스-클래스더퍼스트,2024-12-06,52000,99.9097,20,2020,충무공동 275
이지더원,2024-12-03,30000,73.2086,7,2018,초전동 1673
프리미어웰가,2024-12-16,18400,59.9527,18,2021,가좌동 1945
프리미어웰가,2024-12-13,18400,59.9527,12,2021,가좌동 1945
진주정촌대경파미르,2024-12-12,26000,84.9426,18,2019,정촌면 예하리 1286
금호석류,2024-12-24,23000,84.87,9,1999,주약동 407-1
프리미어웰가,2024-12-12,18400,59.9527,6,2021,가좌동 1945
진주평거엘크루,2024-12-22,40000,84.9624,9,2016,평거동 919
프리미어웰가,2024-12-14,18400,59.9527,5,2021,가좌동 1945
진주평거우방아이유쉘스카이팰리스,2024-12-13,37000,84.2136,6,2019,평거동 1137
프리미어웰가,2024-12-11,18400,59.9527,15,2021,가좌동 1945
프리미어웰가,2024-12-13,18400,59.9964,24,2021,가좌동 1945
프리미어웰가,2024-12-12,18400,59.9527,20,2021,가좌동 1945
평거휴먼시아3단지,2024-12-03,33000,84.97,8,2011,평거동 897
프리미어웰가,2024-12-14,18400,59.9964,2,2021,가좌동 1945
프리미어웰가,2024-12-12,18400,59.9527,24,2021,가좌동 1945
신안주공3,2024-12-04,14200,59.8,2,1997,신안동 705-1
프리미어웰가,2024-12-13,18400,59.9964,16,2021,가좌동 1945
진주혁신도시중흥에스-클래스더퍼스트,2024-12-14,52000,99.864,12,2020,충무공동 275
신안주공2,2024-12-05,14000,59.8,10,1996,신안동 707-1
삼성,2024-12-30,11500,59.886,11,1996,호탄동 579-14
가좌주공1차,2024-12-07,13000,49.94,15,1993,가좌동 660
프리미어웰가,2024-12-10,18400,59.9527,3,2021,가좌동 1945
프리미어웰가,2024-12-14,18400,59.9964,6,2021,가좌동 1945
프리미어웰가,2024-12-11,18400,59.9527,3,2021,가좌동 1945
프리미어웰가,2024-12-18,18400,59.9964,16,2021,가좌동 1945
진주초전푸르지오2단지,2024-12-21,39000,125.029,7,2010,초전동 1637-1
프리미어웰가,2024-12-13,18400,59.9527,12,2021,가좌동 1945
프리미어웰가,2024-12-11,18400,59.9964,5,2021,가좌동 1945
신안주공2,2024-12-18,14000,59.8,8,1996,신안동 707-1
프리미어웰가,2024-12-11,18400,59.9527,1,2021,가좌동 1945
프리미어웰가,2024-12-18,18400,59.9964,26,2021,가좌동 1945
가좌주공1차,2024-12-15,12000,44.94,15,1993,가좌동 660
프리미어웰가,2024-12-18,18400,59.9964,21,2021,가좌동 1945
프리미어웰가,2024-12-11,18400,59.9964,23,2021,가좌동 1945
프리미어웰가,2024-12-11,18400,59.9527,24,2021,가좌동 1945
프리미어웰가,2024-12-11,18400,59.9964,18,2021,가좌동 1945
프리미어웰가,2024-12-12,18400,59.9964,13,2021,가좌동 1945
금산아이파크,2024-12-19,18000,84.17,6,2004,금산면 장사리 965-1
하대주공,2024-12-17,7500,44.3,5,1982,하대동 73-1
금산흥한골든빌,2024-12-29,15000,73.61,6,2002,금산면 장사리 1000
한림풀에버,2024-12-24,34000,84.9644,20,2015,충무공동 77
한림풀에버,2024-12-24,34000,84.9644,20,2015,충무공동 77
프리미어웰가,2024-12-11,18400,59.9527,10,2021,가좌동 1945
프리미어웰가,2024-12-17,18400,59.9527,11,2021,가좌동 1945
프리미어웰가,2024-12-13,18400,59.9527,15,2021,가좌동 1945
프리미어웰가,2024-12-13,18400,59.9964,23,2021,가좌동 1945
진주혁신도시중흥에스-클래스센트럴시티3단지,2024-12-26,43000,84.8046,13,2020,충무공동 298
프리미어웰가,2024-12-11,18400,59.9964,11,2021,가좌동 1945
프리미어웰가,2024-12-14,18400,59.9527,27,2021,가좌동 1945
프리미어웰가,2024-12-12,18400,59.9527,7,2021,가좌동 1945
프리미어웰가,2024-12-13,18400,59.9527,7,2021,가좌동 1945
프리미어웰가,2024-12-11,18400,59.9964,4,2021,가좌동 1945
센트렐웰가,2024-12-17,36000,84.9222,25,2018,가좌동 1981
가좌주공1차,2024-12-24,12000,49.94,8,1993,가좌동 660
한림풀에버,2024-12-15,32000,84.9644,5,2015,충무공동 77
프리미어웰가,2024-12-11,18400,59.9964,8,2021,가좌동 1945
센트렐웰가,2024-12-19,27000,59.8868,7,2018,가좌동 1981
프리미어웰가,2024-12-17,18400,59.9527,11,2021,가좌동 1945
프리미어웰가,2024-12-12,18400,59.9527,7,2021,가좌동 1945
프리미어웰가,2024-12-11,18400,59.9964,2,2021,가좌동 1945
프리미어웰가,2024-12-24,18400,59.9527,11,2021,가좌동 1945
진주혁신도시센텀리버파크,2024-12-08,30000,84.95,7,2013,충무공동 191
프리미어웰가,2024-12-12,18400,59.9527,4,2021,가좌동 1945
프리미어웰가,2024-12-13,18400,59.9964,3,2021,가좌동 1945
프리미어웰가,2024-12-13,18400,59.9964,9,2021,가좌동 1945
대경강남타운,2024-12-09,12300,59.81,1,1997,강남동 233
프리미어웰가,2024-12-31,18400,59.9527,22,2021,가좌동 1945
프리미어웰가,2024-12-11,18400,59.9527,20,2021,가좌동 1945
프리미어웰가,2024-12-13,18400,59.9964,20,2021,가좌동 1945
들말대경,2024-12-17,25200,123.255,8,1998,평거동 190
들말대경,2024-12-28,17000,59.595,15,1998,평거동 190
진주혁신도시센텀리버파크,2024-12-08,30000,84.95,7,2013,충무공동 191
진주혁신도시중흥에스-클래스더퍼스트,2024-12-14,51000,99.864,4,2020,충무공동 275
프리미어웰가,2024-12-11,18400,59.9964,9,2021,가좌동 1945
프리미어웰가,2024-12-11,18400,59.9527,22,2021,가좌동 1945
진주초장엠코타운더이스턴파크,2024-12-27,22000,59.9983,12,2014,초전동 1669
진주혁신도시센텀리버파크,2024-12-20,30000,84.95,5,2013,충무공동 191
들말대경,2024-12-23,20000,76.23,12,1998,평거동 190
포레나신진주,2024-12-22,34000,84.9515,14,2019,가좌동 2056
프리미어웰가,2024-12-13,18400,59.9964,8,2021,가좌동 1945
일동,2024-12-27,9000,59.86,3,1994,초전동 1426
프리미어웰가,2024-12-12,18400,59.9964,20,2021,가좌동 1945
프리미어웰가,2024-12-14,18400,59.9964,14,2021,가좌동 1945
프리미어웰가,2024-12-14,18400,59.9964,22,2021,가좌동 1945
진주혁신도시중흥에스-클래스센트럴시티4단지,2024-12-12,42000,84.9815,21,2020,충무공동 295
프리미어웰가,2024-12-12,18400,59.9527,9,2021,가좌동 1945
프리미어웰가,2024-12-13,18400,59.9527,25,2021,가좌동 1945
금산흥한골든빌,2024-12-25,7500,48.31,2,2002,금산면 장사리 1000
프리미어웰가,2024-12-14,18400,59.9964,9,2021,가좌동 1945
프리미어웰가,2024-12-12,18400,59.9964,25,2021,가좌동 1945
프리미어웰가,2024-12-11,18400,59.9527,11,2021,가좌동 1945
한림풀에버,2024-12-26,33000,84.9088,16,2015,충무공동 77
진주혁신도시중흥에스-클래스센트럴시티4단지,2024-12-12,42000,84.9815,21,2020,충무공동 295
힐스테이트초전,2024-12-22,30000,84.9196,1,2019,초전동 1665
진주초전푸르지오1단지,2024-12-26,32000,101.977,6,2009,초전동 1640-1
프리미어웰가,2024-12-14,18400,59.9964,8,2021,가좌동 1945
금산아이파크,2024-12-30,18710,84.17,12,2004,금산면 장사리 965-1
진주혁신코오롱하늘채,2024-12-31,32000,84.95,2,2014,충무공동 230
한림풀에버,2024-12-24,34000,84.9088,17,2015,충무공동 77
진주혁신도시중흥에스-클래스센트럴시티4단지,2024-12-22,45000,84.9815,26,2020,충무공동 295
프리미어웰가,2024-12-12,18400,59.9964,23,2021,가좌동 1945
혁신도시엘에이치아파트8단지,2024-12-14,24150,59.97,12,2015,충무공동 300
진주초전푸르지오1단지,2024-12-27,40500,134.68,11,2009,초전동 1640-1
진주혁신도시중흥에스-클래스센트럴시티4단지,2024-12-27,37000,84.9815,10,2020,충무공동 295
진주혁신코오롱하늘채,2024-12-31,33000,84.95,8,2014,충무공동 230
프리미어웰가,2024-12-11,18400,59.9964,13,2021,가좌동 1945
프리미어웰가,2024-12-12,18400,59.9527,24,2021,가좌동 1945
프리미어웰가,2024-12-16,18400,59.9964,5,2021,가좌동 1945
신안주공2,2024-12-24,13500,59.8,15,1996,신안동 707-1
주공그린빌,2024-12-31,15000,51.74,12,2005,가좌동 573-1
진주혁신도시대방노블랜드더캐슬아파트,2024-12-28,50000,103.3591,8,2018,충무공동 296
주공그린빌,2024-12-28,15000,51.74,5,2005,가좌동 573-1
초전해모로루비채2단지,2024-12-28,26000,84.9908,15,2014,초전동 1667
하대주공,2024-12-31,8500,44.03,5,1982,하대동 73-1
프리미어웰가,2024-12-12,18400,59.9527,1,2021,가좌동 1945
프리미어웰가,2024-12-13,18400,59.9527,6,2021,가좌동 1945
힐스테이트초전,2024-12-28,32000,84.9196,21,2019,초전동 1665
초전해모로루비채2단지,2024-12-28,26000,84.9671,10,2014,초전동 1667
더퀸즈웰가,2024-12-05,36000,75.6705,9,2015,평거동 1130
엠코타운더프라하,2024-12-26,39000,84.933,2,2014,평거동 1132
주공그린빌,2024-12-28,15000,51.74,12,2005,가좌동 573-1
진주혁신도시라온프라이빗아파트,2024-12-11,38000,84.8922,9,2017,충무공동 195
혁신도시엘에이치아파트8단지,2024-12-27,27500,59.98,16,2015,충무공동 300
들말대경,2024-12-28,17000,59.595,15,1998,평거동 190
가좌주공1차,2024-12-21,11000,41.3,3,1993,가좌동 660
진주혁신도시중흥에스-클래스센트럴시티3단지,2024-12-30,41000,99.8723,17,2020,충무공동 298
칠암대덕,2024-12-02,12600,59.97,2,2004,칠암동 507-1
초전해모로루비채4단지,2024-12-27,27000,84.9908,4,2014,초전동 1670
금산흥한골든빌,2024-12-12,5000,37.84,5,2002,금산면 장사리 1000
이지더원,2024-12-28,34000,84.9614,18,2018,초전동 1673
진주혁신도시대방노블랜드더캐슬아파트,2024-12-27,50000,103.3591,17,2018,충무공동 296
진주정촌대경파미르,2024-12-16,21000,66.6161,3,2019,정촌면 예하리 1286
상대주공,2024-12-21,4000,41.55,1,1980,하대동 72
혁신도시엘에이치아파트9단지,2024-12-29,25200,59.97,11,2017,충무공동 302
혁신도시엘에이치아파트8단지,2024-12-30,27000,59.97,15,2015,충무공동 300
진주혁신도시중흥에스-클래스센트럴시티4단지,2024-12-27,43000,84.9815,9,2020,충무공동 295
진주혁신도시센텀리버파크,2024-12-15,30000,75.54,10,2013,충무공동 191
진주혁신도시센텀리버파크,2024-12-20,27563,84.88,24,2013,충무공동 191
진주강남동일동미라주,2024-12-23,38000,109.9586,17,2021,강남동 387
프리미어웰가,2024-12-11,18400,59.9527,4,2021,가좌동 1945
프리미어웰가,2024-12-13,18400,59.9964,21,2021,가좌동 1945
혁신도시엘에이치아파트9단지,2024-12-26,28000,59.97,9,2017,충무공동 302
혁신도시엘에이치아파트9단지,2024-12-26,28000,59.97,4,2017,충무공동 302
진주혁신도시중흥에스-클래스센트럴시티3단지,2024-12-13,40000,84.8046,4,2020,충무공동 298
가좌주공1차,2024-12-07,13000,49.94,15,1993,가좌동 660
진주초장엠코타운더이스턴파크,2024-12-26,32000,101.828,19,2014,초전동 1669
가좌주공1차,2024-12-24,12000,49.94,8,1993,가좌동 660
혁신도시엘에이치아파트8단지,2024-12-27,26000,59.97,13,2015,충무공동 300
가좌주공1차,2024-12-24,11500,41.3,5,1993,가좌동 660
진주혁신코오롱하늘채,2024-12-19,32000,84.95,6,2014,충무공동 230
프리미어웰가,2024-12-12,18400,59.9964,18,2021,가좌동 1945
가좌주공1차,2024-12-26,12000,44.94,6,1993,가좌동 660
진주혁신도시라온프라이빗아파트,2024-12-26,42000,84.9087,19,2017,충무공동 195
프리미어웰가,2024-12-13,18400,59.9527,12,2021,가좌동 1945
진주혁신코오롱하늘채,2024-12-24,32000,84.95,10,2014,충무공동 230
진주혁신코오롱하늘채,2024-12-09,32500,84.95,10,2014,충무공동 230
진주혁신도시중흥에스-클래스센트럴시티2단지,2024-12-26,44000,99.8723,4,2020,충무공동 293
힐스테이트초전,2024-12-26,30000,84.9351,3,2019,초전동 1665
프리미어웰가,2024-12-13,18400,59.9964,17,2021,가좌동 1945
진주혁신도시센텀리버파크,2024-12-13,30000,84.95,4,2013,충무공동 191
프리미어웰가,2024-12-14,18400,59.9964,16,2021,가좌동 1945
주공그린빌,2024-12-25,17500,59.27,2,2005,가좌동 573-1
가좌주공1차,2024-12-11,14000,49.94,15,1993,가좌동 660
프리미어웰가,2024-12-11,18400,59.9964,21,2021,가좌동 1945
진주문산파란채,2024-12-13,15000,84.8829,6,2010,문산읍 삼곡리 1224
힐스테이트초전,2024-12-23,32000,84.9196,4,2019,초전동 1665
프리미어웰가,2024-12-13,18400,59.9964,8,2021,가좌동 1945
한림풀에버,2024-12-14,33000,84.9088,12,2015,충무공동 77
가좌주공1차,2024-12-16,13000,49.94,9,1993,가좌동 660
프리미어웰가,2024-12-13,18400,59.9964,24,2021,가좌동 1945
가좌주공2차,2024-12-10,11500,44.94,13,1993,가좌동 660
시티프라디움,2024-12-21,32000,84.9941,9,2020,가좌동 2058
진주혁신도시센텀리버파크,2024-12-06,30000,84.95,7,2013,충무공동 191
이현하이클래스웰가,2024-12-13,23000,75.07,3,2008,이현동 1180
진주혁신도시중흥에스-클래스더프라임,2024-12-20,41000,84.9858,11,2019,충무공동 90
진주혁신도시대방노블랜드더캐슬아파트,2024-12-16,43000,84.9474,3,2018,충무공동 296
프리미어웰가,2024-12-13,18400,59.9964,22,2021,가좌동 1945
진주혁신도시중흥에스-클래스센트럴시티4단지,2024-12-11,43000,84.9815,7,2020,충무공동 295
프리미어웰가,2024-12-13,18400,59.9527,17,2021,가좌동 1945
진주혁신도시센텀리버파크,2024-12-14,30000,84.95,4,2013,충무공동 191
주공그린빌,2024-12-21,15500,51.74,13,2005,가좌동 573-1
가좌주공1차,2024-12-21,14000,49.94,8,1993,가좌동 660
금산흥한골든빌,2024-12-23,4900,37.84,1,2002,금산면 장사리 1000
진주초장엠코타운더이스턴파크,2024-12-22,27000,84.9915,19,2014,초전동 1669
진주초장엠코타운더이스턴파크,2024-12-22,27000,84.9915,19,2014,초전동 1669
시티프라디움,2024-12-21,32000,84.9941,9,2020,가좌동 2058
프리미어웰가,2024-12-12,18400,59.9964,15,2021,가좌동 1945
동일스위트,2024-12-20,18400,71.7507,4,2008,상평동 1068-1
엠코타운더프라하,2024-12-21,49000,118.6034,9,2014,평거동 1132
진주혁신도시중흥에스-클래스더프라임,2024-12-22,39500,84.9912,19,2019,충무공동 90
프리미어웰가,2024-12-13,18400,59.9964,13,2021,가좌동 1945
프리미어웰가,2024-12-12,18400,59.9964,12,2021,가좌동 1945
프리미어웰가,2024-12-13,18400,59.9527,16,2021,가좌동 1945
프리미어웰가,2024-12-12,18400,59.9964,4,2021,가좌동 1945
프리미어웰가,2024-12-13,18400,59.9527,16,2021,가좌동 1945
주공그린빌,2024-12-06,14500,51.74,3,2005,가좌동 573-1
프리미어웰가,2024-12-20,18400,59.9964,17,2021,가좌동 1945
평거휴먼시아3단지,2024-12-20,35000,84.95,5,2011,평거동 897
프리미어웰가,2024-12-13,18400,59.9527,16,2021,가좌동 1945
프리미어웰가,2024-12-20,18400,59.9964,22,2021,가좌동 1945
진주혁신도시라온프라이빗아파트,2024-12-19,36500,84.8827,22,2017,충무공동 195
프리미어웰가,2024-12-10,18400,59.9964,25,2021,가좌동 1945
진주혁신도시센텀리버파크,2024-12-20,30000,84.95,5,2013,충무공동 191
진주혁신도시중흥에스-클래스더프라임,2024-12-20,50000,110.6238,1,2019,충무공동 90
초전해모로루비채4단지,2024-12-12,26000,84.9908,25,2014,초전동 1670
프리미어웰가,2024-12-20,18400,59.9527,16,2021,가좌동 1945
평거주공1차,2024-12-14,9500,39.3,3,1988,평거동 326
혁신도시엘에이치아파트8단지,2024-12-05,26000,59.97,16,2015,충무공동 300
프리미어웰가,2024-12-20,18400,59.9964,16,2021,가좌동 1945
진주혁신도시중흥에스-클래스더퍼스트,2024-12-06,52000,99.9097,20,2020,충무공동 275
진주혁신도시라온프라이빗아파트,2024-12-20,43000,84.9087,14,2017,충무공동 195
프리미어웰가,2024-12-13,18400,59.9964,9,2021,가좌동 1945
프리미어웰가,2024-12-14,18400,59.9964,21,2021,가좌동 1945
혁신도시엘에이치아파트8단지,2024-12-18,27000,59.97,10,2015,충무공동 300
진주혁신도시대방노블랜드더캐슬아파트,2024-12-18,45000,84.9899,10,2018,충무공동 296
혁신도시엘에이치아파트8단지,2024-12-18,27000,59.96,17,2015,충무공동 300
진주혁신도시중흥에스-클래스센트럴시티4단지,2024-12-19,43000,84.8046,21,2020,충무공동 295
프리미어웰가,2024-12-13,18400,59.9964,5,2021,가좌동 1945
신안주공2,2024-12-19,11865,49.97,1,1996,신안동 707-1
진주혁신도시중흥에스-클래스센트럴시티2단지,2024-12-11,43000,84.9815,5,2020,충무공동 293
진주포레스트부영,2024-12-19,17332,59.9885,17,2020,충무공동 145
평거하우스토리,2024-12-17,37000,134.1,2,2009,평거동 150-4
진주혁신도시라온프라이빗아파트,2024-12-19,42000,84.8922,20,2017,충무공동 195
프리미어웰가,2024-12-13,18400,59.9964,17,2021,가좌동 1945
프리미어웰가,2024-12-14,18400,59.9964,10,2021,가좌동 1945
프리미어웰가,2024-12-11,18400,59.9527,25,2021,가좌동 1945
진주포레스트부영,2024-12-16,17332,59.9885,5,2020,충무공동 145
포레나신진주,2024-12-18,35000,84.9515,4,2019,가좌동 2056
프리미어웰가,2024-12-17,18400,59.9527,2,2021,가좌동 1945
혁신도시엘에이치5단지,2024-12-03,26250,75.99,2,2014,충무공동 234
혁신도시엘에이치아파트8단지,2024-12-18,26000,59.97,9,2015,충무공동 300
혁신도시엘에이치5단지,2024-12-03,26250,75.99,2,2014,충무공동 234
혁신도시엘에이치5단지,2024-12-03,26250,75.99,2,2014,충무공동 234
프리미어웰가,2024-12-14,18400,59.9964,21,2021,가좌동 1945
신진주라비에데시앙,2024-12-18,51900,121.9504,8,2024,가좌동 2092
프리미어웰가,2024-12-13,18400,59.9527,7,2021,가좌동 1945
프리미어웰가,2024-12-12,18400,59.9964,8,2021,가좌동 1945
이지더원,2024-12-10,29000,73.2086,16,2018,초전동 1673
프리미어웰가,2024-12-13,18400,59.9964,3,2021,가좌동 1945
프리미어웰가,2024-12-11,18400,59.9527,11,2021,가좌동 1945
프리미어웰가,2024-12-11,18400,59.9964,16,2021,가좌동 1945
프리미어웰가,2024-12-14,18400,59.9964,12,2021,가좌동 1945
혁신도시엘에이치아파트9단지,2024-12-12,28000,59.97,19,2017,충무공동 302
프리미어웰가,2024-12-13,18400,59.9527,20,2021,가좌동 1945
프리미어웰가,2024-12-17,18400,59.9527,14,2021,가좌동 1945
진주혁신도시중흥에스-클래스센트럴시티4단지,2024-12-17,43000,84.9815,7,2020,충무공동 295
진주혁신도시중흥에스-클래스센트럴시티3단지,2024-12-13,40000,84.8046,4,2020,충무공동 298
혁신도시엘에이치아파트8단지,2024-12-12,26000,59.97,2,2015,충무공동 300
프리미어웰가,2024-12-12,18400,59.9964,22,2021,가좌동 1945
프리미어웰가,2024-12-13,18400,59.9964,16,2021,가좌동 1945
프리미어웰가,2024-12-12,18400,59.9964,4,2021,가좌동 1945
가좌주공1차,2024-12-13,11000,41.3,12,1993,가좌동 660
진주혁신도시중흥에스-클래스더프라임,2024-12-02,38000,84.9912,3,2019,충무공동 90
프리미어웰가,2024-12-11,18400,59.9964,18,2021,가좌동 1945
프리미어웰가,2024-12-12,18400,59.9964,2,2021,가좌동 1945
프리미어웰가,2024-12-14,18400,59.9964,22,2021,가좌동 1945
진주정촌대경파미르,2024-12-14,26000,84.9426,10,2019,정촌면 예하리 1286
프리미어웰가,2024-12-13,18400,59.9964,3,2021,가좌동 1945
혁신도시엘에이치아파트8단지,2024-12-17,26000,59.97,16,2015,충무공동 300
프리미어웰가,2024-12-11,18400,59.9527,7,2021,가좌동 1945
혁신도시엘에이치아파트8단지,2024-12-17,26000,59.97,16,2015,충무공동 300
대동,2024-12-17,5500,60.63,5,1979,상대동 331-1
진주혁신코오롱하늘채,2024-12-17,33000,84.95,4,2014,충무공동 230
프리미어웰가,2024-12-11,18400,59.9527,22,2021,가좌동 1945
프리미어웰가,2024-12-14,18400,59.9964,6,2021,가좌동 1945
건영아모리움,2024-12-14,27000,77.3871,10,2017,평거동 141
프리미어웰가,2024-12-11,18400,59.9964,24,2021,가좌동 1945
프리미어웰가,2024-12-14,18400,59.9964,27,2021,가좌동 1945
진주혁신도시중흥에스-클래스센트럴시티2단지,2024-12-16,45000,99.8723,25,2020,충무공동 293
프리미어웰가,2024-12-11,18400,59.9964,2,2021,가좌동 1945
한림풀에버,2024-12-16,33000,84.9088,3,2015,충무공동 77
프리미어웰가,2024-12-13,18400,59.9964,10,2021,가좌동 1945
프리미어웰가,2024-12-14,18400,59.9527,13,2021,가좌동 1945
혁신도시엘에이치아파트8단지,2024-12-16,27000,59.97,8,2015,충무공동 300
진주혁신도시중흥에스-클래스센트럴시티2단지,2024-12-13,45000,99.8723,13,2020,충무공동 293
프리미어웰가,2024-12-13,18400,59.9527,21,2021,가좌동 1945
프리미어웰가,2024-12-13,18400,59.9527,19,2021,가좌동 1945
프리미어웰가,2024-12-11,18400,59.9527,13,2021,가좌동 1945
프리미어웰가,2024-12-13,18400,59.9964,16,2021,가좌동 1945
진주혁신코오롱하늘채,2024-12-16,32000,84.95,14,2014,충무공동 230
진주평거엘크루,2024-12-01,34000,72.6786,13,2016,평거동 919
프리미어웰가,2024-12-11,18400,59.9527,9,2021,가좌동 1945
프리미어웰가,2024-12-11,18400,59.9527,6,2021,가좌동 1945
프리미어웰가,2024-12-16,18400,59.9964,25,2021,가좌동 1945
힐스테이트초전,2024-12-14,32000,91.0451,8,2019,초전동 1665
프리미어웰가,2024-12-11,18400,59.9527,14,2021,가좌동 1945
프리미어웰가,2024-12-12,18400,59.9964,13,2021,가좌동 1945
프리미어웰가,2024-12-13,18400,59.9527,7,2021,가좌동 1945
혁신도시엘에이치5단지,2024-12-16,29000,75.84,17,2014,충무공동 234
진주혁신도시센텀리버파크,2024-12-08,30000,75.76,9,2013,충무공동 191
망경한보타운,2024-12-13,9800,59.44,17,1997,망경동 253
프리미어웰가,2024-12-14,18400,59.9964,4,2021,가좌동 1945
가좌주공1차,2024-12-02,8000,41.3,13,1993,가좌동 660
프리미어웰가,2024-12-14,18400,59.9964,15,2021,가좌동 1945
주공그린빌,2024-12-06,15000,51.74,1,2005,가좌동 573-1
신안주공2,2024-12-12,14000,59.8,6,1996,신안동 707-1
주공그린빌,2024-12-14,23500,84.9,18,2005,가좌동 573-1
힐스테이트초전,2024-12-13,28000,84.9196,3,2019,초전동 1665
프리미어웰가,2024-12-13,18400,59.9964,9,2021,가좌동 1945
프리미어웰가,2024-12-13,18400,59.9527,16,2021,가좌동 1945
프리미어웰가,2024-12-13,18400,59.9964,5,2021,가좌동 1945
프리미어웰가,2024-12-13,18400,59.9527,9,2021,가좌동 1945
프리미어웰가,2024-12-12,18400,59.9527,19,2021,가좌동 1945
프리미어웰가,2024-12-13,18400,59.9527,3,2021,가좌동 1945
프리미어웰가,2024-12-13,18400,59.9527,2,2021,가좌동 1945
프리미어웰가,2024-12-13,18400,59.9964,10,2021,가좌동 1945
프리미어웰가,2024-12-13,18400,59.9964,19,2021,가좌동 1945
프리미어웰가,2024-12-13,18400,59.9527,4,2021,가좌동 1945
프리미어웰가,2024-12-13,18400,59.9527,28,2021,가좌동 1945
프리미어웰가,2024-12-13,18400,59.9964,5,2021,가좌동 1945
프리미어웰가,2024-12-13,18400,59.9964,10,2021,가좌동 1945
프리미어웰가,2024-12-13,18400,59.9527,15,2021,가좌동 1945
프리미어웰가,2024-12-13,18400,59.9964,7,2021,가좌동 1945
프리미어웰가,2024-12-13,18400,59.9964,6,2021,가좌동 1945
프리미어웰가,2024-12-13,18400,59.9964,18,2021,가좌동 1945
프리미어웰가,2024-12-13,18400,59.9964,20,2021,가좌동 1945
프리미어웰가,2024-12-13,18400,59.9527,19,2021,가좌동 1945
프리미어웰가,2024-12-13,18400,59.9964,26,2021,가좌동 1945
프리미어웰가,2024-12-13,18400,59.9527,11,2021,가좌동 1945
프리미어웰가,2024-12-13,18400,59.9527,6,2021,가좌동 1945
프리미어웰가,2024-12-13,18400,59.9527,8,2021,가좌동 1945
프리미어웰가,2024-12-13,18400,59.9527,23,2021,가좌동 1945
프리미어웰가,2024-12-13,18400,59.9527,1,2021,가좌동 1945
프리미어웰가,2024-12-13,18400,59.9964,11,2021,가좌동 1945
프리미어웰가,2024-12-12,18400,59.9527,5,2021,가좌동 1945
프리미어웰가,2024-12-12,18400,59.9964,23,2021,가좌동 1945
프리미어웰가,2024-12-13,18400,59.9527,15,2021,가좌동 1945
프리미어웰가,2024-12-13,18400,59.9964,8,2021,가좌동 1945
프리미어웰가,2024-12-13,18400,59.9527,3,2021,가좌동 1945
혁신도시엘에이치5단지,2024-12-03,26250,75.99,2,2014,충무공동 234
프리미어웰가,2024-12-12,18400,59.9964,14,2021,가좌동 1945
프리미어웰가,2024-12-13,18400,59.9964,13,2021,가좌동 1945
프리미어웰가,2024-12-13,18400,59.9527,19,2021,가좌동 1945
프리미어웰가,2024-12-13,18400,59.9527,12,2021,가좌동 1945
프리미어웰가,2024-12-13,18400,59.9527,1,2021,가좌동 1945
프리미어웰가,2024-12-13,18400,59.9527,12,2021,가좌동 1945
프리미어웰가,2024-12-13,18400,59.9964,16,2021,가좌동 1945
프리미어웰가,2024-12-13,18400,59.9964,23,2021,가좌동 1945
프리미어웰가,2024-12-13,18400,59.9527,8,2021,가좌동 1945
프리미어웰가,2024-12-13,18400,59.9964,12,2021,가좌동 1945
프리미어웰가,2024-12-11,18400,59.9964,8,2021,가좌동 1945
프리미어웰가,2024-12-13,18400,59.9527,18,2021,가좌동 1945
프리미어웰가,2024-12-13,18400,59.9527,21,2021,가좌동 1945
프리미어웰가,2024-12-13,18400,59.9527,5,2021,가좌동 1945
프리미어웰가,2024-12-13,18400,59.9527,13,2021,가좌동 1945
진주포레스트부영,2024-12-13,17332,59.9885,1,2020,충무공동 145
프리미어웰가,2024-12-13,18400,59.9964,24,2021,가좌동 1945
혁신도시엘에이치아파트9단지,2024-12-12,25500,59.97,2,2017,충무공동 302
프리미어웰가,2024-12-13,18400,59.9527,7,2021,가좌동 1945
프리미어웰가,2024-12-13,18400,59.9964,11,2021,가좌동 1945
프리미어웰가,2024-12-13,18400,59.9964,4,2021,가좌동 1945
프리미어웰가,2024-12-13,18400,59.9527,10,2021,가좌동 1945
프리미어웰가,2024-12-13,18400,59.9527,25,2021,가좌동 1945
프리미어웰가,2024-12-11,18400,59.9964,5,2021,가좌동 1945
프리미어웰가,2024-12-13,18400,59.9964,28,2021,가좌동 1945
프리미어웰가,2024-12-13,18400,59.9964,25,2021,가좌동 1945
프리미어웰가,2024-12-13,18400,59.9964,12,2021,가좌동 1945
프리미어웰가,2024-12-13,18400,59.9964,10,2021,가좌동 1945
프리미어웰가,2024-12-10,18400,59.9964,2,2021,가좌동 1945
프리미어웰가,2024-12-13,18400,59.9964,11,2021,가좌동 1945
프리미어웰가,2024-12-11,18400,59.9964,12,2021,가좌동 1945
진주혁신도시중흥에스-클래스더퍼스트,2024-12-06,53000,99.864,6,2020,충무공동 275
프리미어웰가,2024-12-13,18400,59.9527,15,2021,가좌동 1945
프리미어웰가,2024-12-13,18400,59.9964,3,2021,가좌동 1945
프리미어웰가,2024-12-11,18400,59.9964,20,2021,가좌동 1945
프리미어웰가,2024-12-11,18400,59.9527,6,2021,가좌동 1945
프리미어웰가,2024-12-13,18400,59.9527,25,2021,가좌동 1945
혁신도시엘에이치아파트8단지,2024-12-12,27000,59.97,15,2015,충무공동 300
프리미어웰가,2024-12-12,18400,59.9964,17,2021,가좌동 1945
프리미어웰가,2024-12-11,18400,59.9964,8,2021,가좌동 1945
프리미어웰가,2024-12-12,18400,59.9527,16,2021,가좌동 1945
프리미어웰가,2024-12-12,18400,59.9527,26,2021,가좌동 1945
진주혁신도시중흥에스-클래스센트럴시티3단지,2024-12-12,47000,99.8146,8,2020,충무공동 298
프리미어웰가,2024-12-12,18400,59.9964,25,2021,가좌동 1945
프리미어웰가,2024-12-11,18400,59.9964,17,2021,가좌동 1945
프리미어웰가,2024-12-12,18400,59.9527,13,2021,가좌동 1945
프리미어웰가,2024-12-12,18400,59.9964,23,2021,가좌동 1945
프리미어웰가,2024-12-11,18400,59.9964,12,2021,가좌동 1945
프리미어웰가,2024-12-12,18400,59.9527,5,2021,가좌동 1945
프리미어웰가,2024-12-12,18400,59.9527,23,2021,가좌동 1945
프리미어웰가,2024-12-11,18400,59.9527,5,2021,가좌동 1945
프리미어웰가,2024-12-12,18400,59.9964,3,2021,가좌동 1945
프리미어웰가,2024-12-12,18400,59.9527,5,2021,가좌동 1945
프리미어웰가,2024-12-12,18400,59.9527,4,2021,가좌동 1945
프리미어웰가,2024-12-12,18400,59.9964,2,2021,가좌동 1945
프리미어웰가,2024-12-12,18400,59.9527,14,2021,가좌동 1945
프리미어웰가,2024-12-12,18400,59.9964,15,2021,가좌동 1945
프리미어웰가,2024-12-11,18400,59.9527,14,2021,가좌동 1945
프리미어웰가,2024-12-12,18400,59.9964,22,2021,가좌동 1945
프리미어웰가,2024-12-12,18400,59.9527,21,2021,가좌동 1945
혁신도시엘에이치아파트9단지,2024-12-12,28000,59.97,19,2017,충무공동 302
일동,2024-12-06,12500,81.46,9,1994,초전동 1426
프리미어웰가,2024-12-12,18400,59.9964,21,2021,가좌동 1945
프리미어웰가,2024-12-12,18400,59.9527,6,2021,가좌동 1945
프리미어웰가,2024-12-12,18400,59.9527,3,2021,가좌동 1945
프리미어웰가,2024-12-12,18400,59.9527,11,2021,가좌동 1945
프리미어웰가,2024-12-12,18400,59.9527,23,2021,가좌동 1945
프리미어웰가,2024-12-12,18400,59.9964,6,2021,가좌동 1945
프리미어웰가,2024-12-12,18400,59.9527,13,2021,가좌동 1945
프리미어웰가,2024-12-11,18400,59.9964,6,2021,가좌동 1945
프리미어웰가,2024-12-11,18400,59.9527,2,2021,가좌동 1945
프리미어웰가,2024-12-12,18400,59.9964,26,2021,가좌동 1945
프리미어웰가,2024-12-12,18400,59.9527,26,2021,가좌동 1945
프리미어웰가,2024-12-11,18400,59.9964,4,2021,가좌동 1945
프리미어웰가,2024-12-12,18400,59.9527,9,2021,가좌동 1945
프리미어웰가,2024-12-12,18400,59.9964,6,2021,가좌동 1945
프리미어웰가,2024-12-12,18400,59.9964,8,2021,가좌동 1945
프리미어웰가,2024-12-12,18400,59.9527,4,2021,가좌동 1945
프리미어웰가,2024-12-12,18400,59.9527,24,2021,가좌동 1945
프리미어웰가,2024-12-12,18400,59.9964,9,2021,가좌동 1945
프리미어웰가,2024-12-12,18400,59.9964,10,2021,가좌동 1945
프리미어웰가,2024-12-12,18400,59.9527,2,2021,가좌동 1945
프리미어웰가,2024-12-12,18400,59.9964,22,2021,가좌동 1945
프리미어웰가,2024-12-12,18400,59.9527,17,2021,가좌동 1945
프리미어웰가,2024-12-12,18400,59.9964,18,2021,가좌동 1945
프리미어웰가,2024-12-12,18400,59.9527,23,2021,가좌동 1945
프리미어웰가,2024-12-11,18400,59.9964,19,2021,가좌동 1945
프리미어웰가,2024-12-12,18400,59.9964,8,2021,가좌동 1945
프리미어웰가,2024-12-12,18400,59.9964,25,2021,가좌동 1945
프리미어웰가,2024-12-11,18400,59.9964,22,2021,가좌동 1945
프리미어웰가,2024-12-12,18400,59.9964,12,2021,가좌동 1945
프리미어웰가,2024-12-12,18400,59.9527,14,2021,가좌동 1945
프리미어웰가,2024-12-12,18400,59.9527,5,2021,가좌동 1945
프리미어웰가,2024-12-12,18400,59.9964,21,2021,가좌동 1945
프리미어웰가,2024-12-12,18400,59.9964,3,2021,가좌동 1945
프리미어웰가,2024-12-12,18400,59.9964,2,2021,가좌동 1945
프리미어웰가,2024-12-12,18400,59.9527,16,2021,가좌동 1945
프리미어웰가,2024-12-12,18400,59.9964,19,2021,가좌동 1945
프리미어웰가,2024-12-12,18400,59.9964,2,2021,가좌동 1945
프리미어웰가,2024-12-12,18400,59.9964,17,2021,가좌동 1945
프리미어웰가,2024-12-12,18400,59.9964,9,2021,가좌동 1945
프리미어웰가,2024-12-12,18400,59.9964,19,2021,가좌동 1945
프리미어웰가,2024-12-12,18400,59.9527,13,2021,가좌동 1945
프리미어웰가,2024-12-12,18400,59.9964,18,2021,가좌동 1945
프리미어웰가,2024-12-12,18400,59.9964,15,2021,가좌동 1945
프리미어웰가,2024-12-11,18400,59.9964,15,2021,가좌동 1945
프리미어웰가,2024-12-12,18400,59.9527,20,2021,가좌동 1945
프리미어웰가,2024-12-12,18400,59.9964,24,2021,가좌동 1945
프리미어웰가,2024-12-12,18400,59.9964,8,2021,가좌동 1945
센트렐웰가,2024-12-08,35000,84.8133,29,2018,가좌동 1981
프리미어웰가,2024-12-11,18400,59.9964,21,2021,가좌동 1945
진주혁신도시중흥에스-클래스센트럴시티2단지,2024-12-11,43000,84.9815,20,2020,충무공동 293
프리미어웰가,2024-12-11,18400,59.9964,4,2021,가좌동 1945
프리미어웰가,2024-12-11,18400,59.9964,3,2021,가좌동 1945
프리미어웰가,2024-12-11,18400,59.9964,18,2021,가좌동 1945
혁신도시엘에이치아파트8단지,2024-12-11,26000,59.97,13,2015,충무공동 300
프리미어웰가,2024-12-11,18400,59.9964,19,2021,가좌동 1945
프리미어웰가,2024-12-11,18400,59.9527,10,2021,가좌동 1945
프리미어웰가,2024-12-11,18400,59.9527,12,2021,가좌동 1945
프리미어웰가,2024-12-11,18400,59.9527,18,2021,가좌동 1945
프리미어웰가,2024-12-11,18400,59.9964,4,2021,가좌동 1945
프리미어웰가,2024-12-11,18400,59.9964,6,2021,가좌동 1945
프리미어웰가,2024-12-11,18400,59.9527,25,2021,가좌동 1945
프리미어웰가,2024-12-11,18400,59.9527,20,2021,가좌동 1945
혁신도시엘에이치아파트9단지,2024-12-11,28000,59.97,11,2017,충무공동 302
진주혁신도시라온프라이빗아파트,2024-12-11,43000,84.8922,24,2017,충무공동 195
프리미어웰가,2024-12-11,18400,59.9527,2,2021,가좌동 1945
진주혁신도시센텀리버파크,2024-12-03,29000,84.95,19,2013,충무공동 191
프리미어웰가,2024-12-11,18400,59.9527,6,2021,가좌동 1945
프리미어웰가,2024-12-11,18400,59.9964,4,2021,가좌동 1945
프리미어웰가,2024-12-11,18400,59.9964,16,2021,가좌동 1945
프리미어웰가,2024-12-11,18400,59.9964,17,2021,가좌동 1945
프리미어웰가,2024-12-11,18400,59.9527,1,2021,가좌동 1945
프리미어웰가,2024-12-11,18400,59.9964,4,2021,가좌동 1945
프리미어웰가,2024-12-11,18400,59.9964,19,2021,가좌동 1945
프리미어웰가,2024-12-11,18400,59.9964,8,2021,가좌동 1945
프리미어웰가,2024-12-11,18400,59.9527,2,2021,가좌동 1945
프리미어웰가,2024-12-11,18400,59.9527,15,2021,가좌동 1945
프리미어웰가,2024-12-11,18400,59.9527,16,2021,가좌동 1945
프리미어웰가,2024-12-11,18400,59.9964,21,2021,가좌동 1945
프리미어웰가,2024-12-11,18400,59.9964,15,2021,가좌동 1945
프리미어웰가,2024-12-11,18400,59.9964,6,2021,가좌동 1945
프리미어웰가,2024-12-11,18400,59.9527,26,2021,가좌동 1945
프리미어웰가,2024-12-11,18400,59.9964,22,2021,가좌동 1945
프리미어웰가,2024-12-11,18400,59.9964,1,2021,가좌동 1945
프리미어웰가,2024-12-11,18400,59.9964,10,2021,가좌동 1945
프리미어웰가,2024-12-11,18400,59.9964,9,2021,가좌동 1945
프리미어웰가,2024-12-11,18400,59.9527,9,2021,가좌동 1945
프리미어웰가,2024-12-11,18400,59.9527,5,2021,가좌동 1945
프리미어웰가,2024-12-11,18400,59.9527,10,2021,가좌동 1945
프리미어웰가,2024-12-11,18400,59.9527,15,2021,가좌동 1945
프리미어웰가,2024-12-11,18400,59.9527,8,2021,가좌동 1945
프리미어웰가,2024-12-11,18400,59.9527,16,2021,가좌동 1945
프리미어웰가,2024-12-11,18400,59.9964,15,2021,가좌동 1945
프리미어웰가,2024-12-11,18400,59.9964,17,2021,가좌동 1945
프리미어웰가,2024-12-11,18400,59.9527,16,2021,가좌동 1945
프리미어웰가,2024-12-11,18400,59.9527,19,2021,가좌동 1945
가좌주공2차,2024-12-10,11500,44.94,13,1993,가좌동 660
프리미어웰가,2024-12-11,18400,59.9527,24,2021,가좌동 1945
프리미어웰가,2024-12-11,18400,59.9964,27,2021,가좌동 1945
프리미어웰가,2024-12-11,18400,59.9964,7,2021,가좌동 1945
힐스테이트초전,2024-12-10,29000,84.9351,18,2019,초전동 1665
진주혁신도시중흥에스-클래스센트럴시티3단지,2024-12-10,43000,84.8046,7,2020,충무공동 298
진주혁신도시중흥에스-클래스더프라임,2024-12-10,40000,84.9858,20,2019,충무공동 90
프리미어웰가,2024-12-10,18400,59.9964,9,2021,가좌동 1945
프리미어웰가,2024-12-10,18400,59.9527,23,2021,가좌동 1945
프리미어웰가,2024-12-06,18400,59.9964,25,2021,가좌동 1945
프리미어웰가,2024-12-09,18400,59.9527,15,2021,가좌동 1945
진주혁신도시중흥에스-클래스더퍼스트,2024-12-02,48000,99.864,14,2020,충무공동 275
프리미어웰가,2024-12-10,18400,59.9964,27,2021,가좌동 1945
한림풀에버,2024-12-07,34000,84.9644,12,2015,충무공동 77
진주혁신도시대방노블랜드더캐슬아파트,2024-12-08,43000,84.9899,4,2018,충무공동 296
혁신도시엘에이치아파트8단지,2024-12-09,26000,59.97,5,2015,충무공동 300
혁신도시엘에이치아파트9단지,2024-12-07,28000,59.97,10,2017,충무공동 302
프리미어웰가,2024-12-09,18400,59.9964,3,2021,가좌동 1945
주공그린빌,2024-12-06,15000,51.74,1,2005,가좌동 573-1
진주초전푸르지오1단지,2024-12-09,28000,84.77,11,2009,초전동 1640-1
진주혁신도시센텀리버파크,2024-12-07,32000,84.88,11,2013,충무공동 191
프리미어웰가,2024-12-09,18400,59.9964,6,2021,가좌동 1945
진주초전푸르지오2단지,2024-12-07,33000,101.977,21,2010,초전동 1637-1
진주포레스트부영,2024-12-06,17332,59.9925,4,2020,충무공동 145
혁신도시엘에이치아파트9단지,2024-12-06,28000,59.97,14,2017,충무공동 302
프리미어웰가,2024-12-06,18400,59.9964,27,2021,가좌동 1945
힐스테이트초전,2024-12-06,34000,84.9351,24,2019,초전동 1665
프리미어웰가,2024-12-06,18400,59.9964,5,2021,가좌동 1945
진주혁신도시센텀리버파크,2024-12-06,30000,84.95,7,2013,충무공동 191
프리미어웰가,2024-12-06,18400,59.9964,20,2021,가좌동 1945
국민주택,2024-12-03,2500,33.39,4,1992,평거동 741-1
초전해모로루비채2단지,2024-12-06,27000,84.9908,5,2014,초전동 1667
힐스테이트초전,2024-12-06,34000,84.9351,24,2019,초전동 1665
진주혁신코오롱하늘채,2024-12-05,30000,84.95,11,2014,충무공동 230
프리미어웰가,2024-12-06,18400,59.9527,13,2021,가좌동 1945
주공그린빌,2024-12-06,13500,51.74,1,2005,가좌동 573-1
시티프라디움,2024-12-06,31500,84.9909,35,2020,가좌동 2058
스카이시티프라디움,2024-12-04,35000,84.991,18,2019,가좌동 1958
혁신도시엘에이치아파트9단지,2024-12-05,28000,59.97,16,2017,충무공동 302
프리미어웰가,2024-12-05,18400,59.9964,26,2021,가좌동 1945
주공그린빌,2024-12-04,14000,51.74,1,2005,가좌동 573-1
진주혁신도시센텀리버파크,2024-12-03,25980,84.83,24,2013,충무공동 191
프리미어웰가,2024-12-04,18400,59.9964,18,2021,가좌동 1945
프리미어웰가,2024-12-04,18400,59.9527,18,2021,가좌동 1945
평거휴먼시아4단지,2024-12-03,22000,59.98,2,2011,평거동 797
프리미어웰가,2024-12-03,18400,59.9964,14,2021,가좌동 1945
진주혁신도시라온프라이빗아파트,2024-12-03,40000,84.8827,6,2017,충무공동 195
상대주공,2024-12-03,5000,40.99,5,1980,하대동 72
프리미어웰가,2024-12-03,18400,59.9964,5,2021,가좌동 1945
프리미어웰가,2024-12-03,18400,59.9964,5,2021,가좌동 1945
프리미어웰가,2024-12-03,18400,59.9964,3,2021,가좌동 1945
프리미어웰가,2024-12-03,18400,59.9527,11,2021,가좌동 1945
진주혁신도시라온프라이빗아파트,2024-12-02,38000,84.9087,13,2017,충무공동 195
혁신도시엘에이치아파트9단지,2024-12-02,25000,59.97,25,2017,충무공동 302
상대주공,2024-12-01,4200,41.55,3,1980,하대동 72
진주혁신도시대방노블랜드더캐슬아파트,2025-01-19,52000,103.3591,16,2018,충무공동 296
이지더원,2025-01-15,25000,73.2086,15,2018,초전동 1673
진주혁신코오롱하늘채,2025-01-21,35000,84.95,6,2014,충무공동 230
현대금빛마을,2025-01-21,5500,59.28,1,2000,집현면 봉강리 249
진주정촌대경파미르,2025-01-22,23000,66.1957,6,2019,정촌면 예하리 1286
금산아이파크,2025-01-21,19000,84.17,11,2004,금산면 장사리 965-1
주공그린빌,2025-01-03,17500,59.27,3,2005,가좌동 573-1
가좌주공1차,2025-01-06,9000,38.64,1,1993,가좌동 660
금산아이파크,2025-01-07,18500,84.17,16,2004,금산면 장사리 965-1
주공그린빌,2025-01-06,17500,59.27,15,2005,가좌동 573-1
주공그린빌,2025-01-03,17500,59.27,3,2005,가좌동 573-1
가좌주공1차,2025-01-21,13500,49.94,11,1993,가좌동 660
힐스테이트초전,2025-01-18,26000,84.9196,11,2019,초전동 1665
들말흥한타운,2025-01-17,15750,59.871,1,1998,평거동 191-1
한주럭키타운,2025-01-12,13850,84.81,12,1990,주약동 156
진주포레스트부영,2025-01-03,17332,59.9925,13,2020,충무공동 145
진주혁신도시중흥에스-클래스더프라임,2025-01-15,41000,97.7268,18,2019,충무공동 90
초전해모로루비채2단지,2025-01-21,28000,84.9671,13,2014,초전동 1667
한림풀에버,2025-01-08,15000,84.9088,10,2015,충무공동 77
진주혁신도시대방노블랜드더캐슬아파트,2025-01-21,51000,103.9623,11,2018,충무공동 296
초전해모로루비채4단지,2025-01-11,27000,84.9908,15,2014,초전동 1670
가좌주공1차,2025-01-21,13500,49.94,11,1993,가좌동 660
금산아이파크,2025-01-07,18500,84.17,16,2004,금산면 장사리 965-1
혁신도시엘에이치아파트8단지,2025-01-18,24500,59.97,1,2015,충무공동 300
엠코타운더프라하,2025-01-11,40000,84.9651,26,2014,평거동 1132
한림풀에버,2025-01-21,33000,84.9088,19,2015,충무공동 77
진주혁신코오롱하늘채,2025-01-15,32000,75.99,15,2014,충무공동 230
들말대경,2025-01-09,30000,123.255,3,1998,평거동 190
센트렐웰가,2025-01-31,30000,84.9914,10,2018,가좌동 1981
한림풀에버,2025-01-04,33000,84.9088,20,2015,충무공동 77
진주혁신도시중흥에스-클래스센트럴시티2단지,2025-01-11,45000,99.8723,11,2020,충무공동 293
혁신도시엘에이치아파트8단지,2025-01-24,25500,59.97,12,2015,충무공동 300
가좌주공1차,2025-01-10,14000,49.94,6,1993,가좌동 660
금산흥한골든빌,2025-01-19,13200,73.61,5,2002,금산면 장사리 1000
진주정촌대경파미르,2025-01-17,26000,84.9426,11,2019,정촌면 예하리 1286
혁신도시엘에이치아파트9단지,2025-01-19,26000,59.97,11,2017,충무공동 302
진주혁신도시중흥에스-클래스더퍼스트,2025-01-30,50000,99.9097,19,2020,충무공동 275
진주정촌대경파미르,2025-01-21,23000,66.1957,2,2019,정촌면 예하리 1286
스카이시티프라디움,2025-01-25,31000,84.9898,8,2019,가좌동 1958
스카이시티프라디움,2025-01-25,32000,84.991,9,2019,가좌동 1958
하대주공,2025-01-02,5500,36.2,3,1982,하대동 73-1
가좌주공1차,2025-01-06,9000,38.64,1,1993,가좌동 660
진주강남동일동미라주,2025-01-19,29000,75.998,27,2021,강남동 387
진주혁신도시대방노블랜드더캐슬아파트,2025-01-24,52000,103.3591,13,2018,충무공동 296
혁신도시엘에이치5단지,2025-01-11,33000,84.95,17,2014,충무공동 234
금산흥한골든빌,2025-01-21,7000,48.31,14,2002,금산면 장사리 1000
가좌주공1차,2025-01-22,12000,41.3,11,1993,가좌동 660
금산흥한골든빌,2025-01-15,7300,48.31,14,2002,금산면 장사리 1000
더퀸즈웰가,2025-01-10,31500,75.4984,9,2015,평거동 1130
혁신도시엘에이치아파트8단지,2025-01-18,24500,59.97,1,2015,충무공동 300
더샵진주피에르테,2025-01-22,38000,84.9871,16,2024,초전동 1752
스카이시티프라디움,2025-01-06,35000,84.9898,36,2019,가좌동 1958
진주초전푸르지오2단지,2025-01-24,39000,125.029,23,2010,초전동 1637-1
하대주공,2025-01-07,8900,44.03,5,1982,하대동 73-1
상대주공,2025-01-20,6100,41.52,4,1980,하대동 72
진주센트럴자이,2025-01-12,30000,100.7791,15,2013,상평동 1069
하대주공,2025-01-20,6500,35.64,1,1982,하대동 73-1
혁신도시엘에이치아파트9단지,2025-01-25,25000,59.97,19,2017,충무공동 302
혁신도시엘에이치아파트9단지,2025-01-13,24150,59.97,1,2017,충무공동 302
진주혁신도시라온프라이빗아파트,2025-01-08,36700,84.8922,17,2017,충무공동 195
흥한타운2,2025-01-20,13500,59.935,5,1995,신안동 454-4
금산아이파크,2025-01-21,19000,84.17,11,2004,금산면 장사리 965-1
진주강남동일동미라주,2025-01-24,24000,75.998,26,2021,강남동 387
혁신도시엘에이치아파트8단지,2025-01-24,26500,59.97,7,2015,충무공동 300
진주강남동일동미라주,2025-01-27,32000,84.9806,33,2021,강남동 387
혁신도시엘에이치아파트8단지,2025-01-18,27000,59.97,15,2015,충무공동 300
진주혁신도시라온프라이빗아파트,2025-01-19,39000,84.8922,25,2017,충무공동 195
한림풀에버,2025-01-04,26400,84.9088,9,2015,충무공동 77
진주혁신도시중흥에스-클래스센트럴시티2단지,2025-01-18,49500,117.7407,15,2020,충무공동 293
가좌주공1차,2025-01-24,11000,44.94,15,1993,가좌동 660
신안주공2,2025-01-10,13000,59.8,11,1996,신안동 707-1
포레나신진주,2025-01-24,35000,84.9515,22,2019,가좌동 2056
현대금빛마을,2025-01-03,6000,59.28,4,2000,집현면 봉강리 249
진주혁신코오롱하늘채,2025-01-22,32000,84.95,12,2014,충무공동 230
혁신도시엘에이치아파트8단지,2025-01-28,26000,59.97,17,2015,충무공동 300
혁신도시엘에이치아파트8단지,2025-01-22,26500,59.97,17,2015,충무공동 300
진주초장엠코타운더이스턴파크,2025-01-21,26000,84.977,13,2014,초전동 1669
하대주공,2025-01-31,7500,44.3,4,1982,하대동 73-1
한주럭키타운,2025-01-15,17800,76.58,3,1990,주약동 156
진주초장엠코타운더이스턴파크,2025-01-18,28000,84.977,17,2014,초전동 1669
더샵진주피에르테,2025-01-23,40000,84.9656,18,2024,초전동 1752
혁신도시엘에이치아파트9단지,2025-01-22,28000,59.97,6,2017,충무공동 302
포레나신진주,2025-01-08,34000,84.9543,35,2019,가좌동 2056
상대주공,2025-01-14,5000,40.99,5,1980,하대동 72
포레나신진주,2025-01-24,34000,84.9515,19,2019,가좌동 2056
초전해모로루비채2단지,2025-01-21,27000,84.9671,16,2014,초전동 1667
진주혁신도시라온프라이빗아파트,2025-01-20,37000,84.8922,5,2017,충무공동 195
가좌주공1차,2025-01-24,11300,41.3,7,1993,가좌동 660
진주강남동일동미라주,2025-01-12,33000,84.9806,13,2021,강남동 387
진주혁신도시중흥에스-클래스센트럴시티2단지,2025-01-20,53000,117.7407,28,2020,충무공동 293
엠코타운더프라하,2025-01-22,39500,84.933,5,2014,평거동 1132
진주혁신도시센텀리버파크,2025-01-31,33000,84.88,20,2013,충무공동 191
혁신도시엘에이치5단지,2025-01-24,30000,75.84,11,2014,충무공동 234
진주혁신코오롱하늘채,2025-01-14,33000,84.95,14,2014,충무공동 230
혁신도시엘에이치5단지,2025-01-31,29500,75.84,17,2014,충무공동 234
진주혁신도시중흥에스-클래스센트럴시티3단지,2025-01-31,45000,99.8723,30,2020,충무공동 298
진주혁신도시중흥에스-클래스센트럴시티3단지,2025-01-31,45000,99.8723,30,2020,충무공동 298
진주혁신도시대방노블랜드더캐슬아파트,2025-01-31,52000,103.3591,17,2018,충무공동 296
한림풀에버,2025-01-11,34000,84.9088,1,2015,충무공동 77
현대성우트리팰리스,2025-01-24,20000,106.07,5,2006,주약동 156-1
진주우방아이유쉘,2025-01-17,24500,84.9758,13,2017,정촌면 예하리 1296
현대금빛마을,2025-01-27,7000,84.876,8,2000,집현면 봉강리 249
진주정촌대경파미르,2025-01-31,26000,84.9625,10,2019,정촌면 예하리 1286
진주초장엠코타운더이스턴파크,2025-01-25,33000,101.828,17,2014,초전동 1669
진주센트럴자이,2025-01-31,28000,84.5289,2,2013,상평동 1069
들말한보타운,2025-01-24,25000,84.98,5,1997,평거동 192-1
신진주역세권우미린더시그니처,2025-01-20,36000,84.9888,5,2024,가좌동 1986
진주평거엘크루,2025-01-25,33000,84.9195,5,2016,평거동 919
진주정촌대경파미르,2025-01-26,23000,66.6161,14,2019,정촌면 예하리 1286
스카이시티프라디움,2025-01-25,31000,84.9898,8,2019,가좌동 1958
스카이시티프라디움,2025-01-31,35000,84.9898,19,2019,가좌동 1958
혁신도시엘에이치5단지,2025-01-24,32000,84.95,1,2014,충무공동 234
혁신도시엘에이치아파트8단지,2025-01-24,26000,59.97,25,2015,충무공동 300
진주혁신도시라온프라이빗아파트,2025-01-24,42000,84.8922,17,2017,충무공동 195
진주혁신도시라온프라이빗아파트,2025-01-24,42000,84.8922,18,2017,충무공동 195
진주혁신도시중흥에스-클래스더프라임,2025-01-24,40000,84.9912,8,2019,충무공동 90
망경한보타운,2025-01-21,7000,76.34,1,1997,망경동 253
가좌주공1차,2025-01-24,12000,44.94,15,1993,가좌동 660
들말흥한타운,2025-01-18,17000,59.871,3,1998,평거동 191-1
하대주공,2025-01-24,6000,44.03,3,1982,하대동 73-1
혁신도시엘에이치아파트8단지,2025-01-24,26000,59.96,10,2015,충무공동 300
힐스테이트초전,2025-01-21,33000,84.9196,21,2019,초전동 1665
혁신도시엘에이치아파트9단지,2025-01-23,29000,59.97,15,2017,충무공동 302
혁신도시엘에이치아파트8단지,2025-01-23,22000,59.97,2,2015,충무공동 300
진주혁신도시센텀리버파크,2025-01-09,30000,84.88,13,2013,충무공동 191
진주정촌대경파미르,2025-01-16,25000,84.9426,10,2019,정촌면 예하리 1286
진주혁신도시대방노블랜드더캐슬아파트,2025-01-23,44000,103.3591,13,2018,충무공동 296
초전해모로루비채2단지,2025-01-16,27000,84.9908,9,2014,초전동 1667
초전해모로루비채2단지,2025-01-23,28000,84.9908,14,2014,초전동 1667
진주초장엠코타운더이스턴파크,2025-01-23,26000,73.556,9,2014,초전동 1669
동성가든타워,2025-01-02,10700,59.4,6,1994,강남동 219
주공그린빌,2025-01-23,15000,51.74,1,2005,가좌동 573-1
진주혁신도시센텀리버파크,2025-01-09,30000,84.88,13,2013,충무공동 191
초전해모로루비채4단지,2025-01-20,30000,84.9908,10,2014,초전동 1670
진주정촌대경파미르,2025-01-22,23000,66.1957,6,2019,정촌면 예하리 1286
진주혁신도시센텀리버파크,2025-01-15,20000,75.97,2,2013,충무공동 191
혁신도시엘에이치아파트9단지,2025-01-22,28000,59.97,6,2017,충무공동 302
진주혁신도시중흥에스-클래스센트럴시티3단지,2025-01-22,44000,84.9815,15,2020,충무공동 298
진주혁신도시라온프라이빗아파트,2025-01-22,42000,84.8922,24,2017,충무공동 195
진주혁신도시중흥에스-클래스센트럴시티3단지,2025-01-22,43000,84.9815,6,2020,충무공동 298
진주혁신도시중흥에스-클래스센트럴시티4단지,2025-01-22,43000,84.9815,20,2020,충무공동 295
진주혁신도시대방노블랜드더캐슬아파트,2025-01-11,45000,84.9899,4,2018,충무공동 296
혁신도시엘에이치5단지,2025-01-22,32000,84.95,19,2014,충무공동 234
금산흥한골든빌,2025-01-15,9500,58.12,7,2002,금산면 장사리 1000
혁신도시엘에이치아파트9단지,2025-01-22,28000,59.97,6,2017,충무공동 302
진주혁신도시대방노블랜드더캐슬아파트,2025-01-19,48000,84.9474,13,2018,충무공동 296
혁신도시엘에이치아파트8단지,2025-01-11,24600,59.96,7,2015,충무공동 300
프리미어웰가,2025-01-22,18400,59.9527,6,2021,가좌동 1945
혁신도시엘에이치아파트9단지,2025-01-21,23625,59.97,5,2017,충무공동 302
진주혁신도시라온프라이빗아파트,2025-01-20,40000,84.8922,15,2017,충무공동 195
혁신도시엘에이치5단지,2025-01-11,33000,84.95,7,2014,충무공동 234
혁신도시엘에이치아파트8단지,2025-01-21,26000,59.97,2,2015,충무공동 300
혁신도시엘에이치아파트8단지,2025-01-20,26000,59.97,15,2015,충무공동 300
혁신도시엘에이치아파트8단지,2025-01-17,26500,59.96,20,2015,충무공동 300
혁신도시엘에이치아파트8단지,2025-01-21,26000,59.97,25,2015,충무공동 300
평거주공1차,2025-01-21,9800,39.3,2,1988,평거동 326
진주혁신코오롱하늘채,2025-01-16,35000,84.95,17,2014,충무공동 230
진주초장엠코타운더이스턴파크,2025-01-21,33000,101.5255,7,2014,초전동 1669
진주혁신도시센텀리버파크,2025-01-21,33000,84.95,6,2013,충무공동 191
진주혁신도시중흥에스-클래스센트럴시티2단지,2025-01-08,50000,117.7407,17,2020,충무공동 293
진주정촌대경파미르,2025-01-16,26500,84.9426,5,2019,정촌면 예하리 1286
신안주공3,2025-01-20,14800,59.8,4,1997,신안동 705-1
일진스위트포레강남,2025-01-20,27000,76.8669,21,2021,강남동 141-1
혁신도시엘에이치아파트9단지,2025-01-20,27000,59.97,12,2017,충무공동 302
진주강남동일동미라주,2025-01-18,29000,75.998,15,2021,강남동 387
주공그린빌,2025-01-04,15000,51.74,13,2005,가좌동 573-1
혁신도시엘에이치아파트8단지,2025-01-20,26000,59.97,25,2015,충무공동 300
진주혁신코오롱하늘채,2025-01-20,33000,84.95,15,2014,충무공동 230
한림풀에버,2025-01-20,34000,84.9088,3,2015,충무공동 77
한주타운,2025-01-19,12000,74.95,11,1992,상봉동 1096
가좌주공1차,2025-01-18,12000,41.3,3,1993,가좌동 660
진주혁신도시대방노블랜드더캐슬아파트,2025-01-19,48000,104.8302,16,2018,충무공동 296
혁신도시엘에이치아파트8단지,2025-01-20,26600,59.97,10,2015,충무공동 300
주공그린빌,2025-01-08,14200,51.74,1,2005,가좌동 573-1
힐스테이트초전,2025-01-18,32000,84.9196,20,2019,초전동 1665
스카이시티프라디움,2025-01-17,32000,84.991,4,2019,가좌동 1958
진주강남동일동미라주,2025-01-17,34000,84.9806,23,2021,강남동 387
진주혁신도시중흥에스-클래스더퍼스트,2025-01-19,42000,99.864,12,2020,충무공동 275
혁신도시엘에이치아파트8단지,2025-01-19,25000,59.97,3,2015,충무공동 300
주공그린빌,2025-01-15,17500,59.27,5,2005,가좌동 573-1
진주혁신도시센텀리버파크,2025-01-04,30000,75.54,17,2013,충무공동 191
센트렐웰가,2025-01-17,30000,75.5364,33,2018,가좌동 1981
진주혁신도시센텀리버파크,2025-01-17,35000,84.95,9,2013,충무공동 191
초전해모로루비채4단지,2025-01-15,20000,84.9908,15,2014,초전동 1670
진주혁신도시중흥에스-클래스센트럴시티4단지,2025-01-16,44000,84.9815,22,2020,충무공동 295
금산느티나무,2025-01-12,11475,59.42,8,2003,금산면 장사리 963-1
신진주라비에데시앙,2025-01-11,38000,84.9301,1,2024,가좌동 2092
평거주공1차,2025-01-16,6000,39.3,5,1988,평거동 326
진주혁신도시대방노블랜드더캐슬아파트,2025-01-16,53000,103.9623,20,2018,충무공동 296
이현하이클래스웰가,2025-01-13,22000,75.07,14,2008,이현동 1180
신안주공2,2025-01-16,14000,59.8,6,1996,신안동 707-1
더퀸즈웰가,2025-01-16,27000,58.7908,24,2015,평거동 1130
들말대경,2025-01-16,17000,59.595,8,1998,평거동 190
진주혁신도시중흥에스-클래스센트럴시티3단지,2025-01-16,40000,84.9815,21,2020,충무공동 298
더샵진주피에르테,2025-01-15,34000,84.9656,8,2024,초전동 1752
진주정촌대경파미르,2025-01-16,26500,84.9426,5,2019,정촌면 예하리 1286
혁신도시엘에이치5단지,2025-01-15,32000,84.95,17,2014,충무공동 234
진주혁신도시중흥에스-클래스센트럴시티4단지,2025-01-15,43000,84.9815,9,2020,충무공동 295
혁신도시엘에이치아파트8단지,2025-01-16,26000,59.97,16,2015,충무공동 300
진주혁신도시중흥에스-클래스더프라임,2025-01-15,43000,84.9858,14,2019,충무공동 90
혁신도시엘에이치아파트8단지,2025-01-16,25000,59.97,4,2015,충무공동 300
스카이시티프라디움,2025-01-15,33000,84.9898,34,2019,가좌동 1958
신안주공2,2025-01-14,9000,39.99,13,1996,신안동 707-1
평거현대2,2025-01-15,5000,146.17,6,1994,신안동 454-2
가좌주공1차,2025-01-14,10000,41.3,1,1993,가좌동 660
한림풀에버,2025-01-04,26400,84.9088,9,2015,충무공동 77
더퀸즈웰가,2025-01-01,32000,66.3912,14,2015,평거동 1130
혁신도시엘에이치5단지,2025-01-09,28350,84.95,17,2014,충무공동 234
신진주역세권우미린더시그니처,2025-01-09,39000,84.9888,13,2024,가좌동 1986
진주혁신도시센텀리버파크,2025-01-09,30000,84.88,13,2013,충무공동 191
주공그린빌,2025-01-06,17500,59.27,15,2005,가좌동 573-1
진주혁신도시대방노블랜드더캐슬아파트,2025-01-13,36000,84.9474,6,2018,충무공동 296
금산흥한골든빌,2025-01-08,5200,37.84,5,2002,금산면 장사리 1000
가좌주공1차,2025-01-14,14000,49.94,13,1993,가좌동 660
센트렐웰가,2025-01-14,30000,75.3872,6,2018,가좌동 1981
한주타운,2025-01-14,15000,84.63,13,1992,상봉동 1096
진주혁신도시중흥에스-클래스센트럴시티3단지,2025-01-13,45000,84.9815,20,2020,충무공동 298
진주혁신도시라온프라이빗아파트,2025-01-08,39000,84.8827,18,2017,충무공동 195
대화강변마을,2025-01-09,13000,80.38,8,1998,하대동 308-22
평거휴먼시아3단지,2025-01-06,35000,84.97,5,2011,평거동 897
진주혁신도시중흥에스-클래스더프라임,2025-01-11,33600,84.9858,18,2019,충무공동 90
혁신도시엘에이치아파트9단지,2025-01-10,28000,59.97,11,2017,충무공동 302
혁신도시엘에이치5단지,2025-01-13,32000,84.95,4,2014,충무공동 234
진주정촌대경파미르,2025-01-13,25000,84.9426,20,2019,정촌면 예하리 1286
들말대경,2025-01-12,19500,76.23,6,1998,평거동 190
혁신도시엘에이치5단지,2025-01-11,33000,84.95,17,2014,충무공동 234
센트렐웰가,2025-01-11,27000,84.9914,1,2018,가좌동 1981
이현하이클래스웰가,2025-01-13,22000,75.07,14,2008,이현동 1180
진주정촌대경파미르,2025-01-12,23000,66.6161,9,2019,정촌면 예하리 1286
진주초장엠코타운더이스턴파크,2025-01-10,27500,73.556,20,2014,초전동 1669
진주정촌대경파미르,2025-01-11,25000,84.9625,1,2019,정촌면 예하리 1286
가좌주공1차,2025-01-03,11500,41.3,10,1993,가좌동 660
대림,2025-01-02,8500,59.91,1,1995,초전동 702-22
진주혁신도시중흥에스-클래스센트럴시티4단지,2025-01-08,44500,99.8146,22,2020,충무공동 295
스카이시티프라디움,2025-01-10,34000,84.9898,8,2019,가좌동 1958
금산흥한골든빌,2025-01-09,5300,37.84,15,2002,금산면 장사리 1000
진주혁신도시중흥에스-클래스센트럴시티2단지,2025-01-09,42000,84.9815,13,2020,충무공동 293
주공그린빌,2025-01-08,17000,59.27,11,2005,가좌동 573-1
진주혁신코오롱하늘채,2025-01-09,30000,75.99,5,2014,충무공동 230
힐스테이트초전,2025-01-08,30000,84.9196,2,2019,초전동 1665
혁신도시엘에이치아파트8단지,2025-01-09,25000,59.97,5,2015,충무공동 300
진주정촌대경파미르,2025-01-08,24000,76.253,12,2019,정촌면 예하리 1286
진주혁신도시센텀리버파크,2025-01-09,27300,84.88,9,2013,충무공동 191
주공그린빌,2025-01-04,17700,59.27,13,2005,가좌동 573-1
초전해모로루비채2단지,2025-01-08,26500,84.9908,7,2014,초전동 1667
진주강남동일동미라주,2025-01-08,28000,75.998,18,2021,강남동 387
진주초전푸르지오1단지,2025-01-08,39000,134.68,8,2009,초전동 1640-1
진주정촌대경파미르,2025-01-07,25500,84.9426,10,2019,정촌면 예하리 1286
신안주공2,2025-01-06,14500,59.8,6,1996,신안동 707-1
진주혁신코오롱하늘채,2025-01-08,33000,84.95,7,2014,충무공동 230
혁신도시엘에이치아파트9단지,2025-01-03,26000,59.97,14,2017,충무공동 302
진주정촌대경파미르,2025-01-08,27000,84.9625,18,2019,정촌면 예하리 1286
혁신도시엘에이치아파트8단지,2025-01-08,25500,59.97,5,2015,충무공동 300
가좌주공1차,2025-01-07,13000,49.94,15,1993,가좌동 660
경남빌라,2025-01-07,6600,156.63,2,1992,칠암동 518-6
진주우방아이유쉘,2025-01-08,25000,84.9578,3,2017,정촌면 예하리 1296
혁신도시엘에이치아파트8단지,2025-01-07,26000,59.96,7,2015,충무공동 300
진주혁신도시센텀리버파크,2025-01-07,32000,84.95,12,2013,충무공동 191
스카이시티프라디움,2025-01-07,42000,84.9818,39,2019,가좌동 1958
가좌주공1차,2025-01-06,14000,49.94,11,1993,가좌동 660
더퀸즈웰가,2025-01-03,32000,75.4984,17,2015,평거동 1130
진흥더루벤스,2025-01-06,20500,84.9865,1,2009,금산면 중천리 330
혁신도시엘에이치아파트9단지,2025-01-06,28000,59.97,24,2017,충무공동 302
현대,2025-01-05,9500,84.99,9,1991,상대동 472
진주혁신도시중흥에스-클래스센트럴시티4단지,2025-01-06,45000,99.8723,29,2020,충무공동 295
현대,2025-01-05,9500,84.99,9,1991,상대동 472
엠코타운더프라하,2025-01-04,39500,84.933,23,2014,평거동 1132
진주혁신도시대방노블랜드더캐슬아파트,2025-01-06,52000,104.8302,10,2018,충무공동 296
진주우방아이유쉘,2025-01-03,25000,84.9578,3,2017,정촌면 예하리 1296
진주혁신코오롱하늘채,2025-01-04,32000,75.99,3,2014,충무공동 230
진주혁신도시중흥에스-클래스더프라임,2025-01-03,40000,84.9912,5,2019,충무공동 90
진주혁신도시센텀리버파크,2025-01-03,30000,75.76,12,2013,충무공동 191
한주럭키타운,2025-01-03,19000,84.81,3,1990,주약동 156
진주혁신도시대방노블랜드더캐슬아파트,2025-01-03,49000,103.9623,10,2018,충무공동 296
진주포레스트부영,2025-01-02,17332,59.9925,9,2020,충무공동 145
혁신도시엘에이치아파트9단지,2025-01-03,26000,59.97,14,2017,충무공동 302
진주정촌대경파미르,2025-01-03,26000,84.9426,17,2019,정촌면 예하리 1286
신안주공3,2025-01-02,14800,59.8,6,1997,신안동 705-1
들말대경,2025-01-02,16000,59.595,12,1998,평거동 190
혁신도시엘에이치아파트8단지,2025-01-02,25000,59.97,17,2015,충무공동 300
진주문산파란채,2025-01-01,18500,84.9015,13,2010,문산읍 삼곡리 1224
신안주공2,2025-02-15,14100,59.8,9,1996,신안동 707-1
진주문산코아루,2025-02-17,28000,114.9123,7,2010,문산읍 소문리 2421
진주혁신도시라온프라이빗아파트,2025-02-26,40000,84.9087,11,2017,충무공동 195
프리미어웰가,2025-02-24,18400,59.9964,11,2021,가좌동 1945
한림풀에버,2025-02-23,34000,84.9088,13,2015,충무공동 77
새진주맨션,2025-02-21,8000,66.6,4,1986,상대동 772-1
한보은빛마을,2025-02-04,23000,109.17,4,2002,주약동 360-2
우신파크맨션,2025-02-13,5700,74.34,1,1992,이현동 270
금산아이파크,2025-02-08,18500,84.17,8,2004,금산면 장사리 965-1
시티프라디움,2025-02-01,27000,84.9909,17,2020,가좌동 2058
주공그린빌,2025-02-15,17100,59.27,13,2005,가좌동 573-1
진주포레스트부영,2025-02-07,17332,59.9925,15,2020,충무공동 145
금호석류,2025-02-15,23000,84.87,7,1999,주약동 407-1
엠코타운더프라하,2025-02-20,40000,84.9651,20,2014,평거동 1132
진주혁신도시중흥에스-클래스더퍼스트,2025-02-19,43000,99.864,19,2020,충무공동 275
진주혁신도시중흥에스-클래스더퍼스트,2025-02-19,43000,99.864,19,2020,충무공동 275
진주혁신도시중흥에스-클래스더퍼스트,2025-02-19,43000,99.864,19,2020,충무공동 275
진주혁신도시중흥에스-클래스더퍼스트,2025-02-19,43000,99.864,19,2020,충무공동 275
진주혁신도시중흥에스-클래스센트럴시티3단지,2025-02-26,45000,99.8146,22,2020,충무공동 298
더퀸즈웰가,2025-02-14,33000,84.7157,25,2015,평거동 1130
신안주공2,2025-02-15,14100,59.8,9,1996,신안동 707-1
진주푸르지오2단지,2025-02-07,20000,84.9726,7,2007,금산면 장사리 964-1
스카이시티프라디움,2025-02-14,32000,84.9818,8,2019,가좌동 1958
스카이시티프라디움,2025-02-14,32000,84.9818,8,2019,가좌동 1958
스카이시티프라디움,2025-02-14,32000,84.9818,8,2019,가좌동 1958
주공그린빌,2025-02-09,12600,51.74,6,2005,가좌동 573-1
센트렐웰가,2025-02-08,31500,84.9222,7,2018,가좌동 1981
프리미어웰가,2025-02-25,18400,59.9527,1,2021,가좌동 1945
더샵진주피에르테,2025-02-13,37000,84.9656,9,2024,초전동 1752
이지더원,2025-02-17,25000,84.9614,2,2018,초전동 1673
진주혁신도시중흥에스-클래스더프라임,2025-02-17,40000,97.7268,10,2019,충무공동 90
대경강남타운,2025-02-22,19000,94.68,1,1997,강남동 233
진주혁신도시중흥에스-클래스센트럴시티2단지,2025-02-18,44000,117.7407,26,2020,충무공동 293
평거주공1차,2025-02-15,8000,46.68,2,1988,평거동 326
하대주공,2025-02-25,6900,36.2,3,1982,하대동 73-1
대경,2025-02-26,22000,83.304,4,2000,호탄동 602-1
가좌주공1차,2025-02-19,11500,41.3,6,1993,가좌동 660
금호석류,2025-02-04,21000,84.87,17,1999,주약동 407-1
진주포레스트부영,2025-02-26,17332,59.9885,6,2020,충무공동 145
한림풀에버,2025-02-23,34000,84.9088,13,2015,충무공동 77
진주초전푸르지오2단지,2025-02-04,43000,125.029,3,2010,초전동 1637-1
진주혁신도시중흥에스-클래스센트럴시티2단지,2025-02-22,51000,117.7407,25,2020,충무공동 293
일진스위트포레강남,2025-02-22,26200,76.8669,21,2021,강남동 141-1
한림풀에버,2025-02-25,35000,84.9088,19,2015,충무공동 77
혁신도시엘에이치아파트9단지,2025-02-19,29000,59.97,5,2017,충무공동 302
가좌주공1차,2025-02-02,14000,49.94,13,1993,가좌동 660
하대주공,2025-02-24,7500,44.03,1,1982,하대동 73-1
진주혁신도시중흥에스-클래스센트럴시티2단지,2025-02-22,51000,117.7407,25,2020,충무공동 293
진주혁신코오롱하늘채,2025-02-23,33000,84.95,2,2014,충무공동 230
삼호그린맨션,2025-02-18,11000,77.69,9,1992,망경동 45-4
진주혁신코오롱하늘채,2025-02-28,33000,84.95,7,2014,충무공동 230
삼호그린맨션,2025-02-18,11000,77.69,9,1992,망경동 45-4
라미,2025-02-16,6000,35.6478,3,2004,봉곡동 478-6
금호석류,2025-02-15,23000,84.87,7,1999,주약동 407-1
가좌주공2차,2025-02-28,10000,38.64,13,1993,가좌동 660
들말한보타운,2025-02-21,24000,84.98,3,1997,평거동 192-1
진주혁신도시중흥에스-클래스더퍼스트,2025-02-21,32000,99.864,14,2020,충무공동 275
프리미어웰가,2025-02-27,18400,59.9964,13,2021,가좌동 1945
진주혁신도시중흥에스-클래스센트럴시티2단지,2025-02-12,45000,84.9815,30,2020,충무공동 293
하대주공,2025-02-26,6000,36.2,4,1982,하대동 73-1
신안주공1,2025-02-24,21000,84.98,4,1998,신안동 708-1
진주혁신코오롱하늘채,2025-02-24,33000,84.95,20,2014,충무공동 230
혁신도시엘에이치5단지,2025-02-25,32000,84.95,10,2014,충무공동 234
진주혁신도시대방노블랜드더캐슬아파트,2025-02-20,48000,84.9899,19,2018,충무공동 296
더샵진주피에르테,2025-02-19,36000,84.9656,28,2024,초전동 1752
대경아르떼빌,2025-02-21,9000,38.09,2,2002,호탄동 620-1
대경,2025-02-20,19000,83.304,15,2000,호탄동 602-1
혁신도시엘에이치5단지,2025-02-24,33000,84.95,9,2014,충무공동 234
혁신도시엘에이치아파트8단지,2025-02-24,26000,59.97,19,2015,충무공동 300
진주혁신도시중흥에스-클래스센트럴시티3단지,2025-02-18,44000,84.8046,8,2020,충무공동 298
혁신도시엘에이치아파트9단지,2025-02-25,12000,59.97,9,2017,충무공동 302
혁신도시엘에이치아파트8단지,2025-02-15,26000,59.97,12,2015,충무공동 300
한주럭키타운,2025-02-11,18000,76.58,4,1990,주약동 156
진주혁신도시라온프라이빗아파트,2025-02-25,43000,84.8922,18,2017,충무공동 195
진주혁신도시중흥에스-클래스센트럴시티2단지,2025-02-27,43000,84.9815,29,2020,충무공동 293
진주혁신도시라온프라이빗아파트,2025-02-24,42000,84.8827,1,2017,충무공동 195
진주혁신도시라온프라이빗아파트,2025-02-26,43000,84.8922,14,2017,충무공동 195
진주혁신코오롱하늘채,2025-02-26,33000,84.95,15,2014,충무공동 230
현대금빛마을,2025-02-19,10000,84.876,2,2000,집현면 봉강리 249
초전해모로루비채4단지,2025-02-26,31500,100.8994,2,2014,초전동 1670
진주정촌대경파미르,2025-02-26,24000,84.9625,2,2019,정촌면 예하리 1286
하대주공,2025-02-12,8000,44.03,1,1982,하대동 73-1
금산흥한골든빌,2025-02-15,11500,58.12,12,2002,금산면 장사리 1000
하대주공,2025-02-08,5500,36.2,2,1982,하대동 73-1
진주우방아이유쉘,2025-02-27,24000,84.9578,9,2017,정촌면 예하리 1296
진주혁신코오롱하늘채,2025-02-22,25200,84.95,2,2014,충무공동 230
더샵진주피에르테,2025-02-16,60000,124.0244,15,2024,초전동 1752
진주혁신도시중흥에스-클래스더퍼스트,2025-02-20,51000,99.864,20,2020,충무공동 275
신안주공3,2025-02-10,9000,39.99,9,1997,신안동 705-1
평거주공1차,2025-02-20,10000,39.69,1,1988,평거동 326
진주정촌대경파미르,2025-02-26,24000,84.9625,2,2019,정촌면 예하리 1286
하대주공,2025-02-17,5000,36.2,3,1982,하대동 73-1
한보은빛마을,2025-02-04,23000,109.17,4,2002,주약동 360-2
대동디지털황토,2025-02-04,23500,84.8805,9,2003,호탄동 579-1
신안주공1,2025-02-15,23000,84.98,8,1998,신안동 708-1
한주럭키타운,2025-02-26,20000,84.81,13,1990,주약동 156
금산흥한골든빌,2025-02-10,14000,84.88,2,2002,금산면 장사리 1000
시티프라디움,2025-02-08,33000,84.9941,18,2020,가좌동 2058
더샵진주피에르테,2025-02-04,37000,84.9871,16,2024,초전동 1752
일진스위트포레강남,2025-02-21,22000,58.9514,16,2021,강남동 141-1
진주강남동일동미라주,2025-02-28,28000,84.9806,9,2021,강남동 387
진주혁신도시센텀리버파크,2025-02-26,35000,84.95,12,2013,충무공동 191
가좌주공2차,2025-02-22,11500,44.94,4,1993,가좌동 660
혁신도시엘에이치5단지,2025-02-25,32000,84.95,17,2014,충무공동 234
혁신도시엘에이치아파트8단지,2025-02-19,26400,59.97,9,2015,충무공동 300
진주문산코아루,2025-02-28,28000,114.9123,7,2010,문산읍 소문리 2421
혁신도시엘에이치아파트8단지,2025-02-28,26300,59.97,11,2015,충무공동 300
평거휴먼시아4단지,2025-02-25,24000,84.99,1,2011,평거동 797
혁신도시엘에이치5단지,2025-02-13,32000,84.95,5,2014,충무공동 234
진주혁신코오롱하늘채,2025-02-07,34000,84.95,10,2014,충무공동 230
청구타운,2025-02-27,12700,59.99,6,1997,초전동 1431-3
진주평거엘크루,2025-02-28,34000,72.6786,12,2016,평거동 919
진주혁신코오롱하늘채,2025-02-19,32000,84.95,11,2014,충무공동 230
진주초장엠코타운더이스턴파크,2025-02-25,31000,84.977,11,2014,초전동 1669
현대금빛마을,2025-02-19,10000,84.876,2,2000,집현면 봉강리 249
진주혁신도시중흥에스-클래스더퍼스트,2025-02-28,47000,99.9097,10,2020,충무공동 275
더샵진주피에르테,2025-02-22,34000,84.9871,1,2024,초전동 1752
이지더원,2025-02-28,43000,113.588,19,2018,초전동 1673
평거주공1차,2025-02-27,9700,46.68,4,1988,평거동 326
들말대경,2025-02-11,18000,76.23,2,1998,평거동 190
미르젠,2025-02-18,10000,54.09,2,2017,하대동 637
진주평거엘크루,2025-02-25,32000,72.6786,5,2016,평거동 919
프리미어웰가,2025-02-27,18400,59.9527,21,2021,가좌동 1945
하대주공,2025-02-08,4000,35.64,2,1982,하대동 73-1
휴앤인엘리시움,2025-02-05,35000,84.7831,26,2019,충무공동 134
가호에일린의뜰,2025-02-28,28000,77.8216,16,2012,가좌동 1936
진주혁신도시중흥에스-클래스더퍼스트,2025-02-26,52000,99.864,7,2020,충무공동 275
엠코타운더프라하,2025-02-25,31000,66.5175,8,2014,평거동 1132
진주정촌대경파미르,2025-02-13,17000,84.9426,8,2019,정촌면 예하리 1286
대경아르떼빌,2025-02-08,7600,31.02,7,2002,호탄동 620-1
진주혁신코오롱하늘채,2025-02-27,20000,84.95,2,2014,충무공동 230
현대,2025-02-07,18000,84.955,2,1997,초전동 805
신안주공2,2025-02-27,14000,59.8,13,1996,신안동 707-1
초전해모로루비채2단지,2025-02-11,27000,84.9908,19,2014,초전동 1667
들말한보타운,2025-02-27,25000,84.98,2,1997,평거동 192-1
삼호그린맨션,2025-02-18,13000,77.69,9,1992,망경동 45-4
현대,2025-02-07,18000,84.955,2,1997,초전동 805
힐스테이트초전,2025-02-26,33000,84.9196,3,2019,초전동 1665
한보,2025-02-25,12100,84.98,12,1994,유곡동 72-1
진주혁신도시센텀리버파크,2025-02-08,28000,84.88,2,2013,충무공동 191
진주혁신도시센텀리버파크,2025-02-08,28000,84.88,2,2013,충무공동 191
더샵진주피에르테,2025-02-26,37000,84.9656,3,2024,초전동 1752
주공그린빌,2025-02-25,18000,59.27,3,2005,가좌동 573-1
진주혁신코오롱하늘채,2025-02-07,33000,84.95,10,2014,충무공동 230
혁신도시엘에이치아파트9단지,2025-02-12,27000,59.97,22,2017,충무공동 302
주공그린빌,2025-02-25,14985,51.74,12,2005,가좌동 573-1
진주초전푸르지오1단지,2025-02-26,37000,134.68,12,2009,초전동 1640-1
신안주공3,2025-02-22,16000,59.8,10,1997,신안동 705-1
더샵진주피에르테,2025-02-21,49000,101.9678,25,2024,초전동 1752
스카이시티프라디움,2025-02-14,32000,84.9818,8,2019,가좌동 1958
혁신도시엘에이치아파트9단지,2025-02-03,27500,59.97,15,2017,충무공동 302
더퀸즈웰가,2025-02-24,33600,84.7157,13,2015,평거동 1130
진주우방아이유쉘,2025-02-24,24000,84.9758,20,2017,정촌면 예하리 1296
진주정촌대경파미르,2025-02-24,24000,84.9625,2,2019,정촌면 예하리 1286
한보하이타운,2025-02-24,8000,55.01,21,1995,평거동 301-1
진주혁신도시중흥에스-클래스더프라임,2025-02-02,50000,110.6238,12,2019,충무공동 90
프리미어웰가,2025-02-25,18400,59.9527,4,2021,가좌동 1945
한림풀에버,2025-02-06,30000,67.3717,2,2015,충무공동 77
진주혁신도시라온프라이빗아파트,2025-02-12,42000,84.8827,19,2017,충무공동 195
일진스위트포레강남,2025-02-22,26200,76.8669,21,2021,강남동 141-1
진주혁신도시중흥에스-클래스더프라임,2025-02-01,40000,84.9912,6,2019,충무공동 90
신안주공3,2025-02-22,15000,59.8,9,1997,신안동 705-1
진주혁신도시센텀리버파크,2025-02-14,29000,84.95,1,2013,충무공동 191
가좌주공2차,2025-02-08,10300,38.64,3,1993,가좌동 660
진주평거엘크루,2025-02-22,36000,84.9195,3,2016,평거동 919
진주포레스트부영,2025-02-24,17332,59.9925,18,2020,충무공동 145
진주정촌대경파미르,2025-02-23,25000,84.9426,7,2019,정촌면 예하리 1286
스카이시티프라디움,2025-02-21,30000,84.991,34,2019,가좌동 1958
스카이시티프라디움,2025-02-09,33000,84.991,37,2019,가좌동 1958
한림풀에버,2025-02-07,32000,84.9088,2,2015,충무공동 77
더샵진주피에르테,2025-02-04,50000,101.9678,25,2024,초전동 1752
진주초장엠코타운더이스턴파크,2025-02-21,26000,73.556,13,2014,초전동 1669
가좌주공1차,2025-02-06,11000,41.3,8,1993,가좌동 660
진주혁신코오롱하늘채,2025-02-19,33000,84.95,11,2014,충무공동 230
엠코타운더프라하,2025-02-20,40000,84.9651,20,2014,평거동 1132
진주혁신도시중흥에스-클래스더프라임,2025-02-01,40000,84.9912,6,2019,충무공동 90
진주혁신도시대방노블랜드더캐슬아파트,2025-02-19,55000,103.3591,4,2018,충무공동 296
힐스테이트초전,2025-02-16,33000,84.9196,4,2019,초전동 1665
촉석맨션,2025-02-17,7000,52.46,5,1980,상평동 219-91
진주강남동일동미라주,2025-02-12,28000,75.998,30,2021,강남동 387
주공그린빌,2025-02-08,17500,59.27,4,2005,가좌동 573-1
센트렐웰가,2025-02-15,30400,84.9222,16,2018,가좌동 1981
프리미어웰가,2025-02-05,18400,59.9527,2,2021,가좌동 1945
금호석류,2025-02-16,23000,84.87,10,1999,주약동 407-1
힐스테이트초전,2025-02-14,28350,84.9196,32,2019,초전동 1665
진주포레스트부영,2025-02-03,17332,59.9925,8,2020,충무공동 145
진주혁신도시대방노블랜드더캐슬아파트,2025-02-17,48000,84.9899,18,2018,충무공동 296
혁신도시엘에이치아파트8단지,2025-02-18,26000,59.97,11,2015,충무공동 300
힐스테이트초전,2025-02-18,32000,84.9196,11,2019,초전동 1665
진주혁신도시중흥에스-클래스센트럴시티4단지,2025-02-03,40000,99.8723,16,2020,충무공동 295
들말한보타운,2025-02-14,17500,59.8,11,1997,평거동 192-1
주공그린빌,2025-02-15,17100,59.27,13,2005,가좌동 573-1
진주정촌대경파미르,2025-02-17,23000,66.6161,8,2019,정촌면 예하리 1286
진주혁신도시중흥에스-클래스더프라임,2025-02-15,35700,84.9858,24,2019,충무공동 90
진주혁신도시라온프라이빗아파트,2025-02-15,40000,84.9087,11,2017,충무공동 195
진주푸르지오2단지,2025-02-07,20000,84.9726,7,2007,금산면 장사리 964-1
들말한보타운,2025-02-15,30000,120.66,14,1997,평거동 192-1
진주혁신도시센텀리버파크,2025-02-05,36000,84.95,20,2013,충무공동 191
현대,2025-02-14,12000,59.89,18,1996,하대동 101
진주혁신도시중흥에스-클래스센트럴시티4단지,2025-02-11,32550,84.9815,21,2020,충무공동 295
엠코타운더프라하,2025-02-15,34500,84.9651,17,2014,평거동 1132
스카이시티프라디움,2025-02-15,35000,84.9898,12,2019,가좌동 1958
더퀸즈웰가,2025-02-16,27300,58.4018,12,2015,평거동 1130
진주정촌대경파미르,2025-02-16,23000,84.9426,2,2019,정촌면 예하리 1286
평거휴먼시아4단지,2025-02-14,27000,84.95,3,2011,평거동 797
진주정촌대경파미르,2025-02-15,24000,84.9426,12,2019,정촌면 예하리 1286
진주혁신코오롱하늘채,2025-02-05,25000,84.95,7,2014,충무공동 230
센트렐웰가,2025-02-15,30400,84.9222,16,2018,가좌동 1981
센트렐웰가,2025-02-12,35000,84.9914,5,2018,가좌동 1981
더샵진주피에르테,2025-02-16,36500,84.9871,10,2024,초전동 1752
진주혁신도시라온프라이빗아파트,2025-02-05,36000,79.0385,22,2017,충무공동 195
혁신도시엘에이치아파트8단지,2025-02-11,27500,59.96,7,2015,충무공동 300
초전해모로루비채4단지,2025-02-12,28000,84.9908,1,2014,초전동 1670
신진주라비에데시앙,2025-02-14,37000,84.9301,3,2024,가좌동 2092
신안주공1,2025-02-14,21000,84.98,7,1998,신안동 708-1
이현하이클래스웰가,2025-02-06,26000,84.78,10,2008,이현동 1180
들말대경,2025-02-11,18000,76.23,2,1998,평거동 190
진주정촌대경파미르,2025-02-14,18000,66.6161,8,2019,정촌면 예하리 1286
진주정촌대경파미르,2025-02-05,24150,84.9426,13,2019,정촌면 예하리 1286
신안주공2,2025-02-10,13800,59.8,4,1996,신안동 707-1
진주혁신도시중흥에스-클래스더프라임,2025-02-13,40000,84.9912,6,2019,충무공동 90
더샵진주피에르테,2025-02-13,36000,84.9656,28,2024,초전동 1752
가좌주공1차,2025-02-13,14000,49.94,13,1993,가좌동 660
프리미어웰가,2025-02-13,18400,59.9964,9,2021,가좌동 1945
진주혁신도시센텀리버파크,2025-02-13,36500,84.95,6,2013,충무공동 191
진주정촌대경파미르,2025-02-12,19000,66.1957,2,2019,정촌면 예하리 1286
진주혁신도시중흥에스-클래스센트럴시티4단지,2025-02-11,31500,84.8046,20,2020,충무공동 295
이지더원,2025-02-11,31000,73.2086,9,2018,초전동 1673
신안주공3,2025-02-12,13700,59.8,1,1997,신안동 705-1
엠코타운더프라하,2025-02-11,40000,118.6034,21,2014,평거동 1132
금산e편한세상,2025-02-06,17500,84.9746,4,2008,금산면 장사리 768
더샵진주피에르테,2025-02-10,36000,84.9656,11,2024,초전동 1752
평거주공1차,2025-02-06,9500,39.3,3,1988,평거동 326
금산아이파크,2025-02-08,18000,84.17,3,2004,금산면 장사리 965-1
진주혁신도시라온프라이빗아파트,2025-02-10,29400,79.0385,21,2017,충무공동 195
평거주공1차,2025-02-05,8100,39.3,3,1988,평거동 326
평거휴먼시아4단지,2025-02-08,27000,84.91,3,2011,평거동 797
동국강변타워1,2025-02-04,7500,80.82,7,1991,상평동 227
현대,2025-02-08,17000,84.93,22,1996,하대동 101
더퀸즈웰가,2025-02-07,26000,58.7908,10,2015,평거동 1130
센트렐웰가,2025-02-07,35000,84.9222,31,2018,가좌동 1981
힐스테이트초전,2025-02-07,35000,84.9351,11,2019,초전동 1665
혁신도시엘에이치아파트9단지,2025-02-08,28000,59.97,22,2017,충무공동 302
진주혁신도시센텀리버파크,2025-02-08,28350,84.88,11,2013,충무공동 191
스카이시티프라디움,2025-02-09,33000,84.991,37,2019,가좌동 1958
진주정촌대경파미르,2025-02-07,23000,84.9426,11,2019,정촌면 예하리 1286
동성가든타워,2025-02-03,9500,59.4,15,1994,강남동 219
가좌주공1차,2025-02-02,11500,41.3,14,1993,가좌동 660
진주정촌대경파미르,2025-02-07,24000,84.9426,2,2019,정촌면 예하리 1286
혁신도시엘에이치아파트9단지,2025-02-07,28800,59.97,15,2017,충무공동 302
더퀸즈웰가,2025-02-07,29400,66.3912,20,2015,평거동 1130
건영아모리움,2025-02-07,26000,74.7821,23,2017,평거동 141
하대주공,2025-02-01,5000,35.64,1,1982,하대동 73-1
진주초전푸르지오1단지,2025-02-07,33000,101.977,18,2009,초전동 1640-1
진주혁신코오롱하늘채,2025-02-06,26250,84.95,12,2014,충무공동 230
진주혁신도시중흥에스-클래스센트럴시티3단지,2025-02-06,42000,84.8046,24,2020,충무공동 298
혁신도시엘에이치아파트9단지,2025-02-06,28000,59.97,24,2017,충무공동 302
진주혁신도시중흥에스-클래스더프라임,2025-02-01,35700,97.7268,10,2019,충무공동 90
대경아르떼빌,2025-02-05,10500,38.09,6,2002,호탄동 620-1
진주혁신도시센텀리버파크,2025-02-05,33000,84.95,11,2013,충무공동 191
현대,2025-02-04,20000,84.96,1,2000,주약동 360
현대성우트리팰리스,2025-02-03,25000,134.53,8,2006,주약동 156-1
더샵진주피에르테,2025-02-02,32000,74.9969,5,2024,초전동 1752
프리미어웰가,2025-02-05,18400,59.9527,16,2021,가좌동 1945
진주초장엠코타운더이스턴파크,2025-02-05,31000,101.828,13,2014,초전동 1669
진주초장엠코타운더이스턴파크,2025-02-04,30000,84.9915,24,2014,초전동 1669
진주혁신도시센텀리버파크,2025-02-04,33000,84.88,2,2013,충무공동 191
더샵진주피에르테,2025-02-04,50000,101.9678,25,2024,초전동 1752
신안주공2,2025-02-04,14000,59.8,10,1996,신안동 707-1
센트렐웰가,2025-02-04,29000,84.8133,7,2018,가좌동 1981
진주평거우방아이유쉘스카이팰리스,2025-02-01,31500,84.0198,9,2019,평거동 1137
진주혁신도시중흥에스-클래스더프라임,2025-02-02,50000,110.6238,12,2019,충무공동 90
동성가든타워,2025-02-03,9500,59.4,15,1994,강남동 219
진주초전푸르지오2단지,2025-02-01,16000,101.977,18,2010,초전동 1637-1
초전해모로루비채4단지,2025-02-03,29000,84.9671,28,2014,초전동 1670
진주평거엘크루,2025-02-01,29400,84.9624,11,2016,평거동 919
더샵진주피에르테,2025-02-02,34000,84.9871,10,2024,초전동 1752
포레나신진주,2025-02-02,35000,84.9543,34,2019,가좌동 2056
현대,2025-03-08,16500,84.55,13,1989,신안동 20
하대주공,2025-03-04,3000,36.2,2,1982,하대동 73-1
스카이시티프라디움,2025-03-08,35000,84.9898,38,2019,가좌동 1958
한림풀에버,2025-03-22,36000,84.9088,22,2015,충무공동 77
상대주공,2025-03-19,5000,41.55,3,1980,하대동 72
진주혁신코오롱하늘채,2025-03-01,19670,84.95,4,2014,충무공동 230
가좌주공1차,2025-03-20,9000,38.64,13,1993,가좌동 660
진주혁신도시대방노블랜드더캐슬아파트,2025-03-21,40000,84.9899,12,2018,충무공동 296
진주혁신도시중흥에스-클래스센트럴시티2단지,2025-03-06,31500,84.9815,23,2020,충무공동 293
한림풀에버,2025-03-07,34000,84.9644,22,2015,충무공동 77
두산위브,2025-03-25,10000,84.991,13,2009,금산면 장사리 705
진주혁신도시중흥에스-클래스더퍼스트,2025-03-17,50500,99.864,17,2020,충무공동 275
더샵진주피에르테,2025-03-29,37000,84.9871,20,2024,초전동 1752
진주정촌대경파미르,2025-03-31,25200,84.9625,15,2019,정촌면 예하리 1286
동일스위트,2025-03-06,22000,84.9164,14,2008,상평동 1068-1
혁신도시엘에이치아파트9단지,2025-03-21,29000,59.97,24,2017,충무공동 302
현대성우트리팰리스,2025-03-05,20000,106.07,15,2006,주약동 156-1
아르피오빌,2025-03-13,7000,58.55,6,2004,봉곡동 474-37
혁신도시엘에이치아파트9단지,2025-03-14,29000,59.97,9,2017,충무공동 302
한주럭키타운,2025-03-31,18000,84.81,1,1990,주약동 156
진주정촌대경파미르,2025-03-21,25000,84.9426,9,2019,정촌면 예하리 1286
진주우방아이유쉘,2025-03-26,25000,84.9578,6,2017,정촌면 예하리 1296
혁신도시엘에이치아파트8단지,2025-03-18,26400,59.97,3,2015,충무공동 300
진주정촌대경파미르,2025-03-09,22000,66.1957,2,2019,정촌면 예하리 1286
혁신도시엘에이치아파트9단지,2025-03-13,28000,59.97,21,2017,충무공동 302
진주혁신코오롱하늘채,2025-03-09,31000,75.84,15,2014,충무공동 230
한주럭키타운,2025-03-20,16000,76.58,12,1990,주약동 156
가좌주공1차,2025-03-21,11000,41.3,4,1993,가좌동 660
진주혁신도시대방노블랜드더캐슬아파트,2025-03-26,39900,84.9899,7,2018,충무공동 296
진주혁신코오롱하늘채,2025-03-31,34000,84.95,15,2014,충무공동 230
진주우방아이유쉘,2025-03-28,24000,84.9578,6,2017,정촌면 예하리 1296
진주혁신도시중흥에스-클래스센트럴시티4단지,2025-03-27,44000,84.8046,4,2020,충무공동 295
진주혁신도시센텀리버파크,2025-03-24,35000,84.88,3,2013,충무공동 191
혁신도시엘에이치아파트8단지,2025-03-21,26000,59.97,10,2015,충무공동 300
진주혁신코오롱하늘채,2025-03-18,34000,84.95,16,2014,충무공동 230
상대주공,2025-03-11,5000,42.12,1,1980,하대동 72
더샵진주피에르테,2025-03-07,38000,84.9871,25,2024,초전동 1752
진주우방아이유쉘,2025-03-06,18890,84.9578,10,2017,정촌면 예하리 1296
더샵진주피에르테,2025-03-03,37000,84.9871,22,2024,초전동 1752
진주혁신도시중흥에스-클래스더프라임,2025-03-27,41000,84.9858,19,2019,충무공동 90
평거주공1차,2025-03-02,8000,39.3,3,1988,평거동 326
스카이시티프라디움,2025-03-27,34000,84.9818,21,2019,가좌동 1958
신진주역세권우미린더시그니처,2025-03-10,40000,84.986,4,2024,가좌동 1986
혁신도시엘에이치아파트9단지,2025-03-31,28000,59.97,24,2017,충무공동 302
스카이시티프라디움,2025-03-27,35000,84.9898,25,2019,가좌동 1958
포레나신진주,2025-03-17,35000,84.9515,34,2019,가좌동 2056
한주럭키타운,2025-03-31,18000,84.81,1,1990,주약동 156
포레나신진주,2025-03-14,34500,84.9515,34,2019,가좌동 2056
신안주공2,2025-03-28,13000,59.8,4,1996,신안동 707-1
진주혁신도시라온프라이빗아파트,2025-03-31,40000,84.8922,10,2017,충무공동 195
더퀸즈웰가,2025-03-29,33600,84.7157,10,2015,평거동 1130
진주혁신도시대방노블랜드더캐슬아파트,2025-03-29,52000,103.3591,10,2018,충무공동 296
더퀸즈웰가,2025-03-23,28000,58.4018,6,2015,평거동 1130
혁신도시엘에이치아파트8단지,2025-03-28,23000,59.97,13,2015,충무공동 300
진주강남동일동미라주,2025-03-07,29000,84.9806,15,2021,강남동 387
힐스테이트초전,2025-03-15,35000,91.0451,15,2019,초전동 1665
힐스테이트초전,2025-03-31,35000,84.9196,6,2019,초전동 1665
한주럭키타운,2025-03-08,18370,76.58,11,1990,주약동 156
이지더원,2025-03-01,41000,113.588,3,2018,초전동 1673
진주혁신도시중흥에스-클래스더프라임,2025-03-08,39000,84.9912,12,2019,충무공동 90
현대,2025-03-27,16500,84.93,2,1996,하대동 101
진주정촌대경파미르,2025-03-09,22000,66.1957,2,2019,정촌면 예하리 1286
힐스테이트초전,2025-03-15,29400,84.9351,10,2019,초전동 1665
혁신도시엘에이치아파트8단지,2025-03-27,27000,59.97,20,2015,충무공동 300
하대주공,2025-03-26,7000,44.03,4,1982,하대동 73-1
진주혁신도시대방노블랜드더캐슬아파트,2025-03-15,50000,103.3591,18,2018,충무공동 296
주공그린빌,2025-03-25,25000,84.9,13,2005,가좌동 573-1
힐스테이트초전,2025-03-24,38000,91.2066,29,2019,초전동 1665
평거휴먼시아4단지,2025-03-26,33300,84.98,11,2011,평거동 797
진주혁신코오롱하늘채,2025-03-18,34000,84.95,13,2014,충무공동 230
진주혁신코오롱하늘채,2025-03-20,26460,84.95,18,2014,충무공동 230
진주정촌대경파미르,2025-03-27,25000,84.9625,7,2019,정촌면 예하리 1286
더퀸즈웰가,2025-03-20,49000,100.8805,30,2015,평거동 1130
들말흥한타운,2025-03-27,27000,84.89,3,1998,평거동 191-1
진주우방아이유쉘,2025-03-26,25000,84.9578,6,2017,정촌면 예하리 1296
더샵진주피에르테,2025-03-25,36000,84.9656,22,2024,초전동 1752
진주혁신코오롱하늘채,2025-03-01,19670,84.95,4,2014,충무공동 230
진주혁신도시대방노블랜드더캐슬아파트,2025-03-22,51000,103.3591,18,2018,충무공동 296
신안주공3,2025-03-19,14000,59.8,7,1997,신안동 705-1
진주혁신도시중흥에스-클래스더프라임,2025-03-13,40000,84.9912,2,2019,충무공동 90
신안주공3,2025-03-08,13500,59.8,1,1997,신안동 705-1
더퀸즈웰가,2025-03-20,49000,100.8805,30,2015,평거동 1130
한림풀에버,2025-03-17,37500,84.9088,16,2015,충무공동 77
상봉1,2025-03-25,3000,40.96,1,1976,상봉동 800-1
신안주공2,2025-03-24,11900,49.97,6,1996,신안동 707-1
혁신도시엘에이치아파트8단지,2025-03-10,27500,59.97,14,2015,충무공동 300
센트렐웰가,2025-03-23,35000,84.9222,18,2018,가좌동 1981
진주혁신코오롱하늘채,2025-03-22,33000,84.95,15,2014,충무공동 230
진주혁신도시중흥에스-클래스센트럴시티4단지,2025-03-23,42500,84.8046,10,2020,충무공동 295
한보타워,2025-03-06,14000,80.9,2,1991,신안동 28-4
현대,2025-03-22,17000,84.55,8,1989,신안동 20
엠코타운더프라하,2025-03-19,40000,84.9651,22,2014,평거동 1132
진주우방아이유쉘,2025-03-13,24000,84.9756,14,2017,정촌면 예하리 1296
진주정촌대경파미르,2025-03-23,25000,84.9625,9,2019,정촌면 예하리 1286
진주포레스트부영,2025-03-21,17332,59.9925,20,2020,충무공동 145
프리미어웰가,2025-03-21,18400,59.9527,27,2021,가좌동 1945
더샵진주피에르테,2025-03-21,36000,84.9656,22,2024,초전동 1752
미르젠,2025-03-20,7000,32.22,3,2017,하대동 603-8
진주혁신도시센텀리버파크,2025-03-21,33500,75.54,9,2013,충무공동 191
진주평거엘크루,2025-03-20,42000,84.9195,9,2016,평거동 919
혁신도시엘에이치아파트9단지,2025-03-08,23800,59.97,12,2017,충무공동 302
혁신도시엘에이치아파트9단지,2025-03-08,23800,59.97,12,2017,충무공동 302
혁신도시엘에이치아파트9단지,2025-03-08,23800,59.97,12,2017,충무공동 302
더샵진주피에르테,2025-03-06,37000,84.9656,11,2024,초전동 1752
더샵진주피에르테,2025-03-20,35000,84.9871,1,2024,초전동 1752
하대주공,2025-03-11,5000,35.64,5,1982,하대동 73-1
신안주공2,2025-03-18,14650,59.8,3,1996,신안동 707-1
진주혁신코오롱하늘채,2025-03-18,33000,84.95,4,2014,충무공동 230
진주혁신코오롱하늘채,2025-03-18,33000,84.95,10,2014,충무공동 230
신진주라비에데시앙,2025-03-19,37500,84.9301,11,2024,가좌동 2092
진주정촌대경파미르,2025-03-13,23000,84.9426,7,2019,정촌면 예하리 1286
진주혁신코오롱하늘채,2025-03-18,33000,84.95,3,2014,충무공동 230
진주혁신도시센텀리버파크,2025-03-18,35000,84.95,4,2013,충무공동 191
초전해모로루비채4단지,2025-03-19,29000,84.9671,12,2014,초전동 1670
한주맨션,2025-03-16,8500,68.31,1,1987,인사동 139-1
진주혁신도시센텀리버파크,2025-03-14,35000,84.95,18,2013,충무공동 191
진주혁신도시센텀리버파크,2025-03-14,35000,84.95,3,2013,충무공동 191
진주혁신도시센텀리버파크,2025-03-14,35000,84.88,4,2013,충무공동 191
진주혁신도시라온프라이빗아파트,2025-03-14,43000,84.8827,12,2017,충무공동 195
진주혁신코오롱하늘채,2025-03-14,34000,84.95,12,2014,충무공동 230
진주초장엠코타운더이스턴파크,2025-03-18,26250,84.977,29,2014,초전동 1669
진주혁신코오롱하늘채,2025-03-13,32000,84.95,16,2014,충무공동 230
진주혁신코오롱하늘채,2025-03-17,31000,75.84,13,2014,충무공동 230
더샵진주피에르테,2025-03-16,39000,84.9656,21,2024,초전동 1752
더퀸즈웰가,2025-03-15,26000,65.6733,30,2015,평거동 1130
한주맨션,2025-03-16,8500,68.31,1,1987,인사동 139-1
진주정촌대경파미르,2025-03-16,26000,84.9625,13,2019,정촌면 예하리 1286
진주혁신도시중흥에스-클래스더프라임,2025-03-13,40000,84.9912,2,2019,충무공동 90
가좌주공1차,2025-03-15,12500,41.3,2,1993,가좌동 660
들말한보타운,2025-03-09,21000,76.61,10,1997,평거동 192-1
더샵진주피에르테,2025-03-03,35000,84.9656,3,2024,초전동 1752
현대성우트리팰리스,2025-03-05,20000,106.07,15,2006,주약동 156-1
혁신도시엘에이치아파트8단지,2025-03-17,26000,59.97,4,2015,충무공동 300
한림풀에버,2025-03-15,28875,84.9644,16,2015,충무공동 77
스카이시티프라디움,2025-03-15,31000,84.9898,23,2019,가좌동 1958
현대성우트리팰리스,2025-03-05,20000,106.07,15,2006,주약동 156-1
이지더원,2025-03-17,34500,84.9614,1,2018,초전동 1673
청구타운,2025-03-13,12500,59.99,10,1997,초전동 1431-3
진주정촌대경파미르,2025-03-17,23000,84.9426,3,2019,정촌면 예하리 1286
혁신도시엘에이치아파트8단지,2025-03-16,27000,59.97,18,2015,충무공동 300
진주혁신도시중흥에스-클래스더퍼스트,2025-03-07,42000,99.864,11,2020,충무공동 275
진주정촌대경파미르,2025-03-15,22000,66.1957,12,2019,정촌면 예하리 1286
평거주공1차,2025-03-12,8500,39.3,5,1988,평거동 326
진주혁신도시센텀리버파크,2025-03-11,30000,75.76,10,2013,충무공동 191
평거주공1차,2025-03-12,8500,39.3,5,1988,평거동 326
진주혁신도시중흥에스-클래스더프라임,2025-03-13,40000,84.9912,2,2019,충무공동 90
혁신도시엘에이치아파트8단지,2025-03-13,26500,59.97,4,2015,충무공동 300
프리미어웰가,2025-03-13,18400,59.9964,9,2021,가좌동 1945
진주우방아이유쉘,2025-03-13,24000,84.9756,14,2017,정촌면 예하리 1296
프리미어웰가,2025-03-12,18400,59.9964,7,2021,가좌동 1945
진주혁신도시중흥에스-클래스센트럴시티2단지,2025-03-12,43000,84.9815,22,2020,충무공동 293
한보타운,2025-03-11,12500,84.6,1,1993,평거동 737
신안주공3,2025-03-01,12800,49.96,14,1997,신안동 705-1
진주혁신도시중흥에스-클래스센트럴시티2단지,2025-03-11,45000,99.8723,24,2020,충무공동 293
진주혁신도시중흥에스-클래스센트럴시티4단지,2025-03-11,42000,84.9815,23,2020,충무공동 295
진주혁신도시센텀리버파크,2025-03-07,35000,84.95,1,2013,충무공동 191
혁신도시엘에이치5단지,2025-03-06,29000,75.84,10,2014,충무공동 234
진주혁신도시라온프라이빗아파트,2025-03-07,43000,84.9087,9,2017,충무공동 195
진주혁신도시중흥에스-클래스더프라임,2025-03-04,38000,84.9912,9,2019,충무공동 90
초전해모로루비채4단지,2025-03-08,29000,84.9671,1,2014,초전동 1670
금호석류,2025-03-02,21000,84.87,1,1999,주약동 407-1
대경아르떼빌,2025-03-04,10800,38.09,8,2002,호탄동 620-1
촉석맨션,2025-03-10,6500,66.58,3,1980,상평동 219-91
하대주공,2025-03-10,8000,44.03,1,1982,하대동 73-1
하대주공,2025-03-08,7000,35.64,1,1982,하대동 73-1
신안주공2,2025-03-05,14500,59.8,7,1996,신안동 707-1
더샵진주피에르테,2025-03-08,38000,84.9656,28,2024,초전동 1752
혁신도시엘에이치아파트8단지,2025-03-09,27000,59.97,5,2015,충무공동 300
가좌주공1차,2025-03-08,11500,44.94,5,1993,가좌동 660
주공그린빌,2025-03-09,14800,51.74,5,2005,가좌동 573-1
진주혁신도시중흥에스-클래스더프라임,2025-03-09,50000,110.6238,11,2019,충무공동 90
힐스테이트초전,2025-03-07,31500,84.9196,11,2019,초전동 1665
금호석류,2025-03-02,21000,84.87,1,1999,주약동 407-1
진주포레스트부영,2025-03-07,17332,59.9925,12,2020,충무공동 145
현대,2025-03-05,19000,102.68,1,2000,주약동 360
한림풀에버,2025-03-03,28000,84.9088,13,2015,충무공동 77
진주초장엠코타운더이스턴파크,2025-03-04,27000,101.828,8,2014,초전동 1669
신안주공3,2025-03-05,13500,59.8,1,1997,신안동 705-1
신안주공1,2025-03-06,23500,84.53,5,1998,신안동 708-1
진주정촌대경파미르,2025-03-03,23000,84.9625,15,2019,정촌면 예하리 1286
힐스테이트초전,2025-03-02,29400,84.9351,20,2019,초전동 1665
동성가든타워,2025-03-06,9500,59.4,9,1994,강남동 219
동성가든타워,2025-03-06,9500,59.4,9,1994,강남동 219
혁신도시엘에이치아파트8단지,2025-03-05,28000,59.97,9,2015,충무공동 300
더샵진주피에르테,2025-03-04,38000,84.9871,27,2024,초전동 1752
더샵진주피에르테,2025-03-05,36000,84.9656,15,2024,초전동 1752
진주평거엘크루,2025-03-03,38500,84.9195,1,2016,평거동 919
진주혁신도시중흥에스-클래스센트럴시티2단지,2025-03-01,43000,99.8723,6,2020,충무공동 293
건영아모리움,2025-03-01,27000,79.5826,9,2017,평거동 141
하대주공,2025-04-03,6000,44.3,5,1982,하대동 73-1
대림,2025-04-08,12500,59.91,14,1995,초전동 702-22
진주초장엠코타운더이스턴파크,2025-04-17,27500,73.556,13,2014,초전동 1669
이현하이클래스웰가,2025-04-16,33000,127.76,11,2008,이현동 1180
더샵진주피에르테,2025-04-21,30500,74.9969,1,2024,초전동 1752
진주강남동일동미라주,2025-04-19,30000,84.9831,9,2021,강남동 387
진주포레스트부영,2025-04-21,17505,59.9925,5,2020,충무공동 145
현대,2025-04-21,10500,59.89,1,1996,하대동 101
진주혁신도시대방노블랜드더캐슬아파트,2025-04-13,30000,84.9474,22,2018,충무공동 296
가좌주공2차,2025-04-09,11000,44.94,7,1993,가좌동 660
현대,2025-04-21,18200,59.92,1,2000,주약동 360
신진주라비에데시앙,2025-04-06,38000,84.9301,6,2024,가좌동 2092
진주강남동일동미라주,2025-04-18,27300,75.998,8,2021,강남동 387
진주포레스트부영,2025-04-18,17505,59.9925,6,2020,충무공동 145
초전해모로루비채4단지,2025-04-12,29000,84.9908,1,2014,초전동 1670
진주혁신도시대방노블랜드더캐슬아파트,2025-04-11,40425,84.9474,2,2018,충무공동 296
진주혁신도시대방노블랜드더캐슬아파트,2025-04-11,40425,84.9474,2,2018,충무공동 296
대림,2025-04-08,9500,59.91,14,1995,초전동 702-22
진주혁신도시중흥에스-클래스센트럴시티4단지,2025-04-12,43000,84.8046,10,2020,충무공동 295
진주포레스트부영,2025-04-16,17332,59.9925,21,2020,충무공동 145
대림,2025-04-08,11000,59.91,14,1995,초전동 702-22
진주포레스트부영,2025-04-16,17505,59.9925,9,2020,충무공동 145
진주혁신도시중흥에스-클래스더프라임,2025-04-16,43000,97.7268,6,2019,충무공동 90
대림,2025-04-08,11000,59.91,14,1995,초전동 702-22
대림,2025-04-08,11500,59.91,14,1995,초전동 702-22
초전해모로루비채2단지,2025-04-14,28000,84.9671,8,2014,초전동 1667
혁신도시엘에이치아파트8단지,2025-04-14,25000,59.97,10,2015,충무공동 300
가좌주공1차,2025-04-12,11000,41.3,3,1993,가좌동 660
진주혁신도시중흥에스-클래스더프라임,2025-04-14,49000,110.6238,9,2019,충무공동 90
한주럭키타운,2025-04-11,20000,84.81,7,1990,주약동 156
초전해모로루비채4단지,2025-04-12,29000,84.9908,1,2014,초전동 1670
혁신도시엘에이치아파트9단지,2025-04-13,29000,59.97,13,2017,충무공동 302
진주정촌대경파미르,2025-04-09,21000,66.1957,19,2019,정촌면 예하리 1286
신진주역세권우미린더시그니처,2025-04-11,40000,84.986,7,2024,가좌동 1986
진주혁신코오롱하늘채,2025-04-11,33000,84.95,18,2014,충무공동 230
한림풀에버,2025-04-05,33500,84.9088,11,2015,충무공동 77
신안주공3,2025-04-10,13500,59.8,2,1997,신안동 705-1
진주혁신코오롱하늘채,2025-04-09,33000,84.95,19,2014,충무공동 230
주공그린빌,2025-04-05,14900,51.74,11,2005,가좌동 573-1
금산흥한골든빌,2025-04-02,10000,84.88,3,2002,금산면 장사리 1000
진주혁신코오롱하늘채,2025-04-05,32000,84.95,1,2014,충무공동 230
진주혁신코오롱하늘채,2025-04-09,30000,84.95,17,2014,충무공동 230
상봉1,2025-04-05,3500,40.96,5,1976,상봉동 800-1
더퀸즈웰가,2025-04-09,38000,84.9163,18,2015,평거동 1130
진주혁신도시중흥에스-클래스더퍼스트,2025-04-09,54000,99.864,20,2020,충무공동 275
대림,2025-04-08,12500,59.91,14,1995,초전동 702-22
현대,2025-04-03,16000,84.55,6,1989,신안동 20
들말한보타운,2025-04-07,20000,84.98,3,1997,평거동 192-1
현대성우트리팰리스,2025-04-03,27000,134.53,6,2006,주약동 156-1
가좌주공1차,2025-04-04,13000,49.94,3,1993,가좌동 660
진주혁신코오롱하늘채,2025-04-07,32000,84.95,5,2014,충무공동 230
힐스테이트초전,2025-04-05,30000,84.9196,26,2019,초전동 1665
진주혁신코오롱하늘채,2025-04-05,32000,84.95,1,2014,충무공동 230
금산아이파크,2025-04-06,20000,115.68,6,2004,금산면 장사리 965-1
진주정촌대경파미르,2025-04-05,24000,84.9426,20,2019,정촌면 예하리 1286
초전해모로루비채4단지,2025-04-04,29000,84.9671,19,2014,초전동 1670
엠코타운더프라하,2025-04-04,60000,153.2116,5,2014,평거동 1132
혁신도시엘에이치5단지,2025-04-02,24000,84.95,18,2014,충무공동 234
금산흥한골든빌,2025-04-01,5000,37.84,15,2002,금산면 장사리 1000
혁신도시엘에이치아파트9단지,2025-04-03,29000,59.97,25,2017,충무공동 302
센트렐웰가,2025-04-01,33000,84.9222,1,2018,가좌동 1981
현대금빛마을,2025-04-01,6500,59.28,12,2000,집현면 봉강리 249
혁신도시엘에이치5단지,2025-04-02,32000,84.95,6,2014,충무공동 234
혁신도시엘에이치아파트8단지,2025-04-01,26500,59.97,17,2015,충무공동 300
