단지명,계약일자,거래금액,전용면적,층,건축년도,도로명
진주초전푸르지오1단지,2023-01-30,43000,101.977,23,2009,초장로14번길
벽산블루밍(구)동신,2023-01-30,8100,59.76,1,1993,진양호로125번길
진주혁신코오롱하늘채,2023-01-30,37600,84.95,20,2014,사들로
럭키강변,2023-01-27,13000,74.21,1,1991,남강로
남강휴먼빌,2023-01-25,28000,84.9499,11,2010,순환로
금산아이파크,2023-01-30,24200,115.68,7,2004,중천로
청구타운,2023-01-24,15500,59.99,9,1997,대신로475번길
진주초전푸르지오1단지,2023-01-20,48500,134.68,23,2009,초장로14번길
이현하이클래스웰가,2023-01-21,51500,176.73,6,2008,진주대로
진주혁신도시대방노블랜드더캐슬아파트,2023-01-30,50500,84.9474,18,2018,사들로
진주혁신도시대방노블랜드더캐슬아파트,2023-01-18,59900,103.3591,20,2018,사들로
진주평거엘크루,2023-01-14,43000,84.9195,6,2016,새평거로
주공그린빌,2023-01-17,18000,59.27,19,2005,내동로348번길
동신,2023-01-31,6700,59.92,5,1992,광제산로
혁신도시엘에이치아파트8단지,2023-01-14,25000,59.97,4,2015,사들로
신익무지개,2023-01-27,4450,40.56,1,1987,숙호산로
평거현대1,2023-01-27,23000,84.75,8,1993,평거로115번길
들말한보타운,2023-01-27,26800,84.98,12,1997,평거로39번길
더퀸즈웰가,2023-01-31,31000,58.4018,24,2015,새평거로
가좌주공2차,2023-01-17,15700,49.94,15,1993,가호로
진주문산파란채,2023-01-11,18500,84.9015,1,2010,월아산로1048번길
한보타워(하대1차),2023-01-31,6500,53.32,3,1992,모덕로306번길
대림,2023-01-12,8900,84.2,7,1993,향교로115번길
포레나신진주,2023-01-11,40000,84.9543,16,2019,진주역로96번길
힐스테이트초전,2023-01-29,38400,84.9196,6,2019,초북로
주공그린빌,2023-01-28,18500,59.27,17,2005,내동로348번길
진주혁신코오롱하늘채,2023-01-25,34900,84.95,16,2014,사들로
진주정촌대경파미르,2023-01-24,32000,84.9426,4,2019,삼일로106번길
에스디푸른마을,2023-01-31,19500,84.993,5,2010,상봉대룡길
진흥더루벤스,2023-01-11,24000,122.956,2,2009,금산로
주공그린빌,2023-01-30,18000,59.27,6,2005,내동로348번길
진주혁신도시중흥에스-클래스더퍼스트,2023-01-14,59700,99.864,5,2020,충의로
현대,2023-01-14,15800,84.99,2,1991,모덕로181번길
흥한스위트,2023-01-27,11200,59.73,6,1998,신안로
혁신도시엘에이치아파트8단지,2023-01-06,26000,59.97,8,2015,사들로
주공그린빌,2023-01-28,16500,51.74,6,2005,내동로348번길
진주혁신도시라온프라이빗아파트,2023-01-29,37500,79.0385,15,2017,대밭골로
진주혁신코오롱하늘채,2023-01-30,31000,75.99,9,2014,사들로
덕산,2023-01-21,9400,59.73,8,1995,서장대로178번길
흥한타운2,2023-01-05,15000,59.935,4,1995,평거로139번길
진주혁신도시중흥에스-클래스더퍼스트,2023-01-31,66500,99.9097,20,2020,충의로
진주정촌대경파미르,2023-01-28,27800,66.1957,11,2019,삼일로106번길
상대진주(나동),2023-01-03,12000,84.99,2,1989,모덕로181번길
월드트레비앙,2023-01-26,18000,84.58,2,2005,돗골로106번길
들말흥한타운,2023-01-17,23300,84.89,1,1998,석갑로
진주센트럴자이,2023-01-28,34000,84.956,4,2013,도동천로
진주푸르지오2단지,2023-01-09,21500,84.9726,11,2007,덕의길
초전해모로루비채4단지,2023-01-31,32500,84.9908,23,2014,초북로
도운,2023-01-14,7000,58.05,4,1986,남강로
진주혁신코오롱하늘채,2023-01-16,36000,84.95,14,2014,사들로
금산e편한세상,2023-01-13,22900,84.9746,22,2008,금산순환로80번길
진주혁신코오롱하늘채,2023-01-30,31000,75.99,9,2014,사들로
두산위브,2023-01-18,21200,84.995,7,2009,중장로154번길
진주혁신코오롱하늘채,2023-01-20,34800,84.95,8,2014,사들로
화인,2023-01-11,10500,83.435,4,1994,상봉대룡길
진주센트럴자이,2023-01-25,30900,84.9059,7,2013,도동천로
진주혁신코오롱하늘채,2023-01-25,34900,84.95,16,2014,사들로
이현하이클래스웰가,2023-01-30,32000,110.1,8,2008,진주대로
금호석류,2023-01-19,34000,155.81,1,1999,강남로
엠코타운더프라하,2023-01-29,39500,84.9651,22,2014,새평거로
힐스테이트초전,2023-01-31,37900,84.9196,1,2019,초북로
한림풀에버,2023-01-27,35000,84.9644,20,2015,소호로
주공그린빌,2023-01-29,18000,59.27,16,2005,내동로348번길
진주혁신코오롱하늘채,2023-01-27,38000,84.95,14,2014,사들로
엠코타운더프라하,2023-01-28,44900,84.933,16,2014,새평거로
에스디푸른마을,2023-01-20,9700,43.244,8,2010,상봉대룡길
초전해모로루비채2단지,2023-01-29,32000,84.9908,21,2014,초북로
동국한양빌라,2023-01-27,8600,73.26,10,1992,월아산로
진주혁신도시중흥에스-클래스더프라임,2023-01-30,50000,97.7268,15,2019,소호로19번길
신안주공2,2023-01-26,11550,39.99,13,1996,신안들말길
가좌주공2차,2023-01-11,11700,44.94,15,1993,가호로
들말대경,2023-01-26,31900,123.255,4,1998,석갑로53번길
진주혁신도시센텀리버파크,2023-01-24,34500,84.88,1,2013,사들로
화인,2023-01-11,7400,65.07,4,1994,상봉대룡길
진주강남동일동미라주,2023-01-29,32000,84.9806,4,2021,진주대로891번길
진주혁신도시라온프라이빗아파트,2023-01-28,40000,84.9087,5,2017,대밭골로
진주혁신도시대방노블랜드더캐슬아파트,2023-01-28,52500,84.9474,11,2018,사들로
힐스테이트초전,2023-01-07,38000,84.9196,4,2019,초북로
남강휴먼빌,2023-01-25,30000,84.9679,5,2010,순환로
진주혁신도시대방노블랜드더캐슬아파트,2023-01-20,52000,84.9474,12,2018,사들로
이지더원,2023-01-13,37000,84.9614,18,2018,초장로
한림풀에버,2023-01-10,32500,67.1597,5,2015,소호로
금산흥한골든빌,2023-01-24,5500,37.84,13,2002,금산로
주공그린빌,2023-01-08,18000,59.27,11,2005,내동로348번길
진주혁신도시대방노블랜드더캐슬아파트,2023-01-13,50500,84.9474,10,2018,사들로
힐스테이트초전,2023-01-24,40500,84.9196,10,2019,초북로
스카이시티프라디움,2023-01-18,42000,84.9898,9,2019,개양로
신안주공1,2023-01-20,29000,84.53,8,1998,신안들말길
들말한보타운,2023-01-27,17000,59.8,14,1997,평거로39번길
망경한보타운,2023-01-06,18000,84.82,19,1997,망경로
대림맨션,2023-01-06,13150,118.99,3,1989,돗골로
한림풀에버,2023-01-18,35500,84.9644,13,2015,소호로
포레나신진주,2023-01-11,39000,84.9515,19,2019,진주역로96번길
진주혁신도시대방노블랜드더캐슬아파트,2023-01-19,52200,84.9899,13,2018,사들로
금호석류,2023-01-13,20800,59.99,11,1999,강남로
신안주공3,2023-01-12,15000,49.96,5,1997,석갑로
들말한보타운,2023-01-17,35000,120.66,11,1997,평거로39번길
진주혁신도시중흥에스-클래스더프라임,2023-01-14,50500,97.7268,10,2019,소호로19번길
혁신도시엘에이치아파트9단지,2023-01-16,31000,59.97,18,2017,사들로
금산아이파크,2023-01-20,20500,84.17,9,2004,중천로
진주초장엠코타운더이스턴파크,2023-01-09,27900,73.556,10,2014,초북로
진주혁신도시중흥에스-클래스더프라임,2023-01-03,50000,97.7268,13,2019,소호로19번길
센트렐웰가,2023-01-15,47200,84.9222,16,2018,진주역로73번길
신안주공3,2023-01-20,15500,59.8,5,1997,석갑로
초전해모로루비채2단지,2023-01-09,31900,84.9671,8,2014,초북로
한보타운,2023-01-15,11250,84.6,2,1993,진양호로97번길
진주혁신도시중흥에스-클래스더퍼스트,2023-01-19,75000,99.864,11,2020,충의로
진주혁신도시중흥에스-클래스센트럴시티2단지,2023-01-04,64000,117.7407,24,2020,에나로
들말흥한타운,2023-01-20,28200,77.391,13,1998,석갑로
진주혁신도시중흥에스-클래스더퍼스트,2023-01-21,76900,113.4763,18,2020,충의로
가좌주공1차,2023-01-09,12000,41.3,6,1993,가호로
초전해모로루비채4단지,2023-01-13,40000,100.8994,27,2014,초북로
평거현대1,2023-01-19,15000,59.4,8,1993,평거로115번길
진주센트럴자이,2023-01-21,34500,84.956,15,2013,도동천로
고려,2023-01-25,6200,59.4,2,1994,동부로
한림풀에버,2023-01-03,41000,84.9644,16,2015,소호로
삼전프라자,2023-01-10,11500,59.94,12,1996,도동로
이현한주맨션,2023-01-11,9000,59.49,3,1987,서장대로278번길
한림풀에버,2023-01-14,32800,84.9088,3,2015,소호로
금호석류,2023-01-14,26000,84.87,14,1999,강남로
하영무지개맨션,2023-01-10,10000,59.38,3,1993,진양호로
대동디지털황토,2023-01-17,22000,84.6814,1,2003,가호로44번길
삼성,2023-01-19,15500,59.886,11,1996,동부로43번길
센트렐웰가,2023-01-12,44000,84.9222,7,2018,진주역로73번길
한보타워(하대1차),2023-01-02,7050,53.32,10,1992,모덕로306번길
진주혁신도시라온프라이빗아파트,2023-01-20,43000,84.9087,11,2017,대밭골로
금산아이파크,2023-01-12,18200,84.17,10,2004,중천로
들말대경,2023-01-19,18000,59.595,8,1998,석갑로53번길
진주혁신도시대방노블랜드더캐슬아파트,2023-01-18,55000,84.9899,14,2018,사들로
스카이시티프라디움,2023-01-16,42500,84.991,14,2019,개양로
진주혁신도시대방노블랜드더캐슬아파트,2023-01-10,49000,84.9474,5,2018,사들로
진주혁신도시라온프라이빗아파트,2023-01-14,40000,84.8922,20,2017,대밭골로
금산흥한골든빌,2023-01-14,14500,73.61,2,2002,금산로
이현주공,2023-01-18,18000,59.3,3,1983,서장대로
상봉1,2023-01-02,7500,40.44,2,1976,창렬로
한림풀에버,2023-01-13,34800,84.9644,19,2015,소호로
가좌주공1차,2023-01-12,14800,49.94,14,1993,가호로
한주,2023-01-09,7300,68.54,4,1989,공단로91번길
대경,2023-01-16,7500,59.85,8,1992,도동로264번길
현대,2023-01-14,13000,84.99,1,1991,모덕로181번길
진주혁신도시중흥에스-클래스센트럴시티2단지,2023-01-07,46500,84.9815,25,2020,에나로
가호에일린의뜰,2023-01-15,32200,77.8216,13,2012,강변길
진주정촌대경파미르,2023-01-08,28500,66.1957,18,2019,삼일로106번길
금산흥한골든빌,2023-01-16,10000,58.12,9,2002,금산로
신안주공3,2023-01-14,14800,59.8,1,1997,석갑로
혁신도시엘에이치아파트8단지,2023-01-09,27950,59.97,13,2015,사들로
들말한보타운,2023-01-11,29800,84.98,7,1997,평거로39번길
금산아이파크,2023-01-13,19100,84.17,6,2004,중천로
한보타워(하대1차),2023-01-11,7700,53.32,11,1992,모덕로306번길
한주럭키타운,2023-01-12,22700,84.81,1,1990,진주대로
금산흥한골든빌,2023-01-10,12100,58.12,14,2002,금산로
혁신도시엘에이치아파트9단지,2023-01-04,31000,59.97,18,2017,사들로
상대주공,2023-01-03,8000,41.52,3,1980,상대로
혁신도시엘에이치아파트8단지,2023-01-09,27700,59.97,14,2015,사들로
현대금빛마을,2023-01-11,7600,59.28,4,2000,진산로
진주혁신도시센텀리버파크,2023-01-04,33300,84.83,23,2013,사들로
현대,2023-01-03,21000,101.97,3,1996,하대로
들말한보타운,2023-01-10,29200,84.98,7,1997,평거로39번길
한보하이타운,2023-01-09,15800,78.81,17,1995,순환로553번길
상대진주(나동),2023-01-02,8500,84.99,2,1989,모덕로181번길
초전흥한,2023-01-06,20700,84.68,10,2001,초전남로
이지더원,2023-01-04,35700,73.2086,9,2018,초장로
진주강남동일동미라주,2023-01-02,30000,84.9831,4,2021,진주대로891번길
혁신도시엘에이치아파트9단지,2023-01-06,30000,59.97,13,2017,사들로
한보은빛마을,2023-01-03,25600,84.86,10,2002,천수로
혁신도시엘에이치아파트8단지,2023-01-05,27700,59.97,14,2015,사들로
혁신도시엘에이치아파트8단지,2023-01-05,27800,59.97,9,2015,사들로
진주혁신도시중흥에스-클래스더프라임,2023-02-25,49000,84.9912,16,2019,소호로19번길
진주혁신도시대방노블랜드더캐슬아파트,2023-02-27,60500,103.3591,10,2018,사들로
센트렐웰가,2023-02-26,49000,84.9222,32,2018,진주역로73번길
진주강남동일동미라주,2023-02-10,37900,84.9806,27,2021,진주대로891번길
들말대경,2023-02-13,18600,59.595,9,1998,석갑로53번길
금호석류,2023-02-23,32000,122.49,10,1999,강남로
두산위브,2023-02-28,21000,84.994,14,2009,중장로154번길
초전해모로루비채4단지,2023-02-11,33200,84.9671,15,2014,초북로
진주초장엠코타운더이스턴파크,2023-02-25,38000,101.5255,25,2014,초북로
초전해모로루비채4단지,2023-02-01,32400,84.9671,23,2014,초북로
힐스테이트초전,2023-02-23,41700,84.9351,17,2019,초북로
삼환나우빌,2023-02-28,52000,129.138,14,2009,진주대로829번길
금산흥한골든빌,2023-02-27,14950,73.61,6,2002,금산로
현대,2023-02-26,18800,84.945,5,1992,진양호로51번길
진주푸르지오1단지,2023-02-22,22300,84.9726,13,2007,덕의길
화인,2023-02-27,8800,59.48,11,1994,상봉대룡길
힐스테이트초전,2023-02-25,40800,84.9351,20,2019,초북로
진주혁신도시중흥에스-클래스더프라임,2023-02-25,49000,84.9912,16,2019,소호로19번길
금호석류,2023-02-23,32000,122.49,10,1999,강남로
혁신도시엘에이치아파트9단지,2023-02-14,29500,59.97,14,2017,사들로
망경한보타운,2023-02-17,11800,59.44,11,1997,망경로
망경한보타운,2023-02-27,12700,59.44,5,1997,망경로
한주한보,2023-02-17,12500,59.73,18,1995,망경로296번길
진주혁신도시중흥에스-클래스더프라임,2023-02-19,48500,84.9912,9,2019,소호로19번길
초전해모로루비채2단지,2023-02-28,42000,84.8022,19,2014,초북로
신안주공2,2023-02-25,11500,39.99,13,1996,신안들말길
하대주공,2023-02-27,8000,35.64,1,1982,상대로
하대주공,2023-02-27,10500,44.3,2,1982,상대로
문산한양하이빌,2023-02-20,13300,79.0,9,2001,월아산로
금산느티나무,2023-02-14,17200,84.74,8,2003,중천로
주공그린빌,2023-02-13,18500,59.27,10,2005,내동로348번길
두산위브,2023-02-28,21000,84.994,14,2009,중장로154번길
두산위브,2023-02-25,22000,84.994,7,2009,중장로154번길
진주혁신도시중흥에스-클래스더퍼스트,2023-02-25,72500,113.4763,14,2020,충의로
진주혁신도시중흥에스-클래스센트럴시티2단지,2023-02-20,56500,99.8723,28,2020,에나로
상봉1,2023-02-15,8350,40.473,5,1976,창렬로
초전해모로루비채4단지,2023-02-28,34000,100.8994,2,2014,초북로
화인,2023-02-28,6400,65.07,1,1994,상봉대룡길
들말대경,2023-02-22,26750,84.99,1,1998,석갑로53번길
동신,2023-02-17,6250,59.92,12,1992,광제산로
칠암대덕,2023-02-18,7100,29.67,5,2004,진주대로942번길
센트렐웰가,2023-02-28,46000,84.8133,10,2018,진주역로73번길
동국강변타워2,2023-02-25,7200,59.8,1,1992,돗골로19번길
현대,2023-02-23,12400,82.56,6,1985,강남로255번길
현대,2023-02-25,12000,59.89,1,1996,하대로
휴앤인엘리시움,2023-02-10,37000,84.8578,9,2019,에나로
두산위브,2023-02-13,39000,170.356,5,2009,중장로154번길
상대한보타운,2023-02-28,15000,59.88,13,2002,도동천로
더퀸즈웰가,2023-02-27,30400,58.4018,11,2015,새평거로
진주혁신도시대방노블랜드더캐슬아파트,2023-02-25,64700,103.9623,15,2018,사들로
신안주공2,2023-02-28,14900,49.97,13,1996,신안들말길
월산아크로빌,2023-02-25,8600,59.7992,5,2005,공치고개길
혁신도시엘에이치아파트8단지,2023-02-27,26000,59.97,6,2015,사들로
제일풍경채,2023-02-24,42000,110.7705,11,2007,가좌안골길21번길
엠코타운더프라하,2023-02-23,40000,84.933,5,2014,새평거로
엠코타운더프라하,2023-02-27,43000,84.933,17,2014,새평거로
진주평거엘크루,2023-02-23,45500,84.9195,5,2016,새평거로
진주혁신도시대방노블랜드더캐슬아파트,2023-02-27,60500,103.3591,10,2018,사들로
고려,2023-02-27,5800,59.4,5,1994,동부로
진주혁신도시대방노블랜드더캐슬아파트,2023-02-19,67500,103.9623,13,2018,사들로
금산아이파크,2023-02-26,22900,84.17,16,2004,중천로
혁신도시엘에이치아파트8단지,2023-02-27,27000,59.97,19,2015,사들로
진주혁신코오롱하늘채,2023-02-28,32000,75.84,7,2014,사들로
동국강변타워2,2023-02-09,5900,59.8,1,1992,돗골로19번길
흥한타운2,2023-02-27,16000,59.935,14,1995,평거로139번길
주공그린빌,2023-02-17,17600,59.27,4,2005,내동로348번길
진주혁신도시중흥에스-클래스더프라임,2023-02-27,47000,84.9858,7,2019,소호로19번길
스카이시티프라디움,2023-02-11,39000,84.9898,3,2019,개양로
현대,2023-02-11,19000,59.92,4,2000,진주대로815번길
센트렐웰가,2023-02-25,46000,84.9914,25,2018,진주역로73번길
대림,2023-02-13,13900,136.3,6,1993,향교로115번길
제일풍경채,2023-02-24,42000,110.7705,11,2007,가좌안골길21번길
더퀸즈웰가,2023-02-25,31600,66.3912,7,2015,새평거로
현대,2023-02-10,19500,84.945,11,1992,진양호로51번길
흥한타운2,2023-02-28,17000,59.935,2,1995,평거로139번길
혁신도시엘에이치아파트9단지,2023-02-25,26000,59.97,1,2017,사들로
휴앤인엘리시움,2023-02-19,37000,84.8578,23,2019,에나로
진주초장엠코타운더이스턴파크,2023-02-15,28500,73.6669,18,2014,초북로
센트렐웰가,2023-02-26,49000,84.9222,32,2018,진주역로73번길
진주혁신코오롱하늘채,2023-02-18,31000,75.99,2,2014,사들로
평거현대2,2023-02-13,15250,59.92,1,1994,신안들말길
평거현대2,2023-02-02,28000,146.17,14,1994,신안들말길
들말대경,2023-02-28,27000,84.99,15,1998,석갑로53번길
삼성,2023-02-25,15200,59.886,4,1996,동부로43번길
들말대경,2023-02-28,19300,59.595,13,1998,석갑로53번길
초전흥한,2023-02-28,15500,59.85,6,2001,초전남로
평거현대1,2023-02-28,15200,59.4,9,1993,평거로115번길
진주혁신도시센텀리버파크,2023-02-22,28000,84.95,17,2013,사들로
한보하이타운,2023-02-27,12900,55.01,16,1995,순환로553번길
문산한양하이빌,2023-02-08,14500,79.0,5,2001,월아산로
진주강남동일동미라주,2023-02-09,34600,84.9806,20,2021,진주대로891번길
진주정촌대경파미르,2023-02-18,32000,84.9426,14,2019,삼일로106번길
센트렐웰가,2023-02-25,45000,84.8133,11,2018,진주역로73번길
진주문산코아루,2023-02-28,24500,84.9867,4,2010,월아산로1117번길
망경한보타운,2023-02-12,10800,59.44,2,1997,망경로
현대,2023-02-15,24500,84.98,4,2000,진주대로815번길
진주혁신도시라온프라이빗아파트,2023-02-25,41500,84.9087,3,2017,대밭골로
한주럭키타운,2023-02-09,23300,84.81,15,1990,진주대로
진주강남동일동미라주,2023-02-01,32800,84.9831,26,2021,진주대로891번길
혁신도시엘에이치아파트9단지,2023-02-18,26700,59.97,3,2017,사들로
현대,2023-02-10,13500,84.99,3,1991,모덕로181번길
진주혁신코오롱하늘채,2023-02-23,35500,84.95,7,2014,사들로
가좌주공2차,2023-02-28,12000,38.64,11,1993,가호로
가좌주공1차,2023-02-25,12500,41.3,5,1993,가호로
센트렐웰가,2023-02-27,49500,84.8133,18,2018,진주역로73번길
힐스테이트초전,2023-02-28,42700,84.9196,31,2019,초북로
진주혁신도시대방노블랜드더캐슬아파트,2023-02-17,56000,84.9474,18,2018,사들로
한보타운,2023-02-28,11700,84.6,2,1993,진양호로97번길
혁신도시엘에이치아파트9단지,2023-02-14,29500,59.97,14,2017,사들로
평거휴먼시아4단지,2023-02-26,32200,84.95,2,2011,새평거로
진주센트럴자이,2023-02-28,33500,84.956,9,2013,도동천로
신안주공1,2023-02-20,27000,84.98,2,1998,신안들말길
현대,2023-02-13,14000,82.56,9,1985,강남로255번길
그린타운,2023-02-27,9000,59.4,6,1992,석갑로156번길
초전해모로루비채2단지,2023-02-22,32000,84.9671,21,2014,초북로
상봉2,2023-02-23,6000,53.85,2,1986,진주성로147번길
현대,2023-02-11,17500,84.945,11,1992,진양호로51번길
순화스타씨티,2023-02-28,18700,84.7215,7,2007,진주대로954번길
신안주공2,2023-02-26,15400,59.8,10,1996,신안들말길
금호석류,2023-02-24,39000,122.49,1,1999,강남로
진주푸르지오2단지,2023-02-07,18200,59.924,14,2007,덕의길
혁신도시엘에이치아파트9단지,2023-02-28,28000,59.97,24,2017,사들로
힐스테이트초전,2023-02-25,40800,84.9351,20,2019,초북로
금호석류,2023-02-25,20500,59.99,10,1999,강남로
엠코타운더프라하,2023-02-27,43700,84.9651,35,2014,새평거로
대림,2023-02-27,9800,59.91,7,1995,말티고개로
진주혁신도시중흥에스-클래스더퍼스트,2023-02-27,59000,99.864,3,2020,충의로
엠코타운더프라하,2023-02-10,39000,84.933,1,2014,새평거로
진주혁신도시중흥에스-클래스더프라임,2023-02-18,47000,84.9858,13,2019,소호로19번길
일동,2023-02-22,10300,59.86,4,1994,초전북로
금산흥한골든빌,2023-02-03,12000,58.12,15,2002,금산로
한보은빛마을,2023-02-04,25500,109.17,4,2002,천수로
평거현대1,2023-02-25,26200,114.59,11,1993,평거로115번길
힐스테이트초전,2023-02-20,35500,84.9196,3,2019,초북로
혁신도시엘에이치아파트9단지,2023-02-22,26500,59.97,3,2017,사들로
현대,2023-02-25,13100,59.89,25,1996,하대로
동서훼밀리,2023-02-26,6500,55.89,1,1992,선학산길
평거휴먼시아4단지,2023-02-26,35000,84.99,10,2011,새평거로
진주혁신도시센텀리버파크,2023-02-17,32000,75.97,12,2013,사들로
들말한보타운,2023-02-25,16000,59.8,1,1997,평거로39번길
혁신도시엘에이치아파트8단지,2023-02-22,27700,59.97,17,2015,사들로
더퀸즈웰가,2023-02-18,40500,84.7157,21,2015,새평거로
진주강남동일동미라주,2023-02-10,37900,84.9806,27,2021,진주대로891번길
가좌주공1차,2023-02-12,16300,49.94,4,1993,가호로
힐스테이트초전,2023-02-14,44000,84.9196,8,2019,초북로
진주혁신도시센텀리버파크,2023-02-15,35900,84.95,11,2013,사들로
진주혁신도시센텀리버파크,2023-02-23,35300,84.95,10,2013,사들로
도동대림빌라,2023-02-15,19300,159.38,5,1995,하대로40번길
진주혁신도시중흥에스-클래스더프라임,2023-02-20,49000,84.9912,14,2019,소호로19번길
이지더원,2023-02-22,42300,84.9614,13,2018,초장로
주공그린빌,2023-02-15,17500,59.27,3,2005,내동로348번길
신안주공1,2023-02-24,26000,84.53,7,1998,신안들말길
금산e편한세상,2023-02-14,21100,84.9746,12,2008,금산순환로80번길
한주타운,2023-02-24,17900,74.95,3,1992,진주대로1208번길
영남맨션,2023-02-09,8600,83.4,1,1989,신안로
혁신도시엘에이치아파트9단지,2023-02-22,30700,59.97,25,2017,사들로
한림풀에버,2023-02-24,39800,84.9088,7,2015,소호로
대영,2023-02-16,8300,65.97,1,1992,말티고개로
주공그린빌,2023-02-11,16500,51.74,15,2005,내동로348번길
신안주공2,2023-02-18,15700,59.8,6,1996,신안들말길
월드트레비앙,2023-02-05,22500,84.58,8,2005,돗골로106번길
상대한보타운,2023-02-07,28000,119.88,4,2002,도동천로
진주강남동일동미라주,2023-02-18,31000,75.998,25,2021,진주대로891번길
진주혁신도시중흥에스-클래스더퍼스트,2023-02-10,69000,113.4763,6,2020,충의로
한보타워,2023-02-21,14000,82.73,5,1991,남강로491번길
일동,2023-02-14,11500,59.86,3,1994,초전북로
화인,2023-02-20,8500,83.435,1,1994,상봉대룡길
이화맨션,2023-02-18,11800,84.63,4,1989,망경남길
힐스테이트초전,2023-02-20,41000,84.9196,25,2019,초북로
현대,2023-02-15,18700,84.55,4,1989,천수로
동신,2023-02-17,6250,59.92,12,1992,광제산로
화인,2023-02-03,7100,65.07,1,1994,상봉대룡길
한주타운,2023-02-21,14600,59.1,4,1992,진주대로1208번길
초전해모로루비채4단지,2023-02-11,31900,84.9908,17,2014,초북로
주공그린빌,2023-02-21,18000,59.27,9,2005,내동로348번길
한주한보,2023-02-06,13500,59.73,14,1995,망경로296번길
평거휴먼시아4단지,2023-02-14,32000,84.95,6,2011,새평거로
한주럭키타운,2023-02-21,22500,76.58,5,1990,진주대로
주공그린빌,2023-02-11,16250,51.74,7,2005,내동로348번길
진주초장엠코타운더이스턴파크,2023-02-16,33000,84.977,28,2014,초북로
평거휴먼시아4단지,2023-02-21,33500,84.95,8,2011,새평거로
주공그린빌,2023-02-19,16150,51.74,4,2005,내동로348번길
일반성에이원,2023-02-20,9000,59.9461,6,2016,동부로
일반성에이원,2023-02-20,9000,59.9461,7,2016,동부로
삼호가든맨션,2023-02-21,8200,84.63,5,1988,신안로164번길
태완노블리안,2023-02-20,5800,59.9801,4,2007,공치고개길
금산흥한골든빌,2023-02-08,14000,73.61,9,2002,금산로
흥한타운2,2023-02-19,16500,59.935,10,1995,평거로139번길
진주혁신도시중흥에스-클래스더프라임,2023-02-05,49000,97.7268,16,2019,소호로19번길
더퀸즈웰가,2023-02-20,29000,58.7908,18,2015,새평거로
평거현대1,2023-02-10,22000,84.75,1,1993,평거로115번길
초전해모로루비채4단지,2023-02-11,33200,84.9671,15,2014,초북로
현대,2023-02-19,23300,84.955,6,1997,초전남로
금호석류,2023-02-18,41300,122.49,12,1999,강남로
우신파크맨션,2023-02-20,8000,83.64,6,1992,숙호산로
초전해모로루비채4단지,2023-02-15,32700,84.9671,14,2014,초북로
한림풀에버,2023-02-19,40500,84.9088,21,2015,소호로
벽산블루밍(구)동신,2023-02-07,12300,72.86,12,1993,진양호로125번길
이지더원,2023-02-11,39500,84.9614,15,2018,초장로
혁신도시엘에이치아파트9단지,2023-02-19,28500,59.97,14,2017,사들로
상대한보타운,2023-02-20,30000,146.24,6,2002,도동천로
한림풀에버,2023-02-14,37000,84.9088,3,2015,소호로
포레나신진주,2023-02-18,41500,84.9543,32,2019,진주역로96번길
건일,2023-02-11,6500,51.61,2,1987,상대로119번길
흥한타운,2023-02-09,12000,59.88,11,1995,대신로243번길
현대,2023-02-18,13700,59.89,20,1996,하대로
금산흥한골든빌,2023-02-09,7000,37.84,9,2002,금산로
금산흥한골든빌,2023-02-14,8000,48.31,11,2002,금산로
진주혁신도시중흥에스-클래스더프라임,2023-02-18,51500,97.7268,16,2019,소호로19번길
한보타운,2023-02-19,12200,84.6,4,1993,진양호로97번길
금산흥한골든빌,2023-02-01,18900,84.88,11,2002,금산로
두산위브,2023-02-18,21000,84.991,15,2009,중장로154번길
한보타운,2023-02-18,10400,84.6,1,1993,진양호로97번길
초전해모로루비채4단지,2023-02-12,32500,84.9908,13,2014,초북로
진주혁신도시중흥에스-클래스센트럴시티2단지,2023-02-15,52800,99.8723,7,2020,에나로
초전해모로루비채4단지,2023-02-07,42000,100.8994,28,2014,초북로
이현하이클래스웰가,2023-02-17,42200,122.01,25,2008,진주대로
진주혁신도시대방노블랜드더캐슬아파트,2023-02-14,51000,84.9899,12,2018,사들로
진주혁신도시라온프라이빗아파트,2023-02-15,41000,84.8922,21,2017,대밭골로
가호에일린의뜰,2023-02-11,33000,77.8216,11,2012,강변길
진주문산코아루,2023-02-16,35300,140.208,10,2010,월아산로1117번길
금광팰리스,2023-02-17,15350,84.732,5,2011,진양호로570번길
엠코타운더프라하,2023-02-16,40800,84.933,12,2014,새평거로
하영파크,2023-02-11,6300,56.74,5,1991,말티고개로100번길
금산아이파크,2023-02-08,20100,84.17,12,2004,중천로
진주센트럴자이,2023-02-14,33000,84.9059,4,2013,도동천로
신안주공3,2023-02-17,16700,59.8,4,1997,석갑로
하영그린맨션,2023-02-02,9200,67.98,2,1992,진양호로97번길
진주혁신도시중흥에스-클래스센트럴시티4단지,2023-02-15,44800,84.9815,16,2020,에나로175번길
더퀸즈웰가,2023-02-11,40500,84.7157,7,2015,새평거로
신안주공1,2023-02-11,24500,84.91,2,1998,신안들말길
초전해모로루비채4단지,2023-02-03,33300,84.9671,20,2014,초북로
혁신도시엘에이치아파트8단지,2023-02-11,26200,59.96,19,2015,사들로
초전해모로루비채2단지,2023-02-05,29400,84.9671,6,2014,초북로
하대주공,2023-02-15,7950,35.64,3,1982,상대로
진주혁신도시센텀리버파크,2023-02-15,30900,75.97,6,2013,사들로
혁신도시엘에이치아파트8단지,2023-02-10,26500,59.97,15,2015,사들로
금호석류,2023-02-08,20500,59.99,6,1999,강남로
초전해모로루비채4단지,2023-02-09,35000,84.9671,13,2014,초북로
진주혁신도시중흥에스-클래스센트럴시티4단지,2023-02-11,46700,84.9815,29,2020,에나로175번길
금산아이파크,2023-02-03,18400,84.17,1,2004,중천로
한주타운,2023-02-15,16500,74.95,10,1992,진주대로1208번길
혁신도시엘에이치아파트8단지,2023-02-15,27500,59.97,15,2015,사들로
진주혁신도시대방노블랜드더캐슬아파트,2023-02-06,55000,103.3591,4,2018,사들로
한림풀에버,2023-02-15,35300,84.9644,8,2015,소호로
센트렐웰가,2023-02-13,48000,84.9222,1,2018,진주역로73번길
진주강남동일동미라주,2023-02-13,32900,84.9831,16,2021,진주대로891번길
한보(하대3차),2023-02-11,14000,74.4,9,1993,남강로
센트렐웰가,2023-02-08,44000,84.9914,6,2018,진주역로73번길
진주롯데인벤스,2023-02-15,34400,138.18,10,2008,향교로
주공그린빌,2023-02-10,15150,51.74,17,2005,내동로348번길
대경강남타운,2023-02-08,20000,94.68,1,1997,진주대로891번길
일동,2023-02-06,10700,59.86,8,1994,초전북로
들말흥한타운,2023-02-03,30000,99.85,6,1998,석갑로
진주평거우방아이유쉘스카이팰리스,2023-02-13,42000,84.2136,16,2019,진양호로
진주혁신도시중흥에스-클래스센트럴시티4단지,2023-02-10,46500,84.9815,15,2020,에나로175번길
동신,2023-02-15,7700,64.5,3,1990,망진산길
들말대경,2023-02-13,18600,59.595,9,1998,석갑로53번길
이현하이클래스웰가,2023-02-11,29000,84.78,17,2008,진주대로
더퀸즈웰가,2023-02-11,41000,84.9163,13,2015,새평거로
진주혁신도시센텀리버파크,2023-02-03,31650,75.97,14,2013,사들로
진주혁신도시중흥에스-클래스센트럴시티4단지,2023-02-07,46500,84.9815,18,2020,에나로175번길
혁신도시엘에이치아파트8단지,2023-02-10,26400,59.97,11,2015,사들로
진주정촌대경파미르,2023-02-13,29000,76.253,19,2019,삼일로106번길
진주혁신도시중흥에스-클래스센트럴시티2단지,2023-02-14,47250,84.9815,18,2020,에나로
진주혁신도시대방노블랜드더캐슬아파트,2023-02-07,60000,103.3591,18,2018,사들로
진주혁신도시대방노블랜드더캐슬아파트,2023-02-05,53000,84.9899,12,2018,사들로
휴앤인엘리시움,2023-02-04,37000,84.8578,24,2019,에나로
일신,2023-02-06,14100,84.66,5,1991,하대로34번길
진주혁신코오롱하늘채,2023-02-08,37000,84.95,1,2014,사들로
신안국제맨션,2023-02-01,6500,54.2,1,1987,석갑로
휴앤인엘리시움,2023-02-10,38000,84.7831,14,2019,에나로
휴앤인엘리시움,2023-02-10,37000,84.8578,9,2019,에나로
진주혁신도시대방노블랜드더캐슬아파트,2023-02-13,53500,84.9474,17,2018,사들로
진주혁신코오롱하늘채,2023-02-13,32000,75.99,15,2014,사들로
엠코타운더프라하,2023-02-04,45200,84.933,24,2014,새평거로
평거휴먼시아4단지,2023-02-11,33700,84.95,12,2011,새평거로
한보,2023-02-12,11800,59.8837,10,1994,진주대로
대동,2023-02-09,5800,50.78,1,1979,도동천로184번길
금산흥한골든빌,2023-02-14,11500,58.12,2,2002,금산로
신안주공2,2023-02-11,14300,49.97,14,1996,신안들말길
한주타운,2023-02-07,17500,84.63,13,1992,진주대로1208번길
진주혁신도시라온프라이빗아파트,2023-02-05,39900,79.0385,11,2017,대밭골로
진주혁신도시라온프라이빗아파트,2023-02-03,40000,84.9087,25,2017,대밭골로
이화맨션,2023-02-10,6900,75.71,5,1989,망경남길
진주문산파란채,2023-02-12,20000,84.8829,7,2010,월아산로1048번길
진주혁신도시중흥에스-클래스더프라임,2023-02-08,47500,84.9858,10,2019,소호로19번길
삼환나우빌,2023-02-08,64000,149.967,19,2009,진주대로829번길
더퀸즈웰가,2023-02-11,40000,84.9163,8,2015,새평거로
힐스테이트초전,2023-02-07,41000,84.9196,12,2019,초북로
초전해모로루비채4단지,2023-02-03,31400,84.9671,8,2014,초북로
상대한보타운,2023-02-07,28000,119.88,4,2002,도동천로
태완노블리안,2023-02-13,5700,59.9823,2,2007,공치고개길
남강휴먼빌,2023-02-03,30000,84.9679,5,2010,순환로
진주문산코아루,2023-02-11,30000,114.9123,24,2010,월아산로1117번길
금산흥한골든빌,2023-02-10,8000,48.31,5,2002,금산로
문산한양하이빌,2023-02-12,13000,59.1,13,2001,월아산로
진주초장엠코타운더이스턴파크,2023-02-10,28000,73.556,24,2014,초북로
평거휴먼시아4단지,2023-02-11,28200,59.98,4,2011,새평거로
스카이시티프라디움,2023-02-09,45000,84.991,36,2019,개양로
진주혁신도시센텀리버파크,2023-02-13,36500,84.95,7,2013,사들로
하영파크,2023-02-12,6300,56.74,5,1991,말티고개로100번길
초전해모로루비채2단지,2023-02-04,32500,84.9908,19,2014,초북로
대경,2023-02-02,9500,59.85,15,1992,도동로264번길
신안주공2,2023-02-09,11400,39.99,5,1996,신안들말길
진주혁신도시중흥에스-클래스센트럴시티2단지,2023-02-10,61000,99.8723,29,2020,에나로
신안주공3,2023-02-10,16450,59.8,14,1997,석갑로
초전해모로루비채4단지,2023-02-04,33000,84.9671,13,2014,초북로
진주초장엠코타운더이스턴파크,2023-02-06,28000,73.556,6,2014,초북로
초전해모로루비채4단지,2023-02-04,33000,84.9908,14,2014,초북로
현대금빛마을,2023-02-09,7300,59.28,2,2000,진산로
힐스테이트초전,2023-02-02,41500,84.9351,24,2019,초북로
벽산블루밍(구)동신,2023-02-06,7800,59.76,1,1993,진양호로125번길
신안주공3,2023-02-08,15050,49.96,14,1997,석갑로
대흥빌라,2023-02-07,8900,71.58,2,1988,평거로284번길
혁신도시엘에이치아파트8단지,2023-02-04,27000,59.97,10,2015,사들로
들말대경,2023-02-03,31000,123.255,2,1998,석갑로53번길
초전해모로루비채2단지,2023-02-05,28000,74.9798,18,2014,초북로
한주타운,2023-02-06,25000,156.66,12,1992,진주대로1208번길
평거휴먼시아3단지,2023-02-06,37000,84.95,15,2011,새평거로
가호에일린의뜰,2023-02-04,35500,77.8216,9,2012,강변길
진주혁신도시대방노블랜드더캐슬아파트,2023-02-05,51700,84.9899,4,2018,사들로
엠코타운더프라하,2023-02-04,39000,84.9651,25,2014,새평거로
초전흥한,2023-02-04,23400,84.68,13,2001,초전남로
초전해모로루비채4단지,2023-02-01,32400,84.9671,23,2014,초북로
신안주공2,2023-02-04,16250,59.8,5,1996,신안들말길
순화스타씨티,2023-02-06,19000,84.546,3,2007,진주대로954번길
현대,2023-02-04,15400,84.99,11,1991,모덕로181번길
진주혁신도시중흥에스-클래스더퍼스트,2023-02-03,59500,99.864,3,2020,충의로
대동디지털황토,2023-02-03,21000,84.6814,1,2003,가호로44번길
원정로얄팰리스,2023-02-03,25000,97.75,6,2005,진양호로225번길
금산흥한골든빌,2023-02-02,8000,48.31,1,2002,금산로
진주문산코아루,2023-02-02,24000,84.9867,6,2010,월아산로1117번길
동신,2023-02-02,10700,84.62,1,1990,진양호로125번길
그린타운,2023-02-01,12870,84.66,6,1992,석갑로156번길
진주혁신도시라온프라이빗아파트,2023-02-01,40000,84.8922,18,2017,대밭골로
진주혁신도시센텀리버파크,2023-03-23,37100,84.88,14,2013,사들로
동일스위트,2023-03-13,28000,131.3163,1,2008,공단로
한주럭키타운,2023-03-30,23000,84.81,3,1990,진주대로
센트렐웰가,2023-03-09,46000,84.9914,18,2018,진주역로73번길
촉석맨션,2023-03-30,13000,82.08,3,1980,솔밭로92번길
혁신도시엘에이치아파트8단지,2023-03-30,25000,59.97,9,2015,사들로
삼영,2023-03-23,10700,81.18,2,1991,상봉대룡길
촉석맨션,2023-03-30,13000,82.08,3,1980,솔밭로92번길
혁신도시엘에이치아파트8단지,2023-03-31,28150,59.97,8,2015,사들로
진주정촌대경파미르,2023-03-31,33000,84.9625,8,2019,삼일로106번길
로얄맨션,2023-03-28,7000,68.9,5,1985,진주대로1208번길
진주혁신도시중흥에스-클래스더퍼스트,2023-03-26,66000,99.864,12,2020,충의로
이지더원,2023-03-27,37200,73.2086,22,2018,초장로
진주평거엘크루,2023-03-29,46000,84.9195,9,2016,새평거로
평거휴먼시아4단지,2023-03-20,26700,59.98,10,2011,새평거로
동국강변타워2,2023-03-29,13900,83.75,17,1992,돗골로19번길
센트렐웰가,2023-03-22,46000,84.9222,7,2018,진주역로73번길
진주혁신도시중흥에스-클래스센트럴시티3단지,2023-03-25,44500,84.8046,16,2020,에나로175번길
진주혁신도시중흥에스-클래스더퍼스트,2023-03-28,63700,99.864,10,2020,충의로
혁신도시엘에이치아파트8단지,2023-03-22,27700,59.97,11,2015,사들로
평거휴먼시아3단지,2023-03-15,38300,84.98,14,2011,새평거로
진주혁신도시중흥에스-클래스더프라임,2023-03-31,49000,84.9858,24,2019,소호로19번길
평거휴먼시아4단지,2023-03-30,34800,84.95,13,2011,새평거로
가호에일린의뜰,2023-03-23,30000,84.9982,3,2012,강변길
센트렐웰가,2023-03-30,40900,75.3872,22,2018,진주역로73번길
현대,2023-03-22,19000,84.93,13,1996,하대로
망경한보타운,2023-03-15,10800,59.44,2,1997,망경로
한림풀에버,2023-03-25,35500,84.9644,1,2015,소호로
가좌주공1차,2023-03-18,15400,49.94,15,1993,가호로
남강휴먼빌,2023-03-25,32500,84.9376,17,2010,순환로
대림,2023-03-25,13850,72.238,13,1991,도동천로
진주초전푸르지오1단지,2023-03-31,58700,162.517,1,2009,초장로14번길
주공그린빌,2023-03-18,22800,84.9,3,2005,내동로348번길
두산위브,2023-03-25,22900,84.995,16,2009,중장로154번길
상대한보타운,2023-03-20,25800,83.52,7,2002,도동천로
진주혁신도시중흥에스-클래스더퍼스트,2023-03-27,66000,99.864,12,2020,충의로
진주혁신도시중흥에스-클래스센트럴시티3단지,2023-03-30,47800,84.9815,12,2020,에나로175번길
임광,2023-03-29,9100,58.58,8,1989,모덕로
상대주공,2023-03-29,7300,41.55,3,1980,상대로
상대주공,2023-03-27,6700,40.99,4,1980,상대로
들말대경,2023-03-20,28000,84.99,9,1998,석갑로53번길
더퀸즈웰가,2023-03-26,39800,75.6705,20,2015,새평거로
진주혁신도시중흥에스-클래스센트럴시티2단지,2023-03-18,58000,99.8723,25,2020,에나로
평거현대1,2023-03-30,14500,59.4,6,1993,평거로115번길
시티프라디움,2023-03-13,43500,84.9941,6,2020,진주역로
센트렐웰가,2023-03-31,42900,84.8381,1,2018,진주역로73번길
혁신도시엘에이치아파트9단지,2023-03-14,29000,59.97,25,2017,사들로
하영무지개맨션,2023-03-28,12300,77.73,5,1993,진양호로
금산아이파크,2023-03-28,18800,84.17,8,2004,중천로
진주혁신도시대방노블랜드더캐슬아파트,2023-03-31,67300,104.8302,11,2018,사들로
동일스위트,2023-03-22,24500,84.9692,3,2008,공단로
진흥더루벤스,2023-03-25,24000,122.956,10,2009,금산로
금산흥한골든빌,2023-03-08,10800,58.12,7,2002,금산로
태완노블리안,2023-03-22,6950,59.9823,5,2007,공치고개길
신안주공1,2023-03-25,25000,74.83,8,1998,신안들말길
진주혁신도시중흥에스-클래스센트럴시티2단지,2023-03-24,61000,117.7407,28,2020,에나로
들말한보타운,2023-03-30,23500,84.98,1,1997,평거로39번길
가좌주공1차,2023-03-23,11100,41.3,1,1993,가호로
진흥더루벤스,2023-03-29,20500,84.9865,8,2009,금산로
진주혁신도시중흥에스-클래스더퍼스트,2023-03-14,67000,99.864,18,2020,충의로
임광,2023-03-29,7750,58.58,1,1989,모덕로
현대,2023-03-24,18100,84.93,7,1996,하대로
진주푸르지오1단지,2023-03-29,21000,84.9726,3,2007,덕의길
혁신도시엘에이치아파트8단지,2023-03-29,29400,59.97,22,2015,사들로
진주혁신도시중흥에스-클래스센트럴시티4단지,2023-03-31,47000,84.9815,25,2020,에나로175번길
금산흥한골든빌,2023-03-31,7800,48.31,8,2002,금산로
망경한보타운,2023-03-31,17700,84.82,10,1997,망경로
상평동신,2023-03-27,6500,40.56,3,1997,돗골로117번길
신안주공1,2023-03-31,31700,84.98,4,1998,신안들말길
망경한보타운,2023-03-10,17100,84.82,8,1997,망경로
동일스위트,2023-03-13,28000,131.3163,1,2008,공단로
금호석류,2023-03-26,23500,84.87,4,1999,강남로
금산흥한골든빌,2023-03-31,7800,48.31,8,2002,금산로
진주혁신도시대방노블랜드더캐슬아파트,2023-03-22,55800,84.9474,17,2018,사들로
들말한보타운,2023-03-31,27000,84.98,15,1997,평거로39번길
삼영,2023-03-23,10700,77.4,2,1991,상봉대룡길
현대,2023-03-25,23000,84.93,16,1996,하대로
한보힐타워,2023-03-27,7400,59.88,7,1992,상대로143번길
혁신도시엘에이치아파트9단지,2023-03-31,28800,59.97,8,2017,사들로
현대,2023-03-30,15300,84.55,4,1989,천수로
휴앤인엘리시움,2023-03-28,38000,84.7831,19,2019,에나로
엠코타운더프라하,2023-03-25,41900,84.933,16,2014,새평거로
신안주공1,2023-03-22,26500,84.53,7,1998,신안들말길
한보힐타워,2023-03-27,7400,59.88,7,1992,상대로143번길
혁신도시엘에이치아파트8단지,2023-03-28,27000,59.97,10,2015,사들로
진주혁신도시센텀리버파크,2023-03-23,37100,84.88,14,2013,사들로
진주혁신도시중흥에스-클래스센트럴시티4단지,2023-03-01,42700,84.8046,7,2020,에나로175번길
벽산블루밍(구)동신,2023-03-28,7000,52.53,5,1993,진양호로125번길
혁신도시엘에이치아파트9단지,2023-03-23,29900,59.97,12,2017,사들로
진주혁신도시중흥에스-클래스센트럴시티3단지,2023-03-15,48500,84.9815,26,2020,에나로175번길
센트렐웰가,2023-03-04,41500,75.7795,11,2018,진주역로73번길
들말흥한타운,2023-03-31,38000,125.61,10,1998,석갑로
라미,2023-03-22,3270,30.6298,3,2004,북장대로35번길
라미,2023-03-22,3820,35.6478,2,2004,북장대로35번길
남강휴먼빌,2023-03-30,30000,84.9679,8,2010,순환로
금산흥한골든빌,2023-03-22,10800,58.12,7,2002,금산로
두산위브,2023-03-29,22550,84.991,7,2009,중장로154번길
두산위브,2023-03-26,21600,84.994,8,2009,중장로154번길
혁신도시엘에이치아파트8단지,2023-03-23,28000,59.96,14,2015,사들로
진주정촌대경파미르,2023-03-30,30000,84.9426,1,2019,삼일로106번길
순화가밀라씨티빌,2023-03-30,4000,39.49,4,2003,북장대로35번길
두산위브,2023-03-22,24000,112.897,4,2009,중장로154번길
진주푸르지오1단지,2023-03-17,22500,84.9414,13,2007,덕의길
진주혁신도시라온프라이빗아파트,2023-03-28,43950,84.9087,6,2017,대밭골로
신안주공3,2023-03-30,16500,59.8,8,1997,석갑로
금호석류,2023-03-16,19600,59.99,2,1999,강남로
흥한타운1,2023-03-29,13000,59.73,12,1993,진양호로328번길
주공그린빌,2023-03-18,25000,84.9,7,2005,내동로348번길
힐스테이트초전,2023-03-22,45500,84.9196,23,2019,초북로
진주초장엠코타운더이스턴파크,2023-03-10,30000,73.556,17,2014,초북로
혁신도시엘에이치아파트8단지,2023-03-22,27700,59.97,11,2015,사들로
현대,2023-03-26,14300,84.55,1,1989,천수로
신안주공3,2023-03-24,14000,49.96,10,1997,석갑로
청구타운,2023-03-29,21500,84.98,11,1997,대신로475번길
진주혁신도시중흥에스-클래스더퍼스트,2023-03-09,64000,99.864,16,2020,충의로
한보,2023-03-03,15900,84.98,11,1994,진주대로
초전해모로루비채2단지,2023-03-25,33000,84.9671,2,2014,초북로
한주타운,2023-03-29,16100,74.95,6,1992,진주대로1208번길
진흥더루벤스,2023-03-21,24400,122.1795,11,2009,금산로
청구타운,2023-03-29,19500,84.98,4,1997,대신로475번길
초전해모로루비채4단지,2023-03-02,34000,84.9908,29,2014,초북로
더퀸즈웰가,2023-03-18,30700,58.4018,11,2015,새평거로
진주평거엘크루,2023-03-25,40500,72.6786,7,2016,새평거로
남강휴먼빌,2023-03-18,37500,133.0285,2,2010,순환로
라미,2023-03-24,3270,30.6298,3,2004,북장대로35번길
라미,2023-03-24,3820,35.6478,2,2004,북장대로35번길
센트렐웰가,2023-03-24,36000,59.45,27,2018,진주역로73번길
진주혁신도시대방노블랜드더캐슬아파트,2023-03-22,62500,103.9623,18,2018,사들로
진주혁신도시센텀리버파크,2023-03-13,36000,84.88,10,2013,사들로
가좌주공1차,2023-03-01,13450,41.3,12,1993,가호로
센트렐웰가,2023-03-21,36900,59.8868,33,2018,진주역로73번길
금산e편한세상,2023-03-11,21500,84.9746,18,2008,금산순환로80번길
한주타운,2023-03-11,20000,125.38,5,1992,진주대로1208번길
진주혁신도시중흥에스-클래스센트럴시티2단지,2023-03-15,49000,84.9815,30,2020,에나로
이현하이클래스웰가,2023-03-15,27000,75.07,16,2008,진주대로
센트렐웰가,2023-03-09,46000,84.9914,18,2018,진주역로73번길
들말한보타운,2023-03-15,28500,84.98,6,1997,평거로39번길
혁신도시엘에이치아파트9단지,2023-03-24,30500,59.97,18,2017,사들로
신안주공1,2023-03-23,26500,74.83,5,1998,신안들말길
순화가밀라씨티빌,2023-03-25,5200,39.49,5,2003,북장대로35번길
진주혁신도시중흥에스-클래스더프라임,2023-03-18,45500,84.9912,3,2019,소호로19번길
경남빌라나동(238-2),2023-03-23,7300,73.6,4,1990,숙호산로
신안주공1,2023-03-24,24700,74.83,12,1998,신안들말길
신안주공2,2023-03-25,15500,59.8,14,1996,신안들말길
진주강남동일동미라주,2023-03-22,44400,109.9586,9,2021,진주대로891번길
진주혁신도시중흥에스-클래스센트럴시티4단지,2023-03-18,49300,84.9815,20,2020,에나로175번길
진주혁신도시중흥에스-클래스센트럴시티4단지,2023-03-18,56000,99.8146,10,2020,에나로175번길
흥한타운2,2023-03-17,15100,59.935,4,1995,평거로139번길
들말대경,2023-03-15,26000,84.99,10,1998,석갑로53번길
더퀸즈웰가,2023-03-25,39000,75.4984,3,2015,새평거로
한림풀에버,2023-03-24,40000,84.9644,9,2015,소호로
현대,2023-03-20,15800,82.56,9,1985,강남로255번길
한보(하대3차),2023-03-18,12500,58.5,12,1993,남강로
들말한보타운,2023-03-24,16750,59.8,2,1997,평거로39번길
대림,2023-03-25,13000,72.238,7,1991,도동천로
진주혁신도시중흥에스-클래스더프라임,2023-03-18,54000,97.7268,7,2019,소호로19번길
초전해모로루비채4단지,2023-03-24,42000,100.8994,2,2014,초북로
고려,2023-03-12,5850,59.4,7,1994,동부로
금호석류,2023-03-14,25800,84.87,12,1999,강남로
문산한양하이빌,2023-03-20,12700,59.1,12,2001,월아산로
혁신도시엘에이치아파트9단지,2023-03-22,28000,59.97,5,2017,사들로
진주혁신도시중흥에스-클래스더프라임,2023-03-22,49000,84.9858,18,2019,소호로19번길
진주혁신도시대방노블랜드더캐슬아파트,2023-03-18,60700,103.3591,5,2018,사들로
두산위브,2023-03-19,22700,84.991,14,2009,중장로154번길
평거휴먼시아3단지,2023-03-13,37000,84.97,14,2011,새평거로
평거휴먼시아4단지,2023-03-23,30000,84.91,8,2011,새평거로
망경한보타운,2023-03-15,14900,84.82,4,1997,망경로
신안주공2,2023-03-21,15600,59.8,11,1996,신안들말길
초전해모로루비채4단지,2023-03-15,33000,84.9908,6,2014,초북로
동성가든타워,2023-03-20,9950,59.4,14,1994,진주대로
주공그린빌,2023-03-11,18100,59.27,5,2005,내동로348번길
힐스테이트초전,2023-03-13,49800,91.2066,29,2019,초북로
혁신도시엘에이치아파트9단지,2023-03-16,29100,59.97,24,2017,사들로
동서훼밀리,2023-03-22,6500,55.89,1,1992,선학산길
진주푸르지오2단지,2023-03-06,18200,59.924,7,2007,덕의길
신우파크빌,2023-03-23,25000,164.8,9,2001,도동로263번길
대경강남타운,2023-03-22,15700,59.81,16,1997,진주대로891번길
금산흥한골든빌,2023-03-15,10100,58.12,11,2002,금산로
진주혁신도시대방노블랜드더캐슬아파트,2023-03-22,55800,84.9474,17,2018,사들로
진주혁신도시대방노블랜드더캐슬아파트,2023-03-11,55700,84.9474,12,2018,사들로
삼환나우빌,2023-03-21,52000,129.138,13,2009,진주대로829번길
진주혁신도시대방노블랜드더캐슬아파트,2023-03-11,65800,103.3591,19,2018,사들로
한보,2023-03-21,16600,84.98,7,1994,진주대로
금산아이파크,2023-03-18,19500,84.17,11,2004,중천로
휴앤인엘리시움,2023-03-14,39500,84.7831,26,2019,에나로
한보(하대3차),2023-03-11,9600,58.5,3,1993,남강로
진주혁신도시센텀리버파크,2023-03-13,38000,84.88,24,2013,사들로
금호석류,2023-03-19,37000,122.49,4,1999,강남로
엠코타운더프라하,2023-03-17,43000,84.9651,31,2014,새평거로
진주정촌대경파미르,2023-03-21,32500,84.9625,5,2019,삼일로106번길
금산흥한골든빌,2023-03-17,4900,37.84,4,2002,금산로
진주혁신도시센텀리버파크,2023-03-18,37300,84.95,15,2013,사들로
금산e편한세상,2023-03-13,22500,84.9746,10,2008,금산순환로80번길
금산흥한골든빌,2023-03-12,11100,58.12,13,2002,금산로
신안주공2,2023-03-21,14200,49.97,5,1996,신안들말길
진주혁신도시중흥에스-클래스더퍼스트,2023-03-20,64500,99.864,13,2020,충의로
한림풀에버,2023-03-16,39300,84.9088,11,2015,소호로
금산아이파크,2023-03-22,23500,100.94,12,2004,중천로
진주초전푸르지오1단지,2023-03-20,34500,84.77,3,2009,초장로14번길
혁신도시엘에이치아파트9단지,2023-03-10,31500,59.97,25,2017,사들로
진주혁신도시대방노블랜드더캐슬아파트,2023-03-12,52250,84.9899,8,2018,사들로
진주우방아이유쉘,2023-03-16,31000,84.9578,19,2017,삼일로
평거현대2,2023-03-13,27200,146.17,2,1994,신안들말길
주공그린빌,2023-03-20,20000,59.27,10,2005,내동로348번길
평거현대1,2023-03-20,22700,84.75,6,1993,평거로115번길
진주혁신코오롱하늘채,2023-03-13,36000,84.95,13,2014,사들로
혁신도시엘에이치아파트8단지,2023-03-11,28000,59.96,13,2015,사들로
한주럭키타운,2023-03-17,23500,84.56,9,1990,진주대로
진주혁신도시중흥에스-클래스센트럴시티3단지,2023-03-20,55700,99.8723,25,2020,에나로175번길
진주혁신도시라온프라이빗아파트,2023-03-21,41800,84.8922,1,2017,대밭골로
진주혁신도시중흥에스-클래스더프라임,2023-03-12,49800,84.9912,15,2019,소호로19번길
한림풀에버,2023-03-11,37000,84.9644,5,2015,소호로
진주혁신도시센텀리버파크,2023-03-18,36770,84.95,12,2013,사들로
진주혁신도시중흥에스-클래스더퍼스트,2023-03-17,61800,99.864,5,2020,충의로
한림풀에버,2023-03-07,34300,67.1597,5,2015,소호로
진주혁신도시중흥에스-클래스더퍼스트,2023-03-03,63900,99.864,9,2020,충의로
금호석류,2023-03-17,41000,122.49,4,1999,강남로
진주혁신코오롱하늘채,2023-03-09,37700,84.95,18,2014,사들로
한주럭키타운,2023-03-17,23500,84.56,9,1990,진주대로
한보타운,2023-03-17,14400,84.6,9,1993,진양호로97번길
대림,2023-03-10,15300,84.29,8,1991,도동천로
신안원정그린빌,2023-03-15,11200,59.99,12,2002,촉석로50번길
평거휴먼시아4단지,2023-03-18,33400,84.98,9,2011,새평거로
센트렐웰가,2023-03-11,34500,59.8868,6,2018,진주역로73번길
진주혁신도시중흥에스-클래스더프라임,2023-03-13,44500,84.9858,2,2019,소호로19번길
들말흥한타운,2023-03-12,43000,125.61,15,1998,석갑로
센트렐웰가,2023-03-18,43900,84.9222,7,2018,진주역로73번길
평거휴먼시아3단지,2023-03-15,38300,84.98,14,2011,새평거로
들말한보타운,2023-03-07,30500,84.98,5,1997,평거로39번길
진주혁신도시중흥에스-클래스더프라임,2023-03-15,48500,84.9912,19,2019,소호로19번길
남강휴먼빌,2023-03-03,29500,84.9376,7,2010,순환로
엠코타운더프라하,2023-03-14,39000,84.9651,4,2014,새평거로
초전해모로루비채2단지,2023-03-09,29300,74.9798,11,2014,초북로
센트렐웰가,2023-03-10,44500,84.9222,13,2018,진주역로73번길
신안주공3,2023-03-03,16000,59.8,5,1997,석갑로
한림풀에버,2023-03-16,37500,84.9644,8,2015,소호로
남강휴먼빌,2023-03-14,29500,84.9679,14,2010,순환로
건영아모리움,2023-03-15,30000,74.7092,10,2017,진양호로225번길
진주롯데인벤스,2023-03-14,38000,146.83,13,2008,향교로
주공그린빌,2023-03-01,17250,51.74,17,2005,내동로348번길
한주럭키타운,2023-03-10,23400,84.81,13,1990,진주대로
한림풀에버,2023-03-08,39500,84.9644,9,2015,소호로
진주초전푸르지오2단지,2023-03-14,41800,125.029,5,2010,초장로14번길
혁신도시엘에이치아파트8단지,2023-03-16,27000,59.97,8,2015,사들로
진주초전푸르지오1단지,2023-03-09,38000,101.977,12,2009,초장로14번길
들말한보타운,2023-03-14,20000,59.8,8,1997,평거로39번길
진주혁신도시중흥에스-클래스센트럴시티3단지,2023-03-04,46300,84.8046,10,2020,에나로175번길
진주정촌대경파미르,2023-03-05,28000,66.1957,17,2019,삼일로106번길
진주혁신코오롱하늘채,2023-03-06,35000,84.95,11,2014,사들로
진주혁신도시센텀리버파크,2023-03-03,35700,84.95,17,2013,사들로
대림,2023-03-13,17400,79.29,11,1995,말티고개로
진주초장엠코타운더이스턴파크,2023-03-10,30000,73.556,17,2014,초북로
진주혁신도시중흥에스-클래스더프라임,2023-03-11,46800,84.9858,20,2019,소호로19번길
엠코타운더프라하,2023-03-11,35000,84.9651,2,2014,새평거로
센트렐웰가,2023-03-11,46700,84.9914,30,2018,진주역로73번길
진주초전푸르지오2단지,2023-03-09,45000,125.029,22,2010,초장로14번길
대림맨션,2023-03-01,7500,73.11,2,1987,서장대로393번길
순화가밀라씨티빌,2023-03-10,1600,14.63,2,2003,북장대로35번길
상대주공,2023-03-13,7600,40.99,5,1980,상대로
남강휴먼빌,2023-03-10,30000,84.9376,18,2010,순환로
상대주공,2023-03-12,6800,41.55,5,1980,상대로
진주푸르지오1단지,2023-03-13,21300,84.9726,15,2007,덕의길
동신,2023-03-11,6300,49.72,14,1992,광제산로
가좌주공2차,2023-03-11,11600,38.64,8,1993,가호로
들말한보타운,2023-03-10,19900,59.8,8,1997,평거로39번길
엠코타운더프라하,2023-03-09,38500,84.9651,9,2014,새평거로
혁신도시엘에이치아파트8단지,2023-03-10,26200,59.97,7,2015,사들로
스카이시티프라디움,2023-03-03,48200,84.9898,19,2019,개양로
혁신도시엘에이치아파트9단지,2023-03-13,26500,59.97,9,2017,사들로
금호석류,2023-03-09,27000,84.87,5,1999,강남로
초전해모로루비채2단지,2023-03-01,32000,84.9671,3,2014,초북로
주공그린빌,2023-03-10,24000,84.9,4,2005,내동로348번길
주공그린빌,2023-03-01,18800,59.27,8,2005,내동로348번길
혁신도시엘에이치아파트8단지,2023-03-09,26800,59.96,4,2015,사들로
힐스테이트초전,2023-03-04,38500,84.9196,15,2019,초북로
하대한양,2023-03-07,3900,29.47,1,2000,하대로40번길
혁신도시엘에이치아파트8단지,2023-03-10,27700,59.96,13,2015,사들로
대림맨션,2023-03-03,11000,82.02,1,1987,서장대로393번길
평거휴먼시아3단지,2023-03-05,39400,84.98,9,2011,새평거로
조선빌라,2023-03-07,15000,102.34,3,2005,창렬로14번길
혁신도시엘에이치아파트8단지,2023-03-11,27350,59.97,9,2015,사들로
혁신도시엘에이치5단지,2023-03-11,31400,75.84,14,2014,충의로
들말대경,2023-03-10,18700,59.595,11,1998,석갑로53번길
가좌주공1차,2023-03-04,16050,49.94,12,1993,가호로
진주혁신도시라온프라이빗아파트,2023-03-09,44500,84.9087,9,2017,대밭골로
진주혁신도시중흥에스-클래스센트럴시티4단지,2023-03-13,43000,84.9815,5,2020,에나로175번길
상대한보타운,2023-03-06,22000,83.52,16,2002,도동천로
진주문산파란채,2023-03-11,19800,84.9015,1,2010,월아산로1048번길
진주초장엠코타운더이스턴파크,2023-03-10,27700,73.556,1,2014,초북로
혁신도시엘에이치아파트8단지,2023-03-09,26200,59.97,6,2015,사들로
진주혁신도시중흥에스-클래스더프라임,2023-03-08,49500,97.7268,5,2019,소호로19번길
진주문산코아루,2023-03-07,25800,84.591,23,2010,월아산로1117번길
진주문산파란채,2023-03-09,19500,84.8829,5,2010,월아산로1048번길
주공그린빌,2023-03-08,18200,59.27,8,2005,내동로348번길
현대금빛마을,2023-03-07,8000,59.28,5,2000,진산로
혁신도시엘에이치아파트9단지,2023-03-01,27900,59.97,17,2017,사들로
진주혁신도시중흥에스-클래스센트럴시티3단지,2023-03-06,46000,84.9815,5,2020,에나로175번길
진주혁신도시중흥에스-클래스더퍼스트,2023-03-06,69000,113.4763,4,2020,충의로
평거현대2,2023-03-02,27200,146.17,2,1994,신안들말길
일동,2023-03-03,9300,59.86,5,1994,초전북로
현대,2023-03-01,15300,84.55,4,1989,천수로
진주푸르지오1단지,2023-03-09,25000,115.1967,16,2007,덕의길
들말흥한타운,2023-03-06,27500,84.89,11,1998,석갑로
동국강변타워1,2023-03-05,11500,74.28,8,1991,큰들로66번길
진주문산코아루,2023-03-07,30300,114.9123,17,2010,월아산로1117번길
진주혁신도시중흥에스-클래스센트럴시티4단지,2023-03-03,43700,84.8046,6,2020,에나로175번길
신안국제맨션,2023-03-09,4500,44.85,5,1987,석갑로
진주혁신도시중흥에스-클래스더퍼스트,2023-03-03,77500,113.4763,14,2020,충의로
현대,2023-03-08,12900,59.89,4,1996,하대로
평거대화리네르빌,2023-03-04,22000,84.71,4,2004,순환로559번길
진주초장엠코타운더이스턴파크,2023-03-08,29000,73.6669,23,2014,초북로
포레나신진주,2023-03-06,41500,84.9515,4,2019,진주역로96번길
들말한보타운,2023-03-04,19800,59.8,6,1997,평거로39번길
신안주공1,2023-03-07,24500,84.91,2,1998,신안들말길
혁신도시엘에이치아파트9단지,2023-03-01,28500,59.97,11,2017,사들로
금산흥한골든빌,2023-03-07,5700,37.84,5,2002,금산로
두산위브,2023-03-02,21700,84.994,19,2009,중장로154번길
현대,2023-03-03,24800,125.25,7,1989,천수로
이현하이클래스웰가,2023-03-01,27300,84.98,20,2008,진주대로
진주혁신도시중흥에스-클래스더퍼스트,2023-03-06,59990,99.9097,5,2020,충의로
평거휴먼시아3단지,2023-03-03,36900,84.95,13,2011,새평거로
한림풀에버,2023-03-02,41800,84.9088,7,2015,소호로
들말흥한타운,2023-03-06,24500,77.391,6,1998,석갑로
덕산,2023-03-07,9400,59.73,6,1995,서장대로178번길
한림풀에버,2023-03-04,37000,84.9088,13,2015,소호로
한림풀에버,2023-03-06,38500,84.9088,11,2015,소호로
평거현대1,2023-03-02,22700,84.75,6,1993,평거로115번길
들말흥한타운,2023-03-05,38000,125.61,10,1998,석갑로
금호석류,2023-03-03,41500,122.49,11,1999,강남로
진주혁신도시중흥에스-클래스더프라임,2023-03-06,49400,84.9912,9,2019,소호로19번길
엠코타운더프라하,2023-03-04,41200,84.933,32,2014,새평거로
더퀸즈웰가,2023-03-04,35000,65.6733,23,2015,새평거로
금산흥한골든빌,2023-03-01,15800,73.61,10,2002,금산로
제일풍경채,2023-03-01,45000,138.9363,10,2007,가좌안골길21번길
진주초전푸르지오2단지,2023-03-02,43500,125.029,22,2010,초장로14번길
진주강남동일동미라주,2023-03-02,33500,84.9831,12,2021,진주대로891번길
더퀸즈웰가,2023-03-02,30000,58.7908,13,2015,새평거로
진주평거엘크루,2023-03-01,43000,84.9624,11,2016,새평거로
진주혁신도시중흥에스-클래스센트럴시티4단지,2023-03-01,46200,84.9815,13,2020,에나로175번길
평거현대1,2023-04-16,14300,59.4,7,1993,평거로115번길
진주혁신도시센텀리버파크,2023-04-28,37000,84.83,24,2013,사들로
진주혁신도시중흥에스-클래스센트럴시티2단지,2023-04-16,49000,84.9815,12,2020,에나로
진주푸르지오1단지,2023-04-25,15350,59.924,7,2007,덕의길
신안주공3,2023-04-04,14800,59.8,1,1997,석갑로
청구타운,2023-04-29,14500,59.99,3,1997,대신로475번길
현대금빛마을,2023-04-26,13800,84.876,9,2000,진산로
금산e편한세상,2023-04-26,25500,125.5173,1,2008,금산순환로80번길
초전해모로루비채2단지,2023-04-22,32700,84.9671,6,2014,초북로
현대,2023-04-23,11800,59.89,24,1996,하대로
석류맨션,2023-04-25,5000,49.86,5,1987,공단로44번길
칠암대덕,2023-04-26,14500,59.97,6,2004,진주대로942번길
대림,2023-04-20,6900,57.31,7,1993,향교로115번길
현대,2023-04-25,16300,84.55,13,1989,천수로
동성가든타워,2023-04-28,9500,59.4,12,1994,진주대로
시티프라디움,2023-04-28,43500,84.9941,15,2020,진주역로
대경강남타운,2023-04-09,12000,59.81,1,1997,진주대로891번길
한보(하대3차),2023-04-23,10000,58.5,17,1993,남강로
상봉1,2023-04-18,6600,41.389,5,1976,창렬로
한주럭키타운,2023-04-19,29500,123.33,5,1990,진주대로
주공그린빌,2023-04-21,23000,84.9,3,2005,내동로348번길
엠코타운더프라하,2023-04-30,39800,84.933,6,2014,새평거로
진주혁신도시중흥에스-클래스센트럴시티2단지,2023-04-25,74500,117.7407,7,2020,에나로
진주혁신도시중흥에스-클래스더프라임,2023-04-12,48800,84.9912,4,2019,소호로19번길
센트렐웰가,2023-04-21,41200,75.7795,22,2018,진주역로73번길
혁신도시엘에이치아파트9단지,2023-04-21,30000,59.97,18,2017,사들로
가좌주공1차,2023-04-15,16450,49.94,7,1993,가호로
대경강변맨션,2023-04-29,11900,84.96,1,1991,남강로503번길
진주혁신코오롱하늘채,2023-04-26,37700,84.95,10,2014,사들로
한림풀에버,2023-04-29,39000,84.9644,13,2015,소호로
망경한보타운,2023-04-24,14000,84.82,1,1997,망경로
진주센트럴자이,2023-04-13,33000,84.956,15,2013,도동천로
한보은빛마을,2023-04-30,29400,125.12,11,2002,천수로
진주초장엠코타운더이스턴파크,2023-04-29,37000,101.828,8,2014,초북로
진주혁신도시중흥에스-클래스더프라임,2023-04-21,49500,84.9912,14,2019,소호로19번길
진주혁신도시중흥에스-클래스더프라임,2023-04-19,49000,84.9912,11,2019,소호로19번길
진흥더루벤스,2023-04-18,24000,122.956,8,2009,금산로
센트렐웰가,2023-04-22,50000,84.9222,23,2018,진주역로73번길
한보,2023-04-26,9800,59.8837,20,1994,진주대로
진주혁신코오롱하늘채,2023-04-30,32500,75.84,5,2014,사들로
진주혁신도시중흥에스-클래스더프라임,2023-04-18,50000,84.9912,13,2019,소호로19번길
현대금빛마을,2023-04-16,8600,59.28,15,2000,진산로
한보(하대3차),2023-04-20,13400,74.4,8,1993,남강로
흥한타운,2023-04-17,13200,59.88,11,1995,대신로243번길
임광,2023-04-29,9800,55.25,1,1989,모덕로
동일스위트,2023-04-25,24000,84.9692,3,2008,공단로
동일스위트,2023-04-11,30300,131.3163,6,2008,공단로
이현하이클래스웰가,2023-04-26,26250,75.07,15,2008,진주대로
현대,2023-04-25,16300,84.55,13,1989,천수로
이현하이클래스웰가,2023-04-23,49000,127.76,12,2008,진주대로
삼성,2023-04-20,21000,84.93,7,1996,동부로43번길
대동디지털황토,2023-04-29,19000,59.9762,11,2003,가호로44번길
진주혁신도시센텀리버파크,2023-04-28,37000,84.83,24,2013,사들로
한림풀에버,2023-04-28,34400,67.3717,10,2015,소호로
진주초전푸르지오2단지,2023-04-29,42000,125.029,8,2010,초장로14번길
진주혁신도시센텀리버파크,2023-04-27,37000,84.83,22,2013,사들로
진주정촌대경파미르,2023-04-21,25800,66.1957,5,2019,삼일로106번길
금산흥한골든빌,2023-04-27,10700,58.12,5,2002,금산로
상대주공,2023-04-28,7800,42.12,3,1980,상대로
진주혁신도시대방노블랜드더캐슬아파트,2023-04-11,57500,84.9474,9,2018,사들로
삼호맨션,2023-04-21,8300,56.26,1,1990,하대로106번길
금산e편한세상,2023-04-23,21000,84.9746,14,2008,금산순환로80번길
신안주공2,2023-04-27,12400,49.97,2,1996,신안들말길
진주혁신도시중흥에스-클래스더퍼스트,2023-04-29,63000,99.864,4,2020,충의로
상대주공,2023-04-29,7800,41.55,4,1980,상대로
진주혁신도시센텀리버파크,2023-04-24,37700,84.88,18,2013,사들로
진주혁신코오롱하늘채,2023-04-19,34700,84.95,3,2014,사들로
진주우방아이유쉘,2023-04-15,30000,84.9756,13,2017,삼일로
진주문산파란채,2023-04-28,19500,84.9015,14,2010,월아산로1048번길
진주혁신도시중흥에스-클래스더프라임,2023-04-26,53850,97.7268,8,2019,소호로19번길
가좌주공1차,2023-04-29,12800,41.3,14,1993,가호로
진주혁신코오롱하늘채,2023-04-16,34700,84.95,3,2014,사들로
금산흥한골든빌,2023-04-26,14400,73.61,8,2002,금산로
현대,2023-04-29,13700,84.99,3,1991,모덕로181번길
금산e편한세상,2023-04-24,22000,84.9746,14,2008,금산순환로80번길
흥한타운2,2023-04-29,16700,59.935,6,1995,평거로139번길
진주정촌대경파미르,2023-04-19,26140,84.9426,3,2019,삼일로106번길
진주초전푸르지오1단지,2023-04-24,35800,84.77,7,2009,초장로14번길
진주혁신도시중흥에스-클래스더프라임,2023-04-29,49900,84.9912,18,2019,소호로19번길
진주평거우방아이유쉘스카이팰리스,2023-04-25,42800,84.2136,10,2019,진양호로
망경한보타운,2023-04-14,12000,59.44,20,1997,망경로
남강휴먼빌,2023-04-15,29500,84.9376,23,2010,순환로
진주푸르지오1단지,2023-04-25,15350,59.924,7,2007,덕의길
금산흥한골든빌,2023-04-29,8100,48.31,2,2002,금산로
에스디푸른마을,2023-04-29,8300,43.244,1,2010,상봉대룡길
대림,2023-04-03,17500,129.1,7,1989,남강로
혁신도시엘에이치5단지,2023-04-23,35700,84.95,16,2014,충의로
대화파크맨션,2023-04-12,8950,84.705,5,1991,하대로105번길
진주강남동일동미라주,2023-04-29,34700,84.9806,6,2021,진주대로891번길
동일스위트,2023-04-14,25500,84.725,21,2008,공단로
삼호가든맨션,2023-04-25,8000,84.63,4,1988,신안로164번길
혁신도시엘에이치아파트8단지,2023-04-24,28100,59.96,5,2015,사들로
상대한보타운,2023-04-28,18950,75.06,10,2002,도동천로
진주센트럴자이,2023-04-25,34300,84.956,11,2013,도동천로
신안주공3,2023-04-28,16200,59.8,14,1997,석갑로
신안주공3,2023-04-04,14000,59.8,1,1997,석갑로
흥한타운1,2023-04-13,33000,149.325,11,1993,진양호로328번길
초전해모로루비채4단지,2023-04-21,33000,84.9908,10,2014,초북로
영남맨션,2023-04-20,11500,83.4,1,1989,신안로
주공그린빌,2023-04-21,20200,59.27,15,2005,내동로348번길
혁신도시엘에이치5단지,2023-04-21,32800,84.95,2,2014,충의로
포레나신진주,2023-04-20,43500,84.9543,24,2019,진주역로96번길
힐스테이트초전,2023-04-26,44700,84.9351,16,2019,초북로
혁신도시엘에이치5단지,2023-04-20,34800,84.95,6,2014,충의로
진주정촌대경파미르,2023-04-26,26300,66.1957,7,2019,삼일로106번길
진주초장엠코타운더이스턴파크,2023-04-06,28500,73.556,22,2014,초북로
힐스테이트초전,2023-04-20,42500,84.9196,9,2019,초북로
진주혁신코오롱하늘채,2023-04-21,31800,75.84,20,2014,사들로
진주혁신코오롱하늘채,2023-04-20,31800,75.84,15,2014,사들로
대영,2023-04-26,14900,84.86,15,1992,말티고개로
힐스테이트초전,2023-04-27,47700,91.0451,31,2019,초북로
상대주공,2023-04-27,9200,40.99,1,1980,상대로
초전해모로루비채4단지,2023-04-23,34700,84.9908,17,2014,초북로
혁신도시엘에이치아파트8단지,2023-04-24,27900,59.97,7,2015,사들로
한보,2023-04-26,15550,84.9575,9,1994,진주대로
대림맨션,2023-04-10,10700,82.02,4,1987,서장대로393번길
힐스테이트초전,2023-04-27,42600,84.9196,6,2019,초북로
혁신도시엘에이치아파트8단지,2023-04-26,29000,59.96,20,2015,사들로
진주평거우방아이유쉘스카이팰리스,2023-04-26,42000,84.0198,14,2019,진양호로
진주평거우방아이유쉘스카이팰리스,2023-04-26,43000,84.2136,29,2019,진양호로
청구타운,2023-04-23,20300,84.98,6,1997,대신로475번길
청구타운,2023-04-14,19300,84.98,10,1997,대신로475번길
초전흥한,2023-04-24,20700,76.91,7,2001,초전남로
진주혁신도시중흥에스-클래스더퍼스트,2023-04-14,63500,99.864,5,2020,충의로
혁신도시엘에이치아파트9단지,2023-04-24,29700,59.97,12,2017,사들로
진주초전푸르지오1단지,2023-04-17,35000,84.77,8,2009,초장로14번길
현대,2023-04-19,13200,59.89,4,1996,하대로
혁신도시엘에이치아파트8단지,2023-04-23,28600,59.97,11,2015,사들로
센트렐웰가,2023-04-22,48000,84.9222,20,2018,진주역로73번길
진주초전푸르지오1단지,2023-04-24,58000,162.517,17,2009,초장로14번길
진주혁신코오롱하늘채,2023-04-21,32200,84.95,1,2014,사들로
진주초장엠코타운더이스턴파크,2023-04-15,31500,73.556,23,2014,초북로
동신,2023-04-10,12900,84.37,2,1990,진양호로125번길
혁신도시엘에이치아파트8단지,2023-04-19,27500,59.97,10,2015,사들로
현대,2023-04-23,11700,59.89,24,1996,하대로
힐스테이트초전,2023-04-23,49600,91.2066,27,2019,초북로
진주정촌대경파미르,2023-04-08,30000,84.9625,20,2019,삼일로106번길
한보타운,2023-04-02,8500,59.94,15,1993,진양호로97번길
동국한양빌라,2023-04-24,6000,43.7,2,1992,월아산로
한림풀에버,2023-04-18,38700,84.9088,6,2015,소호로
진주혁신코오롱하늘채,2023-04-24,37900,84.95,19,2014,사들로
국민주택,2023-04-24,4000,33.39,2,1992,진양호로97번길
진주혁신도시중흥에스-클래스센트럴시티4단지,2023-04-15,48000,84.8046,10,2020,에나로175번길
혁신도시엘에이치5단지,2023-04-18,34900,84.95,8,2014,충의로
상봉1,2023-04-24,8000,41.9,2,1976,창렬로
동신,2023-04-21,4500,59.64,5,1990,망진산길
미르젠,2023-04-09,13900,49.74,2,2017,하대로26번길
이현하이클래스웰가,2023-04-06,31000,84.78,9,2008,진주대로
진주혁신도시센텀리버파크,2023-04-22,36800,84.88,3,2013,사들로
금산아이파크,2023-04-10,20000,84.17,11,2004,중천로
일동,2023-04-15,10200,59.86,1,1994,초전북로
혁신도시엘에이치5단지,2023-04-13,31400,75.99,7,2014,충의로
진주혁신도시중흥에스-클래스센트럴시티4단지,2023-04-07,49400,84.9815,22,2020,에나로175번길
엠코타운더프라하,2023-04-21,41200,84.9651,30,2014,새평거로
가좌주공1차,2023-04-24,13000,41.3,11,1993,가호로
진주푸르지오1단지,2023-04-15,22000,84.9414,4,2007,덕의길
신안원정그린빌,2023-04-22,14000,59.99,4,2002,촉석로50번길
에스디푸른마을,2023-04-24,18000,84.945,4,2010,상봉대룡길
혁신도시엘에이치5단지,2023-04-21,32800,84.95,2,2014,충의로
흥한,2023-04-14,8480,84.99,4,1990,선학산길
혁신도시엘에이치아파트8단지,2023-04-23,27900,59.97,11,2015,사들로
평거현대1,2023-04-22,14500,59.4,4,1993,평거로115번길
초전해모로루비채2단지,2023-04-21,34400,84.9671,14,2014,초북로
상대한보타운,2023-04-17,15000,75.06,16,2002,도동천로
금산흥한골든빌,2023-04-10,13900,73.61,14,2002,금산로
더퀸즈웰가,2023-04-20,34000,66.3912,9,2015,새평거로
문산한양하이빌,2023-04-23,13000,79.0,6,2001,월아산로
제일풍경채,2023-04-23,37500,110.7705,12,2007,가좌안골길21번길
진주초전푸르지오2단지,2023-04-17,58200,134.969,16,2010,초장로14번길
엠코타운더프라하,2023-04-17,41500,84.933,28,2014,새평거로
두산위브,2023-04-15,22500,84.991,15,2009,중장로154번길
하대주공,2023-04-24,10250,44.03,4,1982,상대로
혁신도시엘에이치5단지,2023-04-16,34400,84.95,12,2014,충의로
평거현대1,2023-04-16,14300,59.4,7,1993,평거로115번길
남강휴먼빌,2023-04-21,27000,84.9679,3,2010,순환로
진주혁신도시중흥에스-클래스더프라임,2023-04-15,47000,84.9912,2,2019,소호로19번길
망경한보타운,2023-04-06,12900,59.44,16,1997,망경로
진주혁신도시라온프라이빗아파트,2023-04-16,44900,84.8827,23,2017,대밭골로
상대한보타운,2023-04-05,22000,83.52,12,2002,도동천로
상대진주(나동),2023-04-08,10000,84.99,2,1989,모덕로181번길
흥한타운2,2023-04-17,14200,59.88,11,1995,평거로139번길
현대(봉곡맨션),2023-04-07,5500,79.24,5,1986,진주대로1195번길
제일풍경채,2023-04-20,46000,138.9363,10,2007,가좌안골길21번길
혁신도시엘에이치5단지,2023-04-13,34200,84.95,11,2014,충의로
진주혁신도시중흥에스-클래스더프라임,2023-04-15,49800,84.9912,13,2019,소호로19번길
진주혁신도시센텀리버파크,2023-04-15,37400,84.95,13,2013,사들로
진주초전푸르지오1단지,2023-04-19,44300,121.144,17,2009,초장로14번길
하대주공,2023-04-15,7500,36.2,5,1982,상대로
혁신도시엘에이치아파트9단지,2023-04-16,29500,59.97,18,2017,사들로
금산흥한골든빌,2023-04-20,14500,73.61,10,2002,금산로
삼호맨션,2023-04-07,9550,76.55,4,1990,하대로106번길
진주정촌대경파미르,2023-04-07,28000,84.9426,16,2019,삼일로106번길
이지더원,2023-04-15,43000,84.9614,20,2018,초장로
두산위브,2023-04-10,32000,138.043,20,2009,중장로154번길
가좌주공1차,2023-04-15,16450,49.94,7,1993,가호로
현대,2023-04-01,25300,84.96,3,2000,진주대로815번길
하대주공,2023-04-19,10000,44.3,5,1982,상대로
신안주공1,2023-04-19,19500,84.98,1,1998,신안들말길
대영,2023-04-10,8700,65.97,1,1992,말티고개로
진주혁신도시센텀리버파크,2023-04-13,37500,84.95,20,2013,사들로
현대,2023-04-03,14000,84.99,2,1991,모덕로181번길
진주문산코아루,2023-04-15,25500,84.591,22,2010,월아산로1117번길
진주강남동일동미라주,2023-04-17,35300,84.9806,5,2021,진주대로891번길
진주문산코아루,2023-04-18,24800,84.9867,6,2010,월아산로1117번길
대경아르떼빌,2023-04-19,8900,31.02,10,2002,동부로67번길
신안주공2,2023-04-14,14000,49.97,14,1996,신안들말길
진주혁신코오롱하늘채,2023-04-09,31000,75.99,9,2014,사들로
우신파크맨션,2023-04-12,9800,84.64,1,1992,숙호산로
금산흥한골든빌,2023-04-13,10500,58.12,3,2002,금산로
현대,2023-04-08,16800,84.93,3,1996,하대로
신안주공2,2023-04-17,13000,49.97,6,1996,신안들말길
현대,2023-04-12,14900,84.99,8,1991,모덕로181번길
덕산,2023-04-14,17050,75.75,21,1995,서장대로178번길
진주혁신도시라온프라이빗아파트,2023-04-14,44500,84.8827,14,2017,대밭골로
신안주공1,2023-04-17,22000,84.98,1,1998,신안들말길
금산흥한골든빌,2023-04-14,5500,37.84,2,2002,금산로
대경,2023-04-03,8000,59.85,8,1992,도동로264번길
현대,2023-04-14,18000,84.55,4,1989,천수로
진주혁신도시중흥에스-클래스더퍼스트,2023-04-08,66000,99.864,14,2020,충의로
평거휴먼시아3단지,2023-04-15,38300,84.95,14,2011,새평거로
엠코타운더프라하,2023-04-09,42000,84.9651,17,2014,새평거로
혁신도시엘에이치아파트8단지,2023-04-15,26900,59.97,6,2015,사들로
센트렐웰가,2023-04-10,46500,84.9222,30,2018,진주역로73번길
진주혁신도시중흥에스-클래스센트럴시티2단지,2023-04-16,49000,84.9815,12,2020,에나로
신안주공2,2023-04-15,16600,59.8,5,1996,신안들말길
한주럭키타운,2023-04-14,21500,76.58,11,1990,진주대로
진주초장엠코타운더이스턴파크,2023-04-15,37800,101.828,20,2014,초북로
진주우방아이유쉘,2023-04-02,31500,84.9578,13,2017,삼일로
힐스테이트초전,2023-04-14,46700,84.9196,22,2019,초북로
들말흥한타운,2023-04-15,26500,84.89,5,1998,석갑로
들말흥한타운,2023-04-08,19600,59.871,9,1998,석갑로
초전해모로루비채4단지,2023-04-15,33900,84.9671,26,2014,초북로
금산느티나무,2023-04-09,12500,59.42,6,2003,중천로
상대진주(나동),2023-04-11,8300,84.99,2,1989,모덕로181번길
한보은빛마을,2023-04-10,27000,109.17,5,2002,천수로
진주센트럴자이,2023-04-15,32700,84.956,5,2013,도동천로
진주평거엘크루,2023-04-08,42000,84.9624,3,2016,새평거로
혁신도시엘에이치아파트9단지,2023-04-13,28700,59.97,7,2017,사들로
신안주공1,2023-04-08,27000,84.53,10,1998,신안들말길
금산흥한골든빌,2023-04-11,12000,58.12,10,2002,금산로
진주혁신도시센텀리버파크,2023-04-12,30500,75.54,3,2013,사들로
더퀸즈웰가,2023-04-01,42400,84.7157,25,2015,새평거로
대동디지털황토,2023-04-09,24500,84.6814,5,2003,가호로44번길
동신,2023-04-13,4300,51.54,3,1990,망진산길
휴앤인엘리시움,2023-04-05,39500,84.8578,27,2019,에나로
진주혁신도시중흥에스-클래스센트럴시티2단지,2023-04-01,61000,117.7407,24,2020,에나로
진주혁신도시중흥에스-클래스더퍼스트,2023-04-01,63000,99.864,6,2020,충의로
진주혁신도시중흥에스-클래스더퍼스트,2023-04-02,63400,99.864,5,2020,충의로
한림풀에버,2023-04-09,39500,84.9088,7,2015,소호로
태완노블리안,2023-04-04,7500,59.8241,7,2007,공치고개길
금산흥한골든빌,2023-04-07,11000,73.61,1,2002,금산로
힐스테이트초전,2023-04-07,41000,84.9196,14,2019,초북로
진주혁신도시중흥에스-클래스센트럴시티2단지,2023-04-05,48500,84.9815,11,2020,에나로
진주혁신도시중흥에스-클래스더프라임,2023-04-12,48800,84.9912,4,2019,소호로19번길
스카이시티프라디움,2023-04-04,43000,84.9898,34,2019,개양로
진주혁신도시중흥에스-클래스더퍼스트,2023-04-09,65000,99.864,14,2020,충의로
상대진주(나동),2023-04-08,10000,84.99,2,1989,모덕로181번길
가좌주공1차,2023-04-05,11500,38.64,11,1993,가호로
들말한보타운,2023-04-13,20500,59.8,7,1997,평거로39번길
혁신도시엘에이치아파트8단지,2023-04-01,26400,59.97,3,2015,사들로
신안주공1,2023-04-13,24800,84.98,15,1998,신안들말길
대동디지털황토,2023-04-05,26700,84.6814,3,2003,가호로44번길
신안주공2,2023-04-03,15000,59.8,9,1996,신안들말길
동신,2023-04-04,13500,84.62,4,1990,진양호로125번길
현대,2023-04-08,17900,59.92,1,2000,진주대로815번길
더퀸즈웰가,2023-04-06,54000,100.6401,20,2015,새평거로
한보은빛마을,2023-04-10,28300,109.17,11,2002,천수로
삼전프라자,2023-04-03,10700,59.94,13,1996,도동로
더퀸즈웰가,2023-04-11,51300,100.8805,23,2015,새평거로
신안국제맨션,2023-04-10,4700,54.2,4,1987,석갑로
가좌주공1차,2023-04-12,15300,49.94,15,1993,가호로
진주혁신도시라온프라이빗아파트,2023-04-07,44000,84.9087,7,2017,대밭골로
진주혁신도시중흥에스-클래스센트럴시티2단지,2023-04-02,59000,99.8723,11,2020,에나로
혁신도시엘에이치아파트8단지,2023-04-05,27500,59.97,9,2015,사들로
진주혁신도시중흥에스-클래스더퍼스트,2023-04-02,66000,99.864,10,2020,충의로
혁신도시엘에이치아파트9단지,2023-04-01,28950,59.97,7,2017,사들로
진주혁신도시중흥에스-클래스더퍼스트,2023-04-10,63800,99.864,6,2020,충의로
현대,2023-04-02,12000,82.56,5,1985,강남로255번길
혁신도시엘에이치아파트9단지,2023-04-03,30000,59.97,24,2017,사들로
평거현대1,2023-04-04,25500,114.59,1,1993,평거로115번길
흥한스위트,2023-04-01,12800,59.73,14,1998,신안로
태완노블리안,2023-04-11,6300,59.9823,3,2007,공치고개길
청구타운,2023-04-01,14400,59.99,3,1997,대신로475번길
대영,2023-04-10,14000,84.86,10,1992,말티고개로
진주혁신코오롱하늘채,2023-04-05,37200,84.95,16,2014,사들로
진주초전푸르지오1단지,2023-04-06,41000,121.144,7,2009,초장로14번길
진주혁신도시중흥에스-클래스더프라임,2023-04-07,48000,84.9912,11,2019,소호로19번길
가좌주공1차,2023-04-08,15300,49.94,15,1993,가호로
혁신도시엘에이치아파트9단지,2023-04-10,28800,59.97,7,2017,사들로
들말한보타운,2023-04-05,24500,84.98,1,1997,평거로39번길
두산위브,2023-04-08,26000,113.801,14,2009,중장로154번길
진주초전푸르지오2단지,2023-04-04,41000,101.977,19,2010,초장로14번길
초전해모로루비채4단지,2023-04-05,33800,84.9908,22,2014,초북로
현대,2023-04-02,19500,59.92,7,2000,진주대로815번길
이현하이클래스웰가,2023-04-07,34800,110.1,17,2008,진주대로
한림풀에버,2023-04-02,40000,84.9644,8,2015,소호로
초전해모로루비채4단지,2023-04-02,33800,84.9908,8,2014,초북로
센트렐웰가,2023-04-01,36500,59.4732,11,2018,진주역로73번길
현대금빛마을,2023-04-06,9000,84.876,6,2000,진산로
건영아모리움,2023-04-10,28400,74.4647,11,2017,진양호로225번길
하대주공,2023-04-08,7900,36.2,4,1982,상대로
하대주공,2023-04-05,10250,44.3,4,1982,상대로
국민주택,2023-04-06,5000,33.39,7,1992,진양호로97번길
힐스테이트초전,2023-04-06,41500,84.9351,6,2019,초북로
혁신도시엘에이치아파트9단지,2023-04-06,29700,59.97,12,2017,사들로
신안주공3,2023-04-06,16500,59.8,14,1997,석갑로
초전해모로루비채2단지,2023-04-06,35000,84.9671,19,2014,초북로
혁신도시엘에이치5단지,2023-04-01,34700,84.95,11,2014,충의로
가호에일린의뜰,2023-04-05,40100,84.9982,3,2012,강변길
삼전프라자,2023-04-06,12200,59.94,9,1996,도동로
평거현대1,2023-04-05,25500,84.75,13,1993,평거로115번길
더퀸즈웰가,2023-04-06,49500,100.8805,28,2015,새평거로
한주럭키타운,2023-04-06,18900,76.58,3,1990,진주대로
주공그린빌,2023-04-05,29000,84.9,18,2005,내동로348번길
진주혁신코오롱하늘채,2023-04-01,32000,84.95,11,2014,사들로
신안주공2,2023-04-02,16100,59.8,6,1996,신안들말길
동신,2023-04-05,6900,59.92,7,1992,광제산로
경남빌라나동(238-2),2023-04-06,7300,58.67,3,1990,숙호산로
진흥더루벤스,2023-04-03,27000,122.1795,12,2009,금산로
신안주공2,2023-04-05,13300,49.97,13,1996,신안들말길
하영파크,2023-04-05,6500,54.3,1,1991,말티고개로100번길
가좌주공2차,2023-04-03,16500,49.94,15,1993,가호로
신안주공2,2023-04-04,10200,39.99,9,1996,신안들말길
진주혁신도시중흥에스-클래스센트럴시티2단지,2023-04-01,59500,99.8723,30,2020,에나로
흥한타운2,2023-04-06,15000,59.935,15,1995,평거로139번길
경남빌라나동(238-2),2023-04-05,5400,53.86,3,1990,숙호산로
하영무지개맨션,2023-04-04,12700,83.7,13,1993,진양호로
남강휴먼빌,2023-04-01,31500,84.9679,13,2010,순환로
삼전2차,2023-04-05,7900,65.87,4,1989,모덕로306번길
진주초장엠코타운더이스턴파크,2023-04-03,31000,73.6669,28,2014,초북로
포레나신진주,2023-04-04,43000,84.9515,15,2019,진주역로96번길
대동,2023-04-02,6200,60.63,5,1979,도동천로184번길
상대한보타운,2023-04-01,15000,59.88,13,2002,도동천로
남강한주,2023-04-03,12400,59.82,3,2000,남강로736번길
혁신도시엘에이치아파트9단지,2023-04-04,30000,59.97,15,2017,사들로
휴앤인엘리시움,2023-04-04,38000,84.7831,13,2019,에나로
한림풀에버,2023-04-03,37700,84.9644,13,2015,소호로
일신,2023-04-01,13400,84.66,1,1991,하대로34번길
진주혁신도시중흥에스-클래스더프라임,2023-04-01,54500,97.7268,9,2019,소호로19번길
스카이시티프라디움,2023-04-02,43300,84.9818,25,2019,개양로
대경아르떼빌,2023-04-02,13000,38.09,8,2002,동부로67번길
금산흥한골든빌,2023-04-01,17800,84.88,6,2002,금산로
대경아르떼빌,2023-04-02,13000,38.09,8,2002,동부로67번길
신안주공3,2023-05-21,17000,59.8,10,1997,석갑로
신안주공3,2023-05-21,17000,59.8,10,1997,석갑로
한림풀에버,2023-05-25,41000,84.9088,14,2015,소호로
초전해모로루비채2단지,2023-05-25,32900,84.9671,3,2014,초북로
평거현대2,2023-05-29,23000,84.832,11,1994,신안들말길
진주조합주택,2023-05-29,5350,61.41,3,1984,공단로139번길
평거현대2,2023-05-28,17000,59.92,3,1994,신안들말길
진주혁신도시센텀리버파크,2023-05-01,37200,84.95,9,2013,사들로
가좌주공1차,2023-05-29,11700,41.3,11,1993,가호로
혁신도시엘에이치아파트9단지,2023-05-31,30500,59.97,17,2017,사들로
진주혁신도시중흥에스-클래스센트럴시티2단지,2023-05-30,62500,99.8723,17,2020,에나로
진주초장엠코타운더이스턴파크,2023-05-15,38000,101.828,9,2014,초북로
금산흥한골든빌,2023-05-25,15800,84.88,13,2002,금산로
두산위브,2023-05-27,25000,113.801,8,2009,중장로154번길
한보은빛마을,2023-05-26,25500,84.86,5,2002,천수로
들말한보타운,2023-05-26,17400,59.8,1,1997,평거로39번길
진주혁신도시중흥에스-클래스센트럴시티2단지,2023-05-29,62800,117.7407,4,2020,에나로
스카이시티프라디움,2023-05-24,42400,84.9898,22,2019,개양로
진주혁신도시대방노블랜드더캐슬아파트,2023-05-31,67500,103.3591,1,2018,사들로
진주혁신도시중흥에스-클래스더퍼스트,2023-05-30,65000,99.864,5,2020,충의로
더퀸즈웰가,2023-05-29,52000,100.8805,20,2015,새평거로
평거휴먼시아3단지,2023-05-17,38000,84.97,14,2011,새평거로
센트렐웰가,2023-05-12,42000,84.9222,28,2018,진주역로73번길
혁신도시엘에이치5단지,2023-05-29,36700,84.95,16,2014,충의로
삼호그린맨션,2023-05-27,15000,77.69,10,1992,망경로296번길
진주혁신도시중흥에스-클래스센트럴시티4단지,2023-05-31,46100,84.9815,4,2020,에나로175번길
혁신도시엘에이치아파트8단지,2023-05-31,28700,59.97,11,2015,사들로
진주혁신코오롱하늘채,2023-05-29,33700,84.95,1,2014,사들로
진주혁신도시중흥에스-클래스더퍼스트,2023-05-27,68200,99.9097,10,2020,충의로
신안주공2,2023-05-17,13400,49.97,6,1996,신안들말길
금산흥한골든빌,2023-05-24,11700,58.12,5,2002,금산로
신안주공3,2023-05-22,16500,59.8,11,1997,석갑로
진주혁신도시대방노블랜드더캐슬아파트,2023-05-26,56700,84.9474,9,2018,사들로
혁신도시엘에이치아파트9단지,2023-05-31,28950,59.97,11,2017,사들로
진주혁신도시중흥에스-클래스더프라임,2023-05-24,50800,84.9912,9,2019,소호로19번길
진주혁신도시중흥에스-클래스더프라임,2023-05-30,51300,84.9912,7,2019,소호로19번길
들말한보타운,2023-05-24,26000,84.98,15,1997,평거로39번길
엠코타운더프라하,2023-05-29,37000,67.2755,20,2014,새평거로
신안주공1,2023-05-31,26500,74.83,5,1998,신안들말길
진주혁신코오롱하늘채,2023-05-20,34900,84.95,5,2014,사들로
금호석류,2023-05-16,26400,84.87,13,1999,강남로
삼환나우빌,2023-05-20,51300,129.138,12,2009,진주대로829번길
한주,2023-05-08,9000,68.54,1,1989,공단로91번길
한주럭키타운,2023-05-26,23500,84.81,12,1990,진주대로
한주럭키타운,2023-05-25,20400,76.58,4,1990,진주대로
두산위브,2023-05-27,22000,84.991,8,2009,중장로154번길
화인,2023-05-26,10900,84.24,12,1994,상봉대룡길
진주혁신도시중흥에스-클래스더퍼스트,2023-05-24,63500,99.9097,3,2020,충의로
주공그린빌,2023-05-18,16000,51.74,14,2005,내동로348번길
진주혁신코오롱하늘채,2023-05-29,38800,84.95,20,2014,사들로
이현하이클래스웰가,2023-05-25,27200,75.07,9,2008,진주대로
진주혁신도시센텀리버파크,2023-05-19,37200,84.95,11,2013,사들로
진주혁신도시센텀리버파크,2023-05-25,37400,84.95,8,2013,사들로
혁신도시엘에이치아파트9단지,2023-05-27,26700,59.97,1,2017,사들로
금산흥한골든빌,2023-05-25,8600,48.31,9,2002,금산로
혁신도시엘에이치5단지,2023-05-24,37600,84.95,12,2014,충의로
금산흥한골든빌,2023-05-13,11800,58.12,8,2002,금산로
진주푸르지오2단지,2023-05-29,30500,139.6609,8,2007,덕의길
더퀸즈웰가,2023-05-27,41400,84.7157,24,2015,새평거로
진주문산파란채,2023-05-19,20800,84.8829,14,2010,월아산로1048번길
이현하이클래스웰가,2023-05-22,44500,148.01,10,2008,진주대로
두산위브,2023-05-18,31000,138.043,9,2009,중장로154번길
진주푸르지오1단지,2023-05-28,21000,84.9414,14,2007,덕의길
진주초장엠코타운더이스턴파크,2023-05-28,38200,101.5255,10,2014,초북로
주공그린빌,2023-05-24,19700,59.27,20,2005,내동로348번길
진주초장엠코타운더이스턴파크,2023-05-26,30300,73.6669,7,2014,초북로
금호석류,2023-05-15,26000,84.87,7,1999,강남로
혁신도시엘에이치아파트9단지,2023-05-24,28500,59.97,4,2017,사들로
주공그린빌,2023-05-31,18800,59.27,2,2005,내동로348번길
청구타운,2023-05-29,14600,59.99,15,1997,대신로475번길
들말한보타운,2023-05-30,28800,84.98,12,1997,평거로39번길
진주평거우방아이유쉘스카이팰리스,2023-05-29,41000,84.2136,22,2019,진양호로
혁신도시엘에이치아파트8단지,2023-05-27,27900,59.97,8,2015,사들로
평거현대1,2023-05-28,13500,59.4,3,1993,평거로115번길
진흥더루벤스,2023-05-29,22300,84.9865,11,2009,금산로
들말흥한타운,2023-05-29,17000,59.871,1,1998,석갑로
진주평거우방아이유쉘스카이팰리스,2023-05-29,47500,84.0198,32,2019,진양호로
두산위브,2023-05-30,25600,113.801,14,2009,중장로154번길
혁신도시엘에이치아파트9단지,2023-05-09,31000,59.97,13,2017,사들로
진주혁신도시중흥에스-클래스더프라임,2023-05-17,50500,84.9912,8,2019,소호로19번길
현대,2023-05-26,15000,117.84,3,1991,모덕로181번길
진주푸르지오1단지,2023-05-11,20400,84.9726,6,2007,덕의길
남강휴먼빌,2023-05-31,30500,84.9376,21,2010,순환로
남강휴먼빌,2023-05-21,30000,84.9376,19,2010,순환로
남강휴먼빌,2023-05-18,28000,84.9499,3,2010,순환로
주공그린빌,2023-05-26,15900,51.74,20,2005,내동로348번길
진주혁신도시라온프라이빗아파트,2023-05-25,44600,84.8922,5,2017,대밭골로
한림풀에버,2023-05-26,40000,84.9088,15,2015,소호로
혁신도시엘에이치아파트8단지,2023-05-30,30500,59.96,21,2015,사들로
대림,2023-05-27,12000,59.91,15,1995,말티고개로
대경,2023-05-29,7500,59.85,2,1992,도동로264번길
가좌주공1차,2023-05-25,13700,41.3,15,1993,가호로
현대,2023-05-30,17200,84.93,21,1996,하대로
상봉1,2023-05-31,9680,40.96,3,1976,창렬로
신안주공3,2023-05-22,16500,59.8,11,1997,석갑로
대림,2023-05-16,9900,59.91,7,1995,말티고개로
가호에일린의뜰,2023-05-05,48000,119.1174,13,2012,강변길
진주혁신도시중흥에스-클래스더프라임,2023-05-25,51000,84.9912,6,2019,소호로19번길
진주혁신코오롱하늘채,2023-05-24,37000,84.95,16,2014,사들로
한림풀에버,2023-05-15,37000,84.9644,4,2015,소호로
동국강변타워2,2023-05-30,7900,59.8,12,1992,돗골로19번길
진주정촌대경파미르,2023-05-27,33800,84.9426,14,2019,삼일로106번길
한림풀에버,2023-05-27,40800,84.9088,9,2015,소호로
혁신도시엘에이치5단지,2023-05-27,32500,84.95,2,2014,충의로
진주혁신도시센텀리버파크,2023-05-01,37200,84.95,9,2013,사들로
진주혁신도시중흥에스-클래스더퍼스트,2023-05-29,71500,99.864,17,2020,충의로
신안주공1,2023-05-29,24000,74.83,8,1998,신안들말길
한보타운,2023-05-29,9700,59.94,10,1993,진양호로97번길
더퀸즈웰가,2023-05-12,31200,58.4018,14,2015,새평거로
현대,2023-05-19,20500,84.955,4,1997,초전남로
현대,2023-05-20,13000,84.99,6,1991,모덕로181번길
초전해모로루비채4단지,2023-05-27,35000,84.9671,8,2014,초북로
혁신도시엘에이치아파트8단지,2023-05-26,28500,59.97,6,2015,사들로
주공그린빌,2023-05-24,19700,59.27,7,2005,내동로348번길
주공그린빌,2023-05-10,15000,51.74,2,2005,내동로348번길
주공그린빌,2023-05-01,17150,51.74,16,2005,내동로348번길
초전해모로루비채2단지,2023-05-25,32900,84.9671,3,2014,초북로
한림풀에버,2023-05-25,41000,84.9088,14,2015,소호로
들말한보타운,2023-05-26,17400,59.8,1,1997,평거로39번길
들말한보타운,2023-05-26,19900,59.8,8,1997,평거로39번길
영남맨션,2023-05-20,11500,83.4,4,1989,신안로
금산흥한골든빌,2023-05-25,8600,48.31,8,2002,금산로
현대,2023-05-14,26300,84.96,10,2000,진주대로815번길
한주파크맨션,2023-05-12,16900,84.6,13,1990,남강로
진주혁신도시중흥에스-클래스더프라임,2023-05-26,52800,84.9912,17,2019,소호로19번길
하영파크,2023-05-26,6500,54.3,1,1991,말티고개로100번길
이현하이클래스웰가,2023-05-25,27200,75.07,9,2008,진주대로
이현하이클래스웰가,2023-05-25,35500,110.1,12,2008,진주대로
이현하이클래스웰가,2023-05-20,48300,148.01,26,2008,진주대로
진주혁신도시중흥에스-클래스센트럴시티2단지,2023-05-20,51700,84.9815,22,2020,에나로
남강휴먼빌,2023-05-19,37000,133.0285,12,2010,순환로
현대,2023-05-25,18200,84.55,5,1989,천수로
주공그린빌,2023-05-26,15900,51.74,2,2005,내동로348번길
한림풀에버,2023-05-26,36500,84.9088,14,2015,소호로
진주정촌대경파미르,2023-05-25,31000,84.9625,6,2019,삼일로106번길
신안주공2,2023-05-26,10000,39.99,1,1996,신안들말길
들말흥한타운,2023-05-25,18000,59.871,4,1998,석갑로
더퀸즈웰가,2023-05-20,41500,84.7157,18,2015,새평거로
한보은빛마을,2023-05-24,26250,84.86,4,2002,천수로
평거대화리네르빌,2023-05-06,17200,68.88,2,2004,순환로559번길
금호석류,2023-05-10,35800,122.49,19,1999,강남로
진주혁신도시중흥에스-클래스더프라임,2023-05-17,48500,84.9912,14,2019,소호로19번길
한림풀에버,2023-05-16,39600,84.9088,18,2015,소호로
한주파크맨션,2023-05-23,11500,59.4,4,1990,남강로
들말대경,2023-05-25,28900,123.255,13,1998,석갑로53번길
가좌주공1차,2023-05-04,11300,41.3,6,1993,가호로
더퀸즈웰가,2023-05-20,30900,58.7908,22,2015,새평거로
엠코타운더프라하,2023-05-18,79000,153.29,15,2014,새평거로
진주푸르지오2단지,2023-05-22,18150,59.924,6,2007,덕의길
하대주공,2023-05-18,9000,36.2,4,1982,상대로
상대주공,2023-05-22,8000,41.52,4,1980,상대로
진주센트럴자이,2023-05-21,34300,84.956,7,2013,도동천로
남강휴먼빌,2023-05-08,30000,84.9679,24,2010,순환로
금산흥한골든빌,2023-05-23,11500,58.12,11,2002,금산로
진주문산파란채,2023-05-22,18000,84.8829,2,2010,월아산로1048번길
하대흥한골든빌,2023-05-23,14400,84.96,4,2002,남강로1413번길
도동대림빌라,2023-05-21,19000,159.38,1,1995,하대로40번길
한림풀에버,2023-05-22,34500,84.9088,1,2015,소호로
진주푸르지오1단지,2023-05-24,18200,59.924,10,2007,덕의길
진주혁신코오롱하늘채,2023-05-24,35000,84.95,6,2014,사들로
진주혁신도시중흥에스-클래스더프라임,2023-05-18,54700,97.7268,12,2019,소호로19번길
진주푸르지오2단지,2023-05-17,22700,84.9414,12,2007,덕의길
진주푸르지오1단지,2023-05-18,22400,84.9414,6,2007,덕의길
신안주공3,2023-05-23,17000,59.8,4,1997,석갑로
신안주공3,2023-05-21,17000,59.8,10,1997,석갑로
신안주공3,2023-05-20,16950,59.8,13,1997,석갑로
한보타운,2023-05-22,13600,84.6,20,1993,진양호로97번길
이현하이클래스웰가,2023-05-22,26700,75.07,12,2008,진주대로
대동디지털황토,2023-05-06,19000,59.9762,5,2003,가호로44번길
혁신도시엘에이치아파트8단지,2023-05-17,29400,59.97,19,2015,사들로
가좌주공1차,2023-05-13,16200,49.94,6,1993,가호로
현대,2023-05-22,20500,59.92,17,2000,진주대로815번길
엠코타운더프라하,2023-05-15,76000,153.2116,11,2014,새평거로
진주혁신도시센텀리버파크,2023-05-19,37200,84.95,11,2013,사들로
주공그린빌,2023-05-21,25500,84.9,17,2005,내동로348번길
주공그린빌,2023-05-22,18100,59.27,5,2005,내동로348번길
주공그린빌,2023-05-17,16300,59.27,2,2005,내동로348번길
진주평거엘크루,2023-05-06,60000,101.4795,3,2016,새평거로
진주푸르지오2단지,2023-05-06,29300,139.6609,11,2007,덕의길
이화맨션,2023-05-08,9200,75.71,3,1989,망경남길
하영그린맨션,2023-05-21,10400,82.65,18,1992,진양호로97번길
상대한보타운,2023-05-11,19200,75.06,7,2002,도동천로
상봉1,2023-05-06,7300,40.96,5,1976,창렬로
망경한보타운,2023-05-03,17000,84.82,10,1997,망경로
진주푸르지오1단지,2023-05-19,20900,84.9414,6,2007,덕의길
혁신도시엘에이치5단지,2023-05-10,32300,75.99,10,2014,충의로
신안주공3,2023-05-18,17000,59.8,3,1997,석갑로
그린타운,2023-05-17,7500,59.4,2,1992,석갑로156번길
진주혁신도시대방노블랜드더캐슬아파트,2023-05-12,56800,84.9474,12,2018,사들로
흥한타운2,2023-05-11,15500,59.935,3,1995,평거로139번길
대경강남타운,2023-05-19,14900,59.81,20,1997,진주대로891번길
진주혁신도시대방노블랜드더캐슬아파트,2023-05-14,61000,84.9899,18,2018,사들로
쌍용,2023-05-20,13700,59.99,5,1996,말티고개로108번길
한주럭키타운,2023-05-04,27500,84.81,3,1990,진주대로
들말대경,2023-05-17,28800,84.99,8,1998,석갑로53번길
들말대경,2023-05-18,31800,123.255,13,1998,석갑로53번길
진주혁신도시대방노블랜드더캐슬아파트,2023-05-17,59950,84.9899,11,2018,사들로
진주혁신도시대방노블랜드더캐슬아파트,2023-05-13,67000,103.9623,8,2018,사들로
신안주공2,2023-05-03,14000,59.8,1,1996,신안들말길
금산아이파크,2023-05-17,20000,84.17,16,2004,중천로
현대,2023-05-12,13500,59.89,1,1996,하대로
대림,2023-05-10,15500,84.29,5,1991,도동천로
신안주공2,2023-05-19,13400,49.97,3,1996,신안들말길
신안주공3,2023-05-19,15250,59.8,2,1997,석갑로
진주혁신도시중흥에스-클래스센트럴시티4단지,2023-05-12,57000,99.8723,8,2020,에나로175번길
일반성에이원,2023-05-19,14000,84.4822,3,2016,동부로
한림풀에버,2023-05-12,40500,84.9644,9,2015,소호로
엠코타운더프라하,2023-05-08,41900,84.933,31,2014,새평거로
진주혁신도시대방노블랜드더캐슬아파트,2023-05-12,57500,84.9899,18,2018,사들로
주공그린빌,2023-05-15,15200,51.74,2,2005,내동로348번길
쌍용,2023-05-16,14800,84.96,17,1996,말티고개로108번길
금호석류,2023-05-08,20000,84.87,14,1999,강남로
남강휴먼빌,2023-05-10,29000,84.9679,6,2010,순환로
신안주공2,2023-05-10,15600,59.8,9,1996,신안들말길
흥한타운2,2023-05-16,15500,59.935,5,1995,평거로139번길
신안주공3,2023-05-12,14800,59.8,2,1997,석갑로
현대,2023-05-08,14700,84.99,4,1991,모덕로181번길
진주푸르지오1단지,2023-05-11,22400,84.9414,11,2007,덕의길
흥한타운1,2023-05-13,14000,59.73,9,1993,진양호로328번길
진주혁신도시센텀리버파크,2023-05-10,36300,84.95,7,2013,사들로
주공그린빌,2023-05-13,19450,59.27,15,2005,내동로348번길
흥한타운2,2023-05-13,14000,59.88,5,1995,평거로139번길
진주혁신도시중흥에스-클래스센트럴시티3단지,2023-05-09,47750,84.9815,10,2020,에나로175번길
현대,2023-05-17,16000,59.96,14,1997,초전남로
두산위브,2023-05-12,23400,84.991,14,2009,중장로154번길
현대,2023-05-01,19400,59.92,9,2000,진주대로815번길
이지더원,2023-05-05,41700,84.9614,2,2018,초장로
그린타운,2023-05-17,7500,59.4,2,1992,석갑로156번길
두산위브,2023-05-12,23400,84.991,9,2009,중장로154번길
진주초전푸르지오1단지,2023-05-11,36400,101.977,3,2009,초장로14번길
벽산블루밍(구)동신,2023-05-17,9600,59.76,9,1993,진양호로125번길
신안주공1,2023-05-15,25800,84.98,11,1998,신안들말길
힐스테이트초전,2023-05-16,43800,91.0451,3,2019,초북로
금산느티나무,2023-05-10,16800,84.74,3,2003,중천로
진주강남동일동미라주,2023-05-12,33800,84.9831,18,2021,진주대로891번길
금산e편한세상,2023-05-13,21500,84.9746,18,2008,금산순환로80번길
진주강남동일동미라주,2023-05-12,39000,84.9806,29,2021,진주대로891번길
금산느티나무,2023-05-13,17200,74.88,12,2003,중천로
초전해모로루비채2단지,2023-05-04,35500,84.9671,13,2014,초북로
들말흥한타운,2023-05-12,19500,59.871,12,1998,석갑로
진주혁신코오롱하늘채,2023-05-12,33200,75.99,9,2014,사들로
진주초장엠코타운더이스턴파크,2023-05-15,38000,101.828,9,2014,초북로
진주혁신도시센텀리버파크,2023-05-09,36300,84.95,18,2013,사들로
진주혁신코오롱하늘채,2023-05-09,32000,75.99,8,2014,사들로
현대,2023-05-13,18500,84.955,15,1997,초전남로
상봉1,2023-05-10,7600,41.9,3,1976,창렬로
혁신도시엘에이치5단지,2023-05-09,35700,84.95,7,2014,충의로
초전해모로루비채2단지,2023-05-12,31000,74.9798,12,2014,초북로
금산흥한골든빌,2023-05-10,13500,73.61,4,2002,금산로
남강휴먼빌,2023-05-14,40200,133.0285,13,2010,순환로
태완노블리안,2023-05-13,6300,59.9801,2,2007,공치고개길
진주혁신도시중흥에스-클래스센트럴시티2단지,2023-05-02,59000,99.8723,16,2020,에나로
금호석류,2023-05-12,26500,84.87,9,1999,강남로
망경한보타운,2023-05-08,13800,76.34,16,1997,망경로
대경강남타운,2023-05-06,7900,33.6,3,1997,진주대로891번길
엠코타운더프라하,2023-05-09,44300,84.933,12,2014,새평거로
한림풀에버,2023-05-12,36500,84.9088,2,2015,소호로
엠코타운더프라하,2023-05-10,39700,84.9651,2,2014,새평거로
한주타운,2023-05-13,16000,74.95,17,1992,진주대로1208번길
고려,2023-05-12,7000,59.4,9,1994,동부로
진주혁신코오롱하늘채,2023-05-12,39000,84.95,13,2014,사들로
주공그린빌,2023-05-06,18300,59.27,11,2005,내동로348번길
동국강변타워2,2023-05-05,11500,83.75,20,1992,돗골로19번길
혁신도시엘에이치아파트9단지,2023-05-11,30000,59.97,11,2017,사들로
이지더원,2023-05-04,36000,73.2086,23,2018,초장로
진주혁신도시중흥에스-클래스더퍼스트,2023-05-08,64850,99.9097,16,2020,충의로
현대,2023-05-06,16300,59.96,6,1997,초전남로
신안주공3,2023-05-01,15000,59.8,1,1997,석갑로
청구타운,2023-05-03,19500,84.98,3,1997,대신로475번길
한보타운,2023-05-03,14000,84.6,7,1993,진양호로97번길
혁신도시엘에이치아파트9단지,2023-05-06,30300,59.97,11,2017,사들로
이현하이클래스웰가,2023-05-03,29000,84.98,5,2008,진주대로
금산흥한골든빌,2023-05-01,10000,58.12,2,2002,금산로
진주초전푸르지오1단지,2023-05-03,40900,121.144,10,2009,초장로14번길
진주혁신도시중흥에스-클래스센트럴시티2단지,2023-05-03,51500,84.9815,27,2020,에나로
진주초전푸르지오1단지,2023-05-03,49800,134.68,25,2009,초장로14번길
대림,2023-05-08,15100,79.29,6,1995,말티고개로
주공그린빌,2023-05-09,18000,59.27,10,2005,내동로348번길
가좌주공1차,2023-05-07,15400,49.94,2,1993,가호로
진주초전푸르지오1단지,2023-05-08,38300,101.977,8,2009,초장로14번길
평거현대2,2023-05-06,13450,59.92,1,1994,신안들말길
금산흥한골든빌,2023-05-02,5900,37.84,5,2002,금산로
동신,2023-05-10,6100,49.72,12,1992,광제산로
혁신도시엘에이치아파트8단지,2023-05-02,29500,59.97,21,2015,사들로
남강휴먼빌,2023-05-08,38500,133.0285,15,2010,순환로
남강휴먼빌,2023-05-04,29900,84.9679,6,2010,순환로
신안주공3,2023-05-06,17200,59.8,13,1997,석갑로
진주강남동일동미라주,2023-05-04,41900,109.9586,32,2021,진주대로891번길
평거현대2,2023-05-02,14500,59.92,11,1994,신안들말길
한주럭키타운,2023-05-06,22100,76.58,5,1990,진주대로
순화가밀라씨티빌,2023-05-07,3900,39.49,3,2003,북장대로35번길
진주혁신도시중흥에스-클래스센트럴시티2단지,2023-05-07,64500,99.8723,10,2020,에나로
이현하이클래스웰가,2023-05-05,26500,75.07,8,2008,진주대로
한주럭키타운,2023-05-06,22000,76.58,5,1990,진주대로
대림,2023-05-03,17200,84.44,12,1995,말티고개로
혁신도시엘에이치아파트9단지,2023-05-01,27800,59.97,2,2017,사들로
들말대경,2023-05-01,26000,84.99,7,1998,석갑로53번길
진주혁신도시중흥에스-클래스센트럴시티4단지,2023-05-03,53000,84.9815,24,2020,에나로175번길
금산흥한골든빌,2023-05-01,13650,73.61,5,2002,금산로
금산흥한골든빌,2023-05-02,5500,37.84,12,2002,금산로
더퀸즈웰가,2023-05-01,34500,65.6733,4,2015,새평거로
혁신도시엘에이치아파트9단지,2023-05-02,28500,59.97,5,2017,사들로
진주푸르지오2단지,2023-05-01,33500,139.6609,16,2007,덕의길
가좌주공1차,2023-05-02,11000,41.3,1,1993,가호로
진주푸르지오1단지,2023-05-01,26300,115.1967,8,2007,덕의길
금호석류,2023-05-02,26500,84.87,14,1999,강남로
흥한타운2,2023-05-02,14900,59.935,13,1995,평거로139번길
평거하우스토리,2023-06-25,54000,166.11,4,2009,진양호로239번길
진주초전푸르지오2단지,2023-06-21,41000,101.977,13,2010,초장로14번길
엠코타운더프라하,2023-06-02,44000,84.933,6,2014,새평거로
칠암대덕,2023-06-22,23600,83.63,2,2004,진주대로942번길
들말한보타운,2023-06-24,20000,59.8,10,1997,평거로39번길
주공그린빌,2023-06-12,18500,59.27,5,2005,내동로348번길
한림풀에버,2023-06-30,40000,84.9644,20,2015,소호로
국화,2023-06-29,4700,53.67,4,1991,향교로
한림풀에버,2023-06-08,43000,84.9644,14,2015,소호로
금산흥한골든빌,2023-06-26,10500,58.12,7,2002,금산로
현대,2023-06-26,16000,59.96,7,1997,초전남로
촉석맨션,2023-06-21,9100,52.46,1,1980,솔밭로92번길
진주정촌대경파미르,2023-06-21,26000,66.1957,4,2019,삼일로106번길
더퀸즈웰가,2023-06-21,41300,75.4984,13,2015,새평거로
혁신도시엘에이치아파트8단지,2023-06-30,29800,59.97,16,2015,사들로
대경,2023-06-29,21500,83.304,1,2000,가호로
동일스위트,2023-06-19,23950,84.9692,14,2008,공단로
더퀸즈웰가,2023-06-30,41800,75.6705,23,2015,새평거로
진주혁신도시대방노블랜드더캐슬아파트,2023-06-21,60200,84.9899,5,2018,사들로
대동디지털황토,2023-06-30,20500,59.9762,7,2003,가호로44번길
진주정촌대경파미르,2023-06-21,26000,66.1957,4,2019,삼일로106번길
엠코타운더프라하,2023-06-29,64000,118.6034,23,2014,새평거로
진주롯데인벤스,2023-06-19,38300,138.18,12,2008,향교로
동신,2023-06-30,6000,59.92,1,1992,광제산로
진주혁신코오롱하늘채,2023-06-25,40000,84.95,19,2014,사들로
대경,2023-06-29,24500,83.304,5,2000,가호로
상대한보타운,2023-06-27,25500,83.52,8,2002,도동천로
들말흥한타운,2023-06-18,19500,59.871,15,1998,석갑로
남강휴먼빌,2023-06-26,37000,120.5794,9,2010,순환로
두산위브,2023-06-25,24900,112.897,7,2009,중장로154번길
대림,2023-06-30,12900,72.238,8,1991,도동천로
진주혁신코오롱하늘채,2023-06-30,38500,84.95,20,2014,사들로
두산위브,2023-06-30,23000,84.991,9,2009,중장로154번길
금산흥한골든빌,2023-06-15,9500,58.12,7,2002,금산로
진주푸르지오2단지,2023-06-28,26200,115.1967,8,2007,덕의길
들말한보타운,2023-06-25,19750,59.8,6,1997,평거로39번길
들말한보타운,2023-06-25,19750,59.8,6,1997,평거로39번길
이지더원,2023-06-23,35500,73.2086,9,2018,초장로
진주초장엠코타운더이스턴파크,2023-06-29,27600,59.9983,1,2014,초북로
신안주공2,2023-06-15,11500,39.99,7,1996,신안들말길
진주혁신도시중흥에스-클래스센트럴시티3단지,2023-06-30,52900,84.9815,22,2020,에나로175번길
진흥더루벤스,2023-06-25,23400,122.956,14,2009,금산로
두산위브,2023-06-28,38000,170.356,15,2009,중장로154번길
금산흥한골든빌,2023-06-23,15700,73.61,9,2002,금산로
벽산블루밍(구)동신,2023-06-26,6700,52.53,6,1993,진양호로125번길
남강휴먼빌,2023-06-14,30000,84.9499,29,2010,순환로
평거휴먼시아3단지,2023-06-16,37800,84.95,7,2011,새평거로
진주혁신도시중흥에스-클래스센트럴시티2단지,2023-06-26,64500,99.8723,7,2020,에나로
석류맨션,2023-06-14,5200,49.86,1,1987,공단로44번길
망경한보타운,2023-06-28,10500,59.44,5,1997,망경로
엠코타운더프라하,2023-06-24,61000,118.6034,4,2014,새평거로
현대,2023-06-23,22000,125.25,5,1989,천수로
영남맨션,2023-06-08,9800,83.4,4,1989,신안로
진주강남동일동미라주,2023-06-27,46700,109.9586,24,2021,진주대로891번길
동일스위트,2023-06-14,23700,84.9692,5,2008,공단로
엠코타운더프라하,2023-06-27,59900,100.8222,20,2014,새평거로
엠코타운더프라하,2023-06-27,38500,66.5175,19,2014,새평거로
진주혁신도시중흥에스-클래스센트럴시티2단지,2023-06-24,53900,84.9815,20,2020,에나로
진흥더루벤스,2023-06-23,21800,84.9861,7,2009,금산로
현대,2023-06-19,17000,59.92,2,2000,진주대로815번길
이현하이클래스웰가,2023-06-21,31000,84.07,19,2008,진주대로
센트렐웰가,2023-06-11,37200,59.4732,17,2018,진주역로73번길
두산위브,2023-06-06,26500,112.897,16,2009,중장로154번길
혁신도시엘에이치아파트9단지,2023-06-29,31000,59.97,16,2017,사들로
금호석류,2023-06-30,38000,122.49,15,1999,강남로
진주정촌대경파미르,2023-06-28,25700,66.6161,11,2019,삼일로106번길
주공그린빌,2023-06-27,26500,84.9,5,2005,내동로348번길
주공그린빌,2023-06-18,16400,51.74,11,2005,내동로348번길
주공그린빌,2023-06-12,28500,84.9,18,2005,내동로348번길
들말한보타운,2023-06-24,20000,59.8,10,1997,평거로39번길
한보은빛마을,2023-06-28,32500,125.12,12,2002,천수로
평거하우스토리,2023-06-25,54000,166.11,4,2009,진양호로239번길
혁신도시엘에이치아파트8단지,2023-06-23,27500,59.97,3,2015,사들로
혁신도시엘에이치아파트8단지,2023-06-23,28900,59.97,8,2015,사들로
동신,2023-06-30,6000,59.92,1,1992,광제산로
동신,2023-06-30,5500,49.72,9,1992,광제산로
가호에일린의뜰,2023-06-30,42500,100.3166,16,2012,강변길
동신,2023-06-15,6500,59.92,6,1992,광제산로
혁신도시엘에이치아파트8단지,2023-06-29,32000,59.96,21,2015,사들로
태완노블리안,2023-06-16,7300,59.9823,6,2007,공치고개길
쌍용,2023-06-30,12000,59.99,18,1996,말티고개로108번길
신안주공1,2023-06-27,27300,84.98,3,1998,신안들말길
현대,2023-06-19,18900,59.92,3,2000,진주대로815번길
들말흥한타운,2023-06-27,19400,59.871,9,1998,석갑로
주공그린빌,2023-06-19,19700,59.27,15,2005,내동로348번길
진주혁신코오롱하늘채,2023-06-28,37800,84.95,18,2014,사들로
상대한보타운,2023-06-22,21400,83.52,5,2002,도동천로
한림풀에버,2023-06-18,33500,67.3717,2,2015,소호로
망경한보타운,2023-06-22,12400,59.44,17,1997,망경로
혁신도시엘에이치아파트8단지,2023-06-28,23000,59.97,6,2015,사들로
현대,2023-06-14,24300,125.25,8,1989,천수로
진주초장엠코타운더이스턴파크,2023-06-28,32700,73.556,17,2014,초북로
대경강남타운,2023-06-08,7100,33.6,8,1997,진주대로891번길
엠코타운더프라하,2023-06-23,43000,84.933,6,2014,새평거로
상평국민1차,2023-06-12,6800,59.94,2,1990,남강로1093번길
진주혁신도시중흥에스-클래스더프라임,2023-06-16,50400,84.9912,12,2019,소호로19번길
현대,2023-06-14,19800,84.55,10,1989,천수로
진주초장엠코타운더이스턴파크,2023-06-29,34500,84.977,26,2014,초북로
대림,2023-06-29,15200,84.29,3,1991,도동천로
진주초전푸르지오2단지,2023-06-29,46500,125.029,26,2010,초장로14번길
금산흥한골든빌,2023-06-13,13250,73.61,3,2002,금산로
망경한보타운,2023-06-23,16400,84.82,11,1997,망경로
평거현대1,2023-06-28,13400,59.4,3,1993,평거로115번길
진주문산파란채,2023-06-27,20000,84.9015,12,2010,월아산로1048번길
진주혁신도시대방노블랜드더캐슬아파트,2023-06-27,60900,84.9899,11,2018,사들로
진주혁신코오롱하늘채,2023-06-28,37800,84.95,10,2014,사들로
금호석류,2023-06-10,45000,122.49,14,1999,강남로
진주문산코아루,2023-06-19,32000,115.8775,24,2010,월아산로1117번길
국민주택,2023-06-27,4200,33.39,3,1992,진양호로97번길
진주초장엠코타운더이스턴파크,2023-06-28,29300,73.6669,27,2014,초북로
이현하이클래스웰가,2023-06-27,29000,84.07,13,2008,진주대로
진주정촌대경파미르,2023-06-14,30000,84.9426,5,2019,삼일로106번길
진주초장엠코타운더이스턴파크,2023-06-27,36500,84.977,24,2014,초북로
금산흥한골든빌,2023-06-20,6000,37.84,12,2002,금산로
이현하이클래스웰가,2023-06-12,31000,84.98,10,2008,진주대로
주공그린빌,2023-06-03,18500,59.27,5,2005,내동로348번길
엠코타운더프라하,2023-06-17,47000,84.933,33,2014,새평거로
진주혁신코오롱하늘채,2023-06-26,37700,84.95,15,2014,사들로
신안주공3,2023-06-28,16450,59.8,8,1997,석갑로
진주문산파란채,2023-06-27,18500,84.9015,4,2010,월아산로1048번길
상대한보타운,2023-06-24,14750,59.88,11,2002,도동천로
망경한보타운,2023-06-27,12200,59.44,8,1997,망경로
한보은빛마을,2023-06-23,30000,125.12,15,2002,천수로
신안주공1,2023-06-27,22000,84.98,1,1998,신안들말길
진주혁신도시대방노블랜드더캐슬아파트,2023-06-09,64500,103.3591,13,2018,사들로
가좌주공2차,2023-06-22,11300,38.64,4,1993,가호로
금산느티나무,2023-06-20,11700,59.42,6,2003,중천로
진주초전푸르지오2단지,2023-06-22,43000,125.029,5,2010,초장로14번길
혁신도시엘에이치5단지,2023-06-11,32500,75.84,13,2014,충의로
남강휴먼빌,2023-06-07,28600,84.9499,18,2010,순환로
대림,2023-06-26,15800,84.44,6,1995,말티고개로
초전흥한,2023-06-26,16900,59.85,7,2001,초전남로
혁신도시엘에이치5단지,2023-06-14,34500,84.95,3,2014,충의로
평거주공1차,2023-06-26,16000,46.68,2,1988,진양호로185번길
진주문산파란채,2023-06-27,21000,84.9015,14,2010,월아산로1048번길
상대주공,2023-06-19,8200,42.12,5,1980,상대로
하대주공,2023-06-23,10900,44.03,4,1982,상대로
현대,2023-06-27,19000,84.93,12,1996,하대로
삼호가든맨션,2023-06-12,10700,84.63,2,1988,신안로164번길
혁신도시엘에이치아파트9단지,2023-06-26,30000,59.97,3,2017,사들로
혁신도시엘에이치아파트9단지,2023-06-23,32000,59.97,16,2017,사들로
신익무지개,2023-06-19,7800,59.87,3,1987,숙호산로
한주럭키타운,2023-06-21,17000,76.58,1,1990,진주대로
포레나신진주,2023-06-23,45500,84.9543,18,2019,진주역로96번길
진주문산파란채,2023-06-15,30500,107.1575,11,2010,월아산로1048번길
상대주공,2023-06-18,8800,41.55,1,1980,상대로
진주문산코아루,2023-06-23,25800,84.9867,15,2010,월아산로1117번길
진주문산코아루,2023-06-15,30500,114.9123,11,2010,월아산로1117번길
센트렐웰가,2023-06-06,40200,75.7795,3,2018,진주역로73번길
두산위브,2023-06-14,25200,112.897,7,2009,중장로154번길
현대금빛마을,2023-06-07,11050,84.876,9,2000,진산로
평거하우스토리,2023-06-23,37300,108.57,4,2009,진양호로239번길
진주초전푸르지오1단지,2023-06-26,40000,84.77,6,2009,초장로14번길
한림풀에버,2023-06-17,42500,84.9088,15,2015,소호로
진주혁신코오롱하늘채,2023-06-24,32000,75.99,10,2014,사들로
한림풀에버,2023-06-24,40000,84.9088,5,2015,소호로
들말한보타운,2023-06-22,44700,150.59,6,1997,평거로39번길
칠암대덕,2023-06-22,23600,83.63,2,2004,진주대로942번길
대경강남타운,2023-06-16,8350,33.6,20,1997,진주대로891번길
더퀸즈웰가,2023-06-23,32000,58.7908,21,2015,새평거로
신안주공2,2023-06-24,16200,59.8,10,1996,신안들말길
혁신도시엘에이치아파트9단지,2023-06-19,29700,59.97,3,2017,사들로
힐스테이트초전,2023-06-15,45000,84.9196,7,2019,초북로
금산흥한골든빌,2023-06-07,9900,58.12,1,2002,금산로
주공그린빌,2023-06-06,15100,51.74,4,2005,내동로348번길
엠코타운더프라하,2023-06-23,70000,119.7937,35,2014,새평거로
국민주택,2023-06-24,4100,33.39,4,1992,진양호로97번길
현대,2023-06-24,14000,59.89,20,1996,하대로
진주혁신도시중흥에스-클래스더프라임,2023-06-24,50000,97.7268,11,2019,소호로19번길
현대,2023-06-17,13000,82.56,2,1985,강남로255번길
진주정촌대경파미르,2023-06-14,30000,84.9426,5,2019,삼일로106번길
대화강변마을,2023-06-26,10500,59.5,5,1998,도동천로
한림풀에버,2023-06-24,42800,84.9644,20,2015,소호로
경남주택금산7차,2023-06-12,8400,84.97,5,1993,금산순환로
진주정촌대경파미르,2023-06-24,29200,84.9426,3,2019,삼일로106번길
주공그린빌,2023-06-12,18500,59.27,5,2005,내동로348번길
청구타운,2023-06-24,20300,84.98,3,1997,대신로475번길
혁신도시엘에이치아파트8단지,2023-06-23,27850,59.97,5,2015,사들로
일동,2023-06-04,11650,59.86,1,1994,초전북로
진흥더루벤스,2023-06-06,18500,84.9865,3,2009,금산로
한주럭키타운,2023-06-16,25500,84.81,12,1990,진주대로
들말흥한타운,2023-06-24,27800,77.391,9,1998,석갑로
금산아이파크,2023-06-12,22000,84.17,9,2004,중천로
진주정촌대경파미르,2023-06-21,26000,66.1957,4,2019,삼일로106번길
금산아이파크,2023-06-12,20500,84.17,14,2004,중천로
진주우방아이유쉘,2023-06-23,32000,84.9578,12,2017,삼일로
혁신도시엘에이치아파트9단지,2023-06-21,30000,59.97,7,2017,사들로
진주혁신도시중흥에스-클래스더프라임,2023-06-21,56000,97.7268,8,2019,소호로19번길
진주정촌대경파미르,2023-06-03,26500,66.1957,4,2019,삼일로106번길
혁신도시엘에이치아파트9단지,2023-06-19,31600,59.97,7,2017,사들로
진주혁신도시중흥에스-클래스더프라임,2023-06-18,50700,84.9912,10,2019,소호로19번길
한주럭키타운,2023-06-22,23500,84.81,11,1990,진주대로
금산흥한골든빌,2023-06-13,13250,73.61,3,2002,금산로
쌍용,2023-06-22,14400,59.99,5,1996,말티고개로108번길
한주파크맨션,2023-06-15,9300,76.44,1,1990,남강로
상봉2,2023-06-23,11000,61.72,3,1986,진주성로147번길
일반성에이원,2023-06-09,10500,59.9461,9,2016,동부로
진주혁신도시중흥에스-클래스더퍼스트,2023-06-03,71000,99.9097,20,2020,충의로
엠코타운더프라하,2023-06-16,38000,84.9651,4,2014,새평거로
한림풀에버,2023-06-20,44500,84.9088,19,2015,소호로
진주혁신도시중흥에스-클래스더프라임,2023-06-23,55900,97.7268,5,2019,소호로19번길
진주문산코아루,2023-06-14,31000,115.8775,5,2010,월아산로1117번길
진주초전푸르지오1단지,2023-06-21,39000,101.977,10,2009,초장로14번길
힐스테이트초전,2023-06-14,43800,91.2066,5,2019,초북로
진주초전푸르지오2단지,2023-06-21,41000,101.977,13,2010,초장로14번길
혁신도시엘에이치아파트8단지,2023-06-16,29700,59.97,20,2015,사들로
평거휴먼시아4단지,2023-06-17,35800,84.91,13,2011,새평거로
고려,2023-06-22,6000,59.4,7,1994,동부로
진주혁신도시중흥에스-클래스더프라임,2023-06-16,64700,110.9212,9,2019,소호로19번길
초전해모로루비채4단지,2023-06-20,39250,100.8994,25,2014,초북로
상대한주그린,2023-06-14,9700,59.87,1,1999,선학산길
진주혁신도시중흥에스-클래스더프라임,2023-06-21,55400,97.7268,8,2019,소호로19번길
들말흥한타운,2023-06-18,19500,59.871,15,1998,석갑로
진주푸르지오2단지,2023-06-17,25500,115.1967,11,2007,덕의길
금산e편한세상,2023-06-15,25500,121.9893,6,2008,금산순환로80번길
더퀸즈웰가,2023-06-18,40500,84.9163,8,2015,새평거로
금산흥한골든빌,2023-06-12,6000,37.84,15,2002,금산로
진주혁신도시중흥에스-클래스더프라임,2023-06-17,50700,84.9858,6,2019,소호로19번길
진주혁신도시중흥에스-클래스더프라임,2023-06-11,56000,97.7268,16,2019,소호로19번길
더퀸즈웰가,2023-06-21,41300,75.4984,13,2015,새평거로
대화강변마을,2023-06-16,11500,59.5,10,1998,도동천로
국민주택,2023-06-21,5350,33.39,8,1992,진양호로97번길
상봉2,2023-06-21,10400,53.85,2,1986,진주성로147번길
석류맨션,2023-06-16,4890,49.86,5,1987,공단로44번길
진주혁신도시중흥에스-클래스센트럴시티2단지,2023-06-20,69700,117.7407,4,2020,에나로
이현하이클래스웰가,2023-06-10,31000,84.98,13,2008,진주대로
진주초장엠코타운더이스턴파크,2023-06-17,30900,73.6669,21,2014,초북로
진주초장엠코타운더이스턴파크,2023-06-17,31000,73.6669,11,2014,초북로
대화파크맨션,2023-06-13,6200,71.34,5,1991,하대로105번길
진주혁신도시중흥에스-클래스더프라임,2023-06-07,53700,97.7268,3,2019,소호로19번길
평거휴먼시아4단지,2023-06-16,36400,84.91,11,2011,새평거로
금산느티나무,2023-06-17,16700,74.88,15,2003,중천로
진주혁신도시중흥에스-클래스센트럴시티3단지,2023-06-16,58500,99.8723,5,2020,에나로175번길
가좌주공1차,2023-06-19,13200,41.3,14,1993,가호로
금산흥한골든빌,2023-06-18,15700,73.61,9,2002,금산로
금호석류,2023-06-02,26500,84.87,10,1999,강남로
서성파라토피아,2023-06-15,15900,97.14,5,1989,진주대로986번길
금산e편한세상,2023-06-16,25500,125.5173,10,2008,금산순환로80번길
들말흥한타운,2023-06-19,19000,59.871,11,1998,석갑로
들말흥한타운,2023-06-15,29500,99.85,4,1998,석갑로
혁신도시엘에이치아파트8단지,2023-06-16,29700,59.97,20,2015,사들로
진주혁신도시라온프라이빗아파트,2023-06-03,43500,79.0385,20,2017,대밭골로
흥한타운2,2023-06-19,15250,59.935,8,1995,평거로139번길
진흥더루벤스,2023-06-14,23400,122.956,7,2009,금산로
센트렐웰가,2023-06-15,51000,84.8133,17,2018,진주역로73번길
힐스테이트초전,2023-06-10,42300,84.9196,15,2019,초북로
혁신도시엘에이치아파트9단지,2023-06-20,29500,59.97,9,2017,사들로
상대주공,2023-06-14,8500,42.12,1,1980,상대로
상봉2,2023-06-19,7300,53.85,3,1986,진주성로147번길
들말흥한타운,2023-06-12,18200,59.871,6,1998,석갑로
두산위브,2023-06-02,21000,84.994,8,2009,중장로154번길
스카이시티프라디움,2023-06-14,44500,84.9898,11,2019,개양로
평거휴먼시아3단지,2023-06-16,37200,84.97,6,2011,새평거로
진주혁신도시중흥에스-클래스센트럴시티3단지,2023-06-12,49700,84.9815,15,2020,에나로175번길
진주초장엠코타운더이스턴파크,2023-06-15,34500,84.977,1,2014,초북로
제일풍경채,2023-06-16,38000,110.7705,13,2007,가좌안골길21번길
흥한타운2,2023-06-14,16200,59.935,9,1995,평거로139번길
금산흥한골든빌,2023-06-11,10500,58.12,6,2002,금산로
대동,2023-06-16,7400,50.78,1,1979,도동천로184번길
진주혁신도시대방노블랜드더캐슬아파트,2023-06-07,54300,84.9474,3,2018,사들로
더퀸즈웰가,2023-06-16,31200,58.7908,33,2015,새평거로
대림,2023-06-18,16300,84.44,15,1995,말티고개로
신안주공3,2023-06-13,10500,39.99,9,1997,석갑로
진주혁신도시라온프라이빗아파트,2023-06-05,42800,84.8827,2,2017,대밭골로
진주혁신도시중흥에스-클래스센트럴시티2단지,2023-06-10,83800,117.7407,21,2020,에나로
혁신도시엘에이치아파트9단지,2023-06-05,31700,59.97,22,2017,사들로
진주혁신도시대방노블랜드더캐슬아파트,2023-06-10,59400,84.9899,15,2018,사들로
진주문산파란채,2023-06-17,18000,84.9015,3,2010,월아산로1048번길
초전해모로루비채4단지,2023-06-17,35000,84.9671,15,2014,초북로
건영아모리움,2023-06-12,29000,74.7092,23,2017,진양호로225번길
한림풀에버,2023-06-15,41000,84.9088,20,2015,소호로
청구타운,2023-06-19,14000,59.99,3,1997,대신로475번길
신안주공1,2023-06-15,19500,84.98,1,1998,신안들말길
두산위브,2023-06-10,22100,84.991,5,2009,중장로154번길
엠코타운더프라하,2023-06-08,40500,84.933,4,2014,새평거로
하대주공,2023-06-13,9000,36.2,5,1982,상대로
망경한보타운,2023-06-15,12300,59.44,2,1997,망경로
상봉1,2023-06-16,8500,41.9,2,1976,창렬로
상봉1,2023-06-13,7600,40.473,1,1976,창렬로
주공그린빌,2023-06-08,16800,59.27,1,2005,내동로348번길
신안주공3,2023-06-09,15000,59.8,6,1997,석갑로
신안주공2,2023-06-16,11500,39.99,7,1996,신안들말길
휴앤인엘리시움,2023-06-08,37800,84.8578,27,2019,에나로
평거휴먼시아4단지,2023-06-15,32500,84.95,3,2011,새평거로
들말흥한타운,2023-06-10,17300,59.871,8,1998,석갑로
진주푸르지오1단지,2023-06-08,21100,84.9414,3,2007,덕의길
금호석류,2023-06-12,21800,59.99,14,1999,강남로
신안주공3,2023-06-14,14700,59.8,2,1997,석갑로
진주혁신도시중흥에스-클래스센트럴시티4단지,2023-06-05,53700,84.9815,27,2020,에나로175번길
청구타운,2023-06-14,20000,84.98,6,1997,대신로475번길
더퀸즈웰가,2023-06-13,32000,58.7908,32,2015,새평거로
남강휴먼빌,2023-06-14,30000,84.9499,29,2010,순환로
들말흥한타운,2023-06-10,18500,59.871,6,1998,석갑로
신안주공3,2023-06-09,15000,59.8,6,1997,석갑로
엠코타운더프라하,2023-06-13,37000,66.5175,18,2014,새평거로
진주혁신도시중흥에스-클래스더프라임,2023-06-10,49800,84.9912,10,2019,소호로19번길
진주혁신도시대방노블랜드더캐슬아파트,2023-06-13,71900,104.8302,13,2018,사들로
진주초장엠코타운더이스턴파크,2023-06-08,28120,73.556,4,2014,초북로
들말흥한타운,2023-06-13,19250,59.871,6,1998,석갑로
진주혁신도시대방노블랜드더캐슬아파트,2023-06-11,65000,104.8302,3,2018,사들로
평거주공1차,2023-06-07,6700,39.3,5,1988,진양호로185번길
진주혁신코오롱하늘채,2023-06-03,35300,84.95,6,2014,사들로
흥한타운2,2023-06-08,14700,59.88,13,1995,평거로139번길
진주혁신도시센텀리버파크,2023-06-09,33700,75.54,5,2013,사들로
건영아모리움,2023-06-12,31800,79.5826,12,2017,진양호로225번길
한주타운,2023-06-14,19300,84.63,7,1992,진주대로1208번길
신안주공1,2023-06-03,27700,84.53,12,1998,신안들말길
한림풀에버,2023-06-11,35000,84.9644,3,2015,소호로
한림풀에버,2023-06-05,41700,84.9088,20,2015,소호로
두산위브,2023-06-10,25600,113.801,14,2009,중장로154번길
신안주공2,2023-06-08,16000,59.8,10,1996,신안들말길
혁신도시엘에이치아파트9단지,2023-06-14,30000,59.97,3,2017,사들로
진주푸르지오1단지,2023-06-05,18150,59.924,10,2007,덕의길
동신,2023-06-05,7500,59.92,15,1992,광제산로
진주혁신도시중흥에스-클래스센트럴시티4단지,2023-06-12,38500,84.9815,17,2020,에나로175번길
진주초장엠코타운더이스턴파크,2023-06-11,30000,73.6669,20,2014,초북로
삼환나우빌,2023-06-09,58000,149.967,18,2009,진주대로829번길
진주센트럴자이,2023-06-10,32700,84.9059,14,2013,도동천로
메이힐스,2023-06-10,24750,69.0708,2,2018,진양호로239번길
한보타운,2023-06-12,13000,84.6,19,1993,진양호로97번길
현대,2023-06-12,20000,84.945,14,1992,진양호로51번길
한보타워,2023-06-09,15000,79.26,8,1991,남강로491번길
스카이시티프라디움,2023-06-03,43000,84.9818,9,2019,개양로
대림,2023-06-07,14100,72.238,5,1991,도동천로
한림풀에버,2023-06-04,43000,84.9644,14,2015,소호로
현대,2023-06-05,15100,84.99,15,1991,모덕로181번길
신안주공2,2023-06-11,15400,59.8,11,1996,신안들말길
센트렐웰가,2023-06-11,37200,59.4732,17,2018,진주역로73번길
센트렐웰가,2023-06-12,48000,84.9222,25,2018,진주역로73번길
진주초장엠코타운더이스턴파크,2023-06-09,28000,59.9983,18,2014,초북로
더퀸즈웰가,2023-06-11,41500,84.7157,25,2015,새평거로
센트렐웰가,2023-06-10,51400,84.9222,18,2018,진주역로73번길
진주초장엠코타운더이스턴파크,2023-06-08,30700,73.556,25,2014,초북로
엠코타운더프라하,2023-06-02,44000,84.933,6,2014,새평거로
진주혁신도시라온프라이빗아파트,2023-06-10,50000,84.9087,11,2017,대밭골로
힐스테이트초전,2023-06-05,47500,91.2066,16,2019,초북로
서성파라토피아,2023-06-10,11800,89.17,1,1989,진주대로986번길
대동디지털황토,2023-06-11,27700,84.8805,9,2003,가호로44번길
현대,2023-06-10,16500,59.96,14,1997,초전남로
현대,2023-06-04,13000,84.99,3,1991,모덕로181번길
더퀸즈웰가,2023-06-07,36000,66.3912,6,2015,새평거로
진주혁신도시중흥에스-클래스더퍼스트,2023-06-10,66760,99.9097,14,2020,충의로
진주정촌대경파미르,2023-06-03,27300,66.1957,12,2019,삼일로106번길
평거휴먼시아4단지,2023-06-10,27200,59.98,4,2011,새평거로
가좌주공1차,2023-06-08,13300,49.94,1,1993,가호로
청구타운,2023-06-09,13000,59.99,15,1997,대신로475번길
일신,2023-06-05,15500,84.78,11,1991,하대로34번길
들말흥한타운,2023-06-10,19000,59.871,15,1998,석갑로
금산느티나무,2023-06-12,13500,59.42,8,2003,중천로
일신,2023-06-07,15000,84.78,11,1991,하대로34번길
진주혁신도시센텀리버파크,2023-06-09,38000,84.95,18,2013,사들로
진주혁신도시센텀리버파크,2023-06-02,36800,84.95,7,2013,사들로
센트렐웰가,2023-06-03,45500,84.9914,3,2018,진주역로73번길
하대주공,2023-06-03,10700,44.3,3,1982,상대로
하대주공,2023-06-07,7500,36.2,3,1982,상대로
센트렐웰가,2023-06-09,47900,84.9222,17,2018,진주역로73번길
현대금빛마을,2023-06-08,11600,84.876,9,2000,진산로
금산e편한세상,2023-06-03,32700,149.6941,16,2008,금산순환로80번길
진주혁신도시중흥에스-클래스더프라임,2023-06-08,50000,84.9912,12,2019,소호로19번길
혁신도시엘에이치아파트8단지,2023-06-01,29000,59.97,8,2015,사들로
혁신도시엘에이치아파트9단지,2023-06-05,30900,59.97,15,2017,사들로
진흥더루벤스,2023-06-07,22000,122.956,16,2009,금산로
혁신도시엘에이치아파트9단지,2023-06-03,29800,59.97,21,2017,사들로
진주혁신코오롱하늘채,2023-06-08,31500,75.84,4,2014,사들로
신안주공3,2023-06-03,14500,49.96,4,1997,석갑로
진주혁신코오롱하늘채,2023-06-05,32600,84.95,1,2014,사들로
초전해모로루비채2단지,2023-06-03,29800,74.9798,9,2014,초북로
주공그린빌,2023-06-01,25300,84.9,11,2005,내동로348번길
더퀸즈웰가,2023-06-03,51500,100.8805,13,2015,새평거로
더퀸즈웰가,2023-06-05,35900,66.3912,13,2015,새평거로
혁신도시엘에이치아파트8단지,2023-06-05,29300,59.97,17,2015,사들로
진주문산파란채,2023-06-05,18800,84.8829,7,2010,월아산로1048번길
진주센트럴자이,2023-06-03,33500,84.9059,3,2013,도동천로
진주센트럴자이,2023-06-03,36000,84.9059,18,2013,도동천로
엠코타운더프라하,2023-06-04,39800,84.933,10,2014,새평거로
진주초장엠코타운더이스턴파크,2023-06-04,39000,101.5255,23,2014,초북로
혁신도시엘에이치아파트9단지,2023-06-05,31500,59.97,24,2017,사들로
포레나신진주,2023-06-05,46300,84.9515,15,2019,진주역로96번길
금호석류,2023-06-03,26300,84.87,5,1999,강남로
진주정촌대경파미르,2023-06-05,25000,66.6161,19,2019,삼일로106번길
화인,2023-06-02,8100,83.435,2,1994,상봉대룡길
혁신도시엘에이치아파트9단지,2023-06-06,32000,59.97,22,2017,사들로
힐스테이트초전,2023-06-03,45000,91.0451,5,2019,초북로
진주초장엠코타운더이스턴파크,2023-06-02,37000,101.828,10,2014,초북로
진주혁신도시중흥에스-클래스더프라임,2023-06-05,50000,110.6238,11,2019,소호로19번길
신안주공1,2023-06-05,22200,84.98,2,1998,신안들말길
더퀸즈웰가,2023-06-02,31700,58.4018,14,2015,새평거로
혁신도시엘에이치아파트9단지,2023-06-02,30000,59.97,20,2017,사들로
엠코타운더프라하,2023-06-02,43500,84.933,29,2014,새평거로
국민2,2023-06-03,4600,59.79,5,1990,공단로236번길
진주혁신도시중흥에스-클래스더프라임,2023-06-01,50000,84.9858,21,2019,소호로19번길
진주혁신도시중흥에스-클래스센트럴시티3단지,2023-06-03,48000,84.8046,21,2020,에나로175번길
신안주공3,2023-06-01,16600,59.8,3,1997,석갑로
가좌주공1차,2023-06-01,13700,41.3,15,1993,가호로
진주초전푸르지오1단지,2023-07-18,48000,134.68,10,2009,초장로14번길
힐스테이트초전,2023-07-15,44500,84.9196,19,2019,초북로
대화강변마을,2023-07-31,15700,80.38,12,1998,도동천로
진주혁신도시센텀리버파크,2023-07-09,36000,84.95,4,2013,사들로
혁신도시엘에이치아파트8단지,2023-07-22,31000,59.97,15,2015,사들로
현대,2023-07-03,16000,59.96,7,1997,초전남로
진주혁신도시센텀리버파크,2023-07-09,36000,84.95,4,2013,사들로
혁신도시엘에이치아파트8단지,2023-07-26,30000,59.96,16,2015,사들로
현대,2023-07-26,22200,59.92,14,2000,진주대로815번길
칠암한주타운,2023-07-17,17000,84.725,18,1995,강남로
칠암한주타운,2023-07-17,17000,84.725,18,1995,강남로
동일스위트,2023-07-20,19400,59.9647,13,2008,공단로
가좌주공1차,2023-07-28,15900,49.94,10,1993,가호로
포레나신진주,2023-07-25,49500,84.9515,18,2019,진주역로96번길
진주초전푸르지오1단지,2023-07-21,47000,162.517,1,2009,초장로14번길
한주파크맨션,2023-07-11,17000,83.79,2,1990,남강로
경남빌라다동(240-0),2023-07-20,6700,77.92,2,1991,숙호산로
주공그린빌,2023-07-29,16800,51.74,16,2005,내동로348번길
이현하이클래스웰가,2023-07-20,29700,84.07,1,2008,진주대로
초전해모로루비채2단지,2023-07-22,54500,84.8022,19,2014,초북로
금산느티나무,2023-07-19,13200,59.42,15,2003,중천로
진주혁신도시센텀리버파크,2023-07-17,36500,84.95,16,2013,사들로
한주타운,2023-07-15,23000,156.66,10,1992,진주대로1208번길
혁신도시엘에이치아파트9단지,2023-07-17,29400,59.97,7,2017,사들로
남강카누빌2,2023-07-15,12500,83.77,6,2001,모덕로
동신,2023-07-14,5100,49.72,1,1992,광제산로
망경한보타운,2023-07-26,16400,84.82,6,1997,망경로
진주정촌대경파미르,2023-07-27,29000,84.9426,10,2019,삼일로106번길
진주혁신도시중흥에스-클래스센트럴시티3단지,2023-07-16,58500,99.8723,4,2020,에나로175번길
주공그린빌,2023-07-15,16500,51.74,20,2005,내동로348번길
가좌주공1차,2023-07-14,14000,49.94,1,1993,가호로
주공그린빌,2023-07-28,27000,84.9,15,2005,내동로348번길
진주정촌대경파미르,2023-07-24,32000,84.9426,12,2019,삼일로106번길
한보,2023-07-28,11000,59.8837,2,1994,진주대로
혁신도시엘에이치아파트8단지,2023-07-13,26500,59.97,18,2015,사들로
진주강남동일동미라주,2023-07-26,32000,84.9831,5,2021,진주대로891번길
진주초전푸르지오1단지,2023-07-18,48000,134.68,10,2009,초장로14번길
진주혁신도시중흥에스-클래스센트럴시티4단지,2023-07-21,47500,84.9815,7,2020,에나로175번길
초전해모로루비채4단지,2023-07-19,38500,100.8994,4,2014,초북로
힐스테이트초전,2023-07-31,45000,91.0451,9,2019,초북로
대화강변마을,2023-07-31,15700,80.38,12,1998,도동천로
엠코타운더프라하,2023-07-29,43500,84.933,26,2014,새평거로
평거현대1,2023-07-28,23250,84.75,6,1993,평거로115번길
진주혁신도시중흥에스-클래스센트럴시티2단지,2023-07-13,70000,99.8723,29,2020,에나로
진주혁신도시대방노블랜드더캐슬아파트,2023-07-25,66000,103.3591,15,2018,사들로
도동대림,2023-07-31,13600,73.375,10,1992,하대로40번길
신안주공3,2023-07-29,14500,49.96,2,1997,석갑로
현대,2023-07-28,20000,59.92,9,2000,진주대로815번길
진주문산코아루,2023-07-10,32000,114.9123,9,2010,월아산로1117번길
힐스테이트초전,2023-07-27,42000,84.9351,9,2019,초북로
더퀸즈웰가,2023-07-22,40300,75.4984,21,2015,새평거로
두산위브,2023-07-26,23200,84.994,8,2009,중장로154번길
스카이시티프라디움,2023-07-15,49500,84.9898,34,2019,개양로
럭키강변,2023-07-20,11700,74.21,4,1991,남강로
건영아모리움,2023-07-29,26500,79.5826,6,2017,진양호로225번길
신안주공1,2023-07-25,24000,84.98,6,1998,신안들말길
진주혁신도시대방노블랜드더캐슬아파트,2023-07-21,62000,84.9899,18,2018,사들로
망경한보타운,2023-07-22,17500,84.82,13,1997,망경로
현대,2023-07-08,19500,84.93,12,1996,하대로
주공그린빌,2023-07-09,28700,84.9,4,2005,내동로348번길
혁신도시엘에이치아파트8단지,2023-07-19,29000,59.97,16,2015,사들로
진흥더루벤스,2023-07-31,24000,122.956,11,2009,금산로
가좌주공1차,2023-07-14,9700,41.3,1,1993,가호로
태완노블리안,2023-07-10,6900,59.9823,8,2007,공치고개길
한보타워,2023-07-22,15400,80.9,11,1991,남강로491번길
금산흥한골든빌,2023-07-06,10400,58.12,10,2002,금산로
신안주공3,2023-07-29,17700,59.8,14,1997,석갑로
금산흥한골든빌,2023-07-31,14500,84.88,11,2002,금산로
금산아이파크,2023-07-24,20500,84.17,7,2004,중천로
진주혁신코오롱하늘채,2023-07-26,34000,84.95,1,2014,사들로
가호에일린의뜰,2023-07-18,33150,77.8216,16,2012,강변길
진주혁신도시대방노블랜드더캐슬아파트,2023-07-22,64300,103.9623,2,2018,사들로
혁신도시엘에이치아파트8단지,2023-07-22,30800,59.97,14,2015,사들로
엠코타운더프라하,2023-07-08,48300,84.933,27,2014,새평거로
상대주공,2023-07-19,9800,40.99,1,1980,상대로
금산흥한골든빌,2023-07-24,9900,58.12,13,2002,금산로
고려,2023-07-24,6200,59.4,7,1994,동부로
더퀸즈웰가,2023-07-12,29600,58.7908,1,2015,새평거로
진주혁신도시중흥에스-클래스더프라임,2023-07-24,59000,97.7268,13,2019,소호로19번길
진주초전푸르지오2단지,2023-07-29,46000,125.029,16,2010,초장로14번길
진주혁신도시센텀리버파크,2023-07-29,38000,84.95,16,2013,사들로
진주푸르지오1단지,2023-07-13,21400,84.9726,5,2007,덕의길
진주초장엠코타운더이스턴파크,2023-07-29,36300,84.977,10,2014,초북로
한보은빛마을,2023-07-12,28000,84.86,5,2002,천수로
시티프라디움,2023-07-29,54600,84.9941,39,2020,진주역로
진주초장엠코타운더이스턴파크,2023-07-20,29400,59.9983,14,2014,초북로
혁신도시엘에이치아파트8단지,2023-07-28,28250,59.97,3,2015,사들로
진주혁신도시중흥에스-클래스더퍼스트,2023-07-29,74800,99.9097,15,2020,충의로
진주혁신도시중흥에스-클래스더퍼스트,2023-07-28,74500,99.864,12,2020,충의로
대화강변마을,2023-07-08,11700,59.5,12,1998,도동천로
금산흥한골든빌,2023-07-21,6000,37.84,9,2002,금산로
칠암한주타운,2023-07-17,17000,84.725,18,1995,강남로
힐스테이트초전,2023-07-26,43500,84.9196,17,2019,초북로
두산위브,2023-07-23,22500,84.995,11,2009,중장로154번길
금산아이파크,2023-07-02,23900,115.68,6,2004,중천로
신안주공1,2023-07-21,24000,84.98,6,1998,신안들말길
진주푸르지오1단지,2023-07-24,21500,84.9726,6,2007,덕의길
시티프라디움,2023-07-26,46150,84.9909,31,2020,진주역로
금산아이파크,2023-07-20,19000,84.17,8,2004,중천로
가좌주공1차,2023-07-27,12900,41.3,10,1993,가호로
한보힐타워,2023-07-25,8400,59.88,6,1992,상대로143번길
엠코타운더프라하,2023-07-23,57000,101.5684,22,2014,새평거로
문산한양하이빌,2023-07-27,13400,59.1,9,2001,월아산로
진주센트럴자이,2023-07-22,32500,84.5289,4,2013,도동천로
현대금빛마을,2023-07-27,9000,84.876,9,2000,진산로
신안주공2,2023-07-25,13700,49.97,6,1996,신안들말길
들말한보타운,2023-07-26,19200,59.8,2,1997,평거로39번길
남강휴먼빌,2023-07-28,28500,84.9679,7,2010,순환로
한림풀에버,2023-07-16,40750,84.9088,6,2015,소호로
평거휴먼시아4단지,2023-07-21,28900,84.91,1,2011,새평거로
일신,2023-07-21,15600,84.66,11,1991,하대로34번길
삼전프라자,2023-07-21,13200,59.94,3,1996,도동로
들말대경,2023-07-26,27300,84.99,9,1998,석갑로53번길
하영파크,2023-07-27,7500,70.56,5,1991,말티고개로100번길
그린타운,2023-07-25,13000,68.9,1,1992,석갑로156번길
현대,2023-07-20,16200,70.96,11,1989,천수로
흥한타운2,2023-07-25,15800,59.935,14,1995,평거로139번길
혁신도시엘에이치아파트8단지,2023-07-26,30300,59.97,17,2015,사들로
센트렐웰가,2023-07-27,44500,84.8133,3,2018,진주역로73번길
대동디지털황토,2023-07-18,24000,84.8805,15,2003,가호로44번길
두산위브,2023-07-26,24200,84.991,8,2009,중장로154번길
혁신도시엘에이치5단지,2023-07-24,37500,84.95,12,2014,충의로
남강휴먼빌,2023-07-26,45500,158.9164,27,2010,순환로
현대성우트리팰리스,2023-07-25,23000,106.07,4,2006,진주대로879번길
서성파라토피아,2023-07-07,14300,89.17,4,1989,진주대로986번길
스카이시티프라디움,2023-07-15,44800,84.9898,26,2019,개양로
진주혁신코오롱하늘채,2023-07-01,34000,75.84,10,2014,사들로
혁신도시엘에이치아파트9단지,2023-07-25,30500,59.97,6,2017,사들로
덕산,2023-07-18,10500,59.73,7,1995,서장대로178번길
진주혁신도시중흥에스-클래스더프라임,2023-07-03,53500,84.9858,14,2019,소호로19번길
현대,2023-07-24,10500,59.89,2,1996,하대로
더퀸즈웰가,2023-07-14,50000,100.6401,2,2015,새평거로
힐스테이트초전,2023-07-25,42300,84.9351,10,2019,초북로
삼환나우빌,2023-07-24,53000,129.138,23,2009,진주대로829번길
동신,2023-07-23,10500,78.34,7,1992,광제산로
진주평거우방아이유쉘스카이팰리스,2023-07-22,43700,84.2136,18,2019,진양호로
더퀸즈웰가,2023-07-18,37000,66.3912,23,2015,새평거로
상봉1,2023-07-25,7750,41.9,5,1976,창렬로
진주혁신도시중흥에스-클래스센트럴시티3단지,2023-07-23,47800,84.8046,7,2020,에나로175번길
진주혁신도시중흥에스-클래스더프라임,2023-07-23,54250,84.9912,20,2019,소호로19번길
한림풀에버,2023-07-22,42000,84.9088,6,2015,소호로
진주혁신도시중흥에스-클래스센트럴시티3단지,2023-07-19,54700,84.9815,5,2020,에나로175번길
신안주공3,2023-07-24,16650,59.8,14,1997,석갑로
일동,2023-07-23,11700,59.86,5,1994,초전북로
금호석류,2023-07-22,26000,84.87,12,1999,강남로
혁신도시엘에이치아파트8단지,2023-07-12,29650,59.97,16,2015,사들로
진주혁신코오롱하늘채,2023-07-20,34000,75.99,16,2014,사들로
진주혁신도시중흥에스-클래스센트럴시티2단지,2023-07-16,65500,99.8723,20,2020,에나로
상대한보타운,2023-07-03,34700,119.88,11,2002,도동천로
진주혁신코오롱하늘채,2023-07-20,34000,84.95,2,2014,사들로
남강휴먼빌,2023-07-12,38500,133.0285,8,2010,순환로
진주초전푸르지오2단지,2023-07-12,42500,101.977,14,2010,초장로14번길
한주파크맨션,2023-07-11,17000,83.79,2,1990,남강로
가좌주공1차,2023-07-21,13200,41.3,12,1993,가호로
혁신도시엘에이치아파트8단지,2023-07-22,31000,59.97,15,2015,사들로
한림풀에버,2023-07-15,41700,84.9088,7,2015,소호로
대동디지털황토,2023-07-19,20000,59.9762,8,2003,가호로44번길
진주혁신도시라온프라이빗아파트,2023-07-22,57000,84.9087,24,2017,대밭골로
포레나신진주,2023-07-12,47000,84.9515,8,2019,진주역로96번길
건영아모리움,2023-07-18,28500,74.7821,6,2017,진양호로225번길
가좌주공2차,2023-07-21,10500,44.94,2,1993,가호로
들말한보타운,2023-07-11,25700,84.98,4,1997,평거로39번길
대영,2023-07-22,12000,84.86,9,1992,말티고개로
한주럭키타운,2023-07-15,24200,84.81,9,1990,진주대로
들말흥한타운,2023-07-18,22000,84.89,1,1998,석갑로
진주혁신도시센텀리버파크,2023-07-22,36000,84.95,7,2013,사들로
진주푸르지오1단지,2023-07-20,22000,84.9414,14,2007,덕의길
한주,2023-07-20,6800,68.54,4,1989,공단로91번길
가좌주공2차,2023-07-22,15400,49.94,2,1993,가호로
금호석류,2023-07-14,26500,84.87,20,1999,강남로
현대,2023-07-21,24400,84.96,1,2000,진주대로815번길
금산e편한세상,2023-07-15,18500,84.9746,2,2008,금산순환로80번길
평거하우스토리,2023-07-18,44500,134.1,1,2009,진양호로239번길
초전해모로루비채2단지,2023-07-14,35800,84.9908,13,2014,초북로
센트렐웰가,2023-07-19,47300,84.8133,19,2018,진주역로73번길
한주파크맨션,2023-07-06,11000,59.4,3,1990,남강로
진주푸르지오1단지,2023-07-20,20500,84.9414,3,2007,덕의길
스카이시티프라디움,2023-07-20,45000,84.991,31,2019,개양로
평거현대2,2023-07-19,24000,84.832,3,1994,신안들말길
휴앤인엘리시움,2023-07-20,39100,84.8578,17,2019,에나로
모란,2023-07-20,4500,45.5,3,1982,솔밭로
진주혁신도시대방노블랜드더캐슬아파트,2023-07-20,58000,84.9899,16,2018,사들로
스카이시티프라디움,2023-07-08,45800,84.9898,35,2019,개양로
현대,2023-07-10,15500,59.96,2,1997,초전남로
힐스테이트초전,2023-07-17,43500,84.9196,10,2019,초북로
금산흥한골든빌,2023-07-13,5900,37.84,8,2002,금산로
초전해모로루비채4단지,2023-07-19,34500,84.9908,4,2014,초북로
하영그린맨션,2023-07-20,9500,77.64,9,1992,진양호로97번길
진주푸르지오2단지,2023-07-20,18150,59.924,3,2007,덕의길
초전해모로루비채4단지,2023-07-19,35500,84.9671,13,2014,초북로
이현하이클래스웰가,2023-07-18,26200,75.07,18,2008,진주대로
이현하이클래스웰가,2023-07-12,29300,84.07,20,2008,진주대로
경남맨션,2023-07-10,11200,77.83,4,1988,평거로
이현하이클래스웰가,2023-07-08,36500,110.1,20,2008,진주대로
한보은빛마을,2023-07-17,27500,84.86,12,2002,천수로
한보은빛마을,2023-07-17,31700,109.17,9,2002,천수로
평거현대1,2023-07-17,21800,84.75,14,1993,평거로115번길
휴앤인엘리시움,2023-07-19,39200,84.9666,27,2019,에나로
휴앤인엘리시움,2023-07-08,38900,84.7831,12,2019,에나로
진주혁신도시중흥에스-클래스센트럴시티4단지,2023-07-04,50800,84.9815,23,2020,에나로175번길
들말흥한타운,2023-07-17,18200,59.871,5,1998,석갑로
진주혁신도시중흥에스-클래스센트럴시티4단지,2023-07-18,50000,84.9815,4,2020,에나로175번길
한보은빛마을,2023-07-14,28800,109.17,14,2002,천수로
두산위브,2023-07-17,24000,84.991,16,2009,중장로154번길
금산아이파크,2023-07-17,16700,59.78,14,2004,중천로
진주평거엘크루,2023-07-03,47000,84.9195,7,2016,새평거로
혁신도시엘에이치아파트8단지,2023-07-08,28000,59.97,4,2015,사들로
신안주공2,2023-07-19,13500,49.97,8,1996,신안들말길
진주혁신도시중흥에스-클래스센트럴시티2단지,2023-07-13,59000,99.8723,13,2020,에나로
가호에일린의뜰,2023-07-01,34400,77.8216,7,2012,강변길
진주문산코아루,2023-07-16,32000,114.9123,9,2010,월아산로1117번길
평거휴먼시아4단지,2023-07-15,28200,59.98,8,2011,새평거로
더퀸즈웰가,2023-07-11,32000,58.7908,13,2015,새평거로
한보,2023-07-12,9650,59.8837,20,1994,진주대로
삼환나우빌,2023-07-17,54000,149.967,3,2009,진주대로829번길
진주정촌대경파미르,2023-07-15,30000,84.9426,4,2019,삼일로106번길
평거휴먼시아3단지,2023-07-17,37800,84.95,8,2011,새평거로
힐스테이트초전,2023-07-15,44500,84.9196,19,2019,초북로
진주혁신도시중흥에스-클래스더퍼스트,2023-07-15,73800,99.864,16,2020,충의로
신안주공3,2023-07-15,11000,39.99,13,1997,석갑로
진주센트럴자이,2023-07-13,30500,84.5289,2,2013,도동천로
금산아이파크,2023-07-08,26300,115.68,15,2004,중천로
초전흥한,2023-07-04,20800,76.91,11,2001,초전남로
금산흥한골든빌,2023-07-08,8400,48.31,3,2002,금산로
혁신도시엘에이치아파트8단지,2023-07-01,27000,59.97,3,2015,사들로
들말흥한타운,2023-07-15,31000,99.85,13,1998,석갑로
진주혁신도시대방노블랜드더캐슬아파트,2023-07-04,58000,84.9899,6,2018,사들로
진주혁신코오롱하늘채,2023-07-07,38000,84.95,7,2014,사들로
두산위브,2023-07-12,22300,84.994,5,2009,중장로154번길
한주타운,2023-07-15,21500,125.38,19,1992,진주대로1208번길
한주파크맨션,2023-07-10,13000,59.4,10,1990,남강로
진주혁신도시중흥에스-클래스센트럴시티3단지,2023-07-09,54000,84.9815,17,2020,에나로175번길
더퀸즈웰가,2023-07-04,31800,58.7908,11,2015,새평거로
센트렐웰가,2023-07-11,36800,59.45,25,2018,진주역로73번길
진주혁신코오롱하늘채,2023-07-11,33500,75.99,10,2014,사들로
더퀸즈웰가,2023-07-06,31900,58.7908,14,2015,새평거로
한보타워(하대1차),2023-07-15,10000,34.81,9,1992,모덕로306번길
엠코타운더프라하,2023-07-15,44800,84.9651,7,2014,새평거로
진주혁신도시대방노블랜드더캐슬아파트,2023-07-09,75500,84.9474,20,2018,사들로
진주강남동일동미라주,2023-07-03,37500,84.9806,32,2021,진주대로891번길
진주푸르지오1단지,2023-07-15,21200,84.9414,17,2007,덕의길
금산느티나무,2023-07-10,16250,74.88,13,2003,중천로
진주혁신도시라온프라이빗아파트,2023-07-16,43200,84.8922,16,2017,대밭골로
한보타워(하대1차),2023-07-15,10000,58.54,9,1992,모덕로306번길
진주혁신도시중흥에스-클래스더프라임,2023-07-11,49000,84.9858,3,2019,소호로19번길
금산아이파크,2023-07-08,26300,115.68,15,2004,중천로
대림,2023-07-11,15000,84.44,2,1995,말티고개로
금산흥한골든빌,2023-07-03,14350,73.61,14,2002,금산로
시티프라디움,2023-07-09,43700,84.9941,4,2020,진주역로
들말대경,2023-07-12,18000,59.595,15,1998,석갑로53번길
월산아크로빌,2023-07-08,8800,59.7992,4,2005,공치고개길
신안주공2,2023-07-13,16800,59.8,15,1996,신안들말길
신안주공2,2023-07-13,14500,59.8,2,1996,신안들말길
한림풀에버,2023-07-10,37700,84.9088,11,2015,소호로
대동디지털황토,2023-07-13,24500,84.6814,7,2003,가호로44번길
상평동신,2023-07-05,11750,59.88,4,1997,돗골로117번길
진주혁신코오롱하늘채,2023-07-08,37000,84.95,7,2014,사들로
흥한타운2,2023-07-09,16000,59.935,4,1995,평거로139번길
신안주공1,2023-07-06,25000,74.83,9,1998,신안들말길
진주혁신도시중흥에스-클래스센트럴시티4단지,2023-07-12,50000,84.9815,18,2020,에나로175번길
한림풀에버,2023-07-10,42000,84.9088,15,2015,소호로
포레나신진주,2023-07-12,47000,84.9515,8,2019,진주역로96번길
혁신도시엘에이치아파트8단지,2023-07-07,31000,59.97,13,2015,사들로
초전해모로루비채2단지,2023-07-03,35000,84.9908,12,2014,초북로
금산e편한세상,2023-07-02,32700,149.6941,16,2008,금산순환로80번길
금산e편한세상,2023-07-08,25800,121.9893,5,2008,금산순환로80번길
신안주공2,2023-07-12,15500,59.8,13,1996,신안들말길
힐스테이트초전,2023-07-09,45700,84.9196,31,2019,초북로
동일스위트,2023-07-06,24500,84.9164,20,2008,공단로
가좌주공1차,2023-07-12,10300,41.3,1,1993,가호로
초전해모로루비채4단지,2023-07-10,36300,84.9671,27,2014,초북로
혁신도시엘에이치아파트8단지,2023-07-05,28200,59.97,2,2015,사들로
현대,2023-07-12,24200,125.25,10,1989,천수로
진주혁신도시중흥에스-클래스더퍼스트,2023-07-08,66000,99.864,4,2020,충의로
금산e편한세상,2023-07-04,20900,84.9746,8,2008,금산순환로80번길
대동디지털황토,2023-07-08,25000,84.6814,10,2003,가호로44번길
힐스테이트초전,2023-07-03,42800,84.9196,19,2019,초북로
상대한보타운,2023-07-08,19500,75.06,8,2002,도동천로
혁신도시엘에이치5단지,2023-07-02,33000,75.99,9,2014,충의로
센트렐웰가,2023-07-07,47500,84.9914,17,2018,진주역로73번길
진주초전푸르지오1단지,2023-07-05,55300,162.517,10,2009,초장로14번길
진주혁신도시중흥에스-클래스더프라임,2023-07-08,58900,97.7268,16,2019,소호로19번길
건일,2023-07-10,6300,51.61,1,1987,상대로119번길
엠코타운더프라하,2023-07-06,39900,84.933,12,2014,새평거로
진주문산파란채,2023-07-07,18200,84.9015,4,2010,월아산로1048번길
가좌주공1차,2023-07-08,11000,41.3,3,1993,가호로
들말흥한타운,2023-07-05,28900,99.85,3,1998,석갑로
진주초전푸르지오2단지,2023-07-08,42000,101.977,10,2010,초장로14번길
센트렐웰가,2023-07-08,40000,75.3872,3,2018,진주역로73번길
화인,2023-07-10,10450,59.48,14,1994,상봉대룡길
신안주공2,2023-07-10,15800,59.8,5,1996,신안들말길
더퀸즈웰가,2023-07-06,35200,65.6733,21,2015,새평거로
진주혁신도시중흥에스-클래스센트럴시티3단지,2023-07-01,49500,84.9815,7,2020,에나로175번길
진주혁신도시센텀리버파크,2023-07-09,36000,84.95,4,2013,사들로
금산e편한세상,2023-07-03,24000,125.5173,16,2008,금산순환로80번길
한주타운,2023-07-04,10500,74.95,1,1992,진주대로1208번길
진주강남동일동미라주,2023-07-08,36200,84.9831,31,2021,진주대로891번길
시티프라디움,2023-07-09,43700,84.9941,4,2020,진주역로
평거현대1,2023-07-02,14700,59.4,10,1993,평거로115번길
금산흥한골든빌,2023-07-08,5850,37.84,13,2002,금산로
현대,2023-07-03,16000,59.96,7,1997,초전남로
한보(하대3차),2023-07-06,12200,74.4,14,1993,남강로
들말대경,2023-07-05,28200,84.99,9,1998,석갑로53번길
엠코타운더프라하,2023-07-08,35400,67.2755,4,2014,새평거로
들말흥한타운,2023-07-03,16600,59.871,1,1998,석갑로
이지더원,2023-07-06,40000,84.9614,14,2018,초장로
상평동신,2023-07-05,7300,40.56,1,1997,돗골로117번길
힐스테이트초전,2023-07-07,43300,84.9351,19,2019,초북로
혁신도시엘에이치아파트8단지,2023-07-06,31000,59.96,16,2015,사들로
진주혁신도시중흥에스-클래스더프라임,2023-07-01,50000,84.9912,15,2019,소호로19번길
진주문산코아루,2023-07-05,26000,84.591,21,2010,월아산로1117번길
하대주공,2023-07-06,10000,36.2,2,1982,상대로
진주문산파란채,2023-07-05,19100,84.9015,8,2010,월아산로1048번길
동신,2023-07-04,10500,78.34,7,1992,광제산로
진주센트럴자이,2023-07-05,31400,84.5289,6,2013,도동천로
혁신도시엘에이치아파트9단지,2023-07-04,29900,59.97,4,2017,사들로
가좌주공1차,2023-07-05,10900,44.94,1,1993,가호로
금산흥한골든빌,2023-07-04,8500,48.31,14,2002,금산로
동신,2023-07-04,10500,78.34,7,1992,광제산로
금산느티나무,2023-07-04,13550,59.42,10,2003,중천로
현대금빛마을,2023-07-03,12800,84.876,10,2000,진산로
금산흥한골든빌,2023-07-02,6000,37.84,9,2002,금산로
진주초장엠코타운더이스턴파크,2023-07-04,30800,73.556,29,2014,초북로
진주혁신도시센텀리버파크,2023-07-02,38600,84.95,7,2013,사들로
진주혁신도시센텀리버파크,2023-07-02,38600,84.95,7,2013,사들로
진주혁신도시센텀리버파크,2023-07-02,37400,84.95,6,2013,사들로
진주평거우방아이유쉘스카이팰리스,2023-07-04,42900,84.8954,17,2019,진양호로
제일풍경채,2023-07-02,39000,110.7705,12,2007,가좌안골길21번길
국민주택,2023-07-03,4000,33.39,5,1992,진양호로97번길
초전해모로루비채4단지,2023-07-02,35300,84.9908,27,2014,초북로
금호석류,2023-07-01,24800,84.87,15,1999,강남로
진주센트럴자이,2023-07-01,33300,84.5289,9,2013,도동천로
힐스테이트초전,2023-07-01,43200,84.9351,27,2019,초북로
센트렐웰가,2023-07-01,44900,84.8133,18,2018,진주역로73번길
평거휴먼시아3단지,2023-07-02,40000,84.98,15,2011,새평거로
진주혁신도시센텀리버파크,2023-08-27,38000,84.88,10,2013,사들로
한보은빛마을,2023-08-17,28000,125.12,2,2002,천수로
진주푸르지오2단지,2023-08-05,27300,115.1967,7,2007,덕의길
진주초전푸르지오2단지,2023-08-26,42800,101.977,8,2010,초장로14번길
초전해모로루비채4단지,2023-08-26,37000,84.9908,19,2014,초북로
초전해모로루비채2단지,2023-08-22,36400,84.9908,9,2014,초북로
이지더원,2023-08-25,38000,73.2086,15,2018,초장로
혁신도시엘에이치아파트9단지,2023-08-29,31500,59.97,7,2017,사들로
상대한보타운,2023-08-30,22100,83.52,5,2002,도동천로
진주혁신도시중흥에스-클래스센트럴시티2단지,2023-08-31,83000,117.7407,19,2020,에나로
대경강남타운,2023-08-30,8300,33.6,19,1997,진주대로891번길
남강카누빌1,2023-08-31,15700,95.71,3,2001,모덕로
힐스테이트초전,2023-08-26,44200,84.9196,8,2019,초북로
진주문산코아루,2023-08-30,27000,84.9867,4,2010,월아산로1117번길
삼성,2023-08-28,18500,84.93,2,1996,동부로43번길
가좌주공1차,2023-08-26,12800,41.3,5,1993,가호로
가좌주공1차,2023-08-22,13000,49.94,9,1993,가호로
현대,2023-08-28,22500,123.93,19,1996,하대로
진주문산코아루,2023-08-24,32000,114.9123,9,2010,월아산로1117번길
금산흥한골든빌,2023-08-25,5500,37.84,10,2002,금산로
들말흥한타운,2023-08-19,18000,59.871,9,1998,석갑로
시티프라디움,2023-08-27,42500,84.9941,26,2020,진주역로
이현하이클래스웰가,2023-08-28,38900,110.1,21,2008,진주대로
평거현대2,2023-08-25,18000,59.92,14,1994,신안들말길
진주정촌대경파미르,2023-08-30,27700,66.1957,5,2019,삼일로106번길
현대금빛마을,2023-08-21,9300,84.876,1,2000,진산로
엠코타운더프라하,2023-08-27,65000,101.5684,34,2014,새평거로
진주혁신도시센텀리버파크,2023-08-22,39800,84.95,17,2013,사들로
진주혁신도시센텀리버파크,2023-08-24,37800,84.95,11,2013,사들로
현대,2023-08-20,13500,72.98,8,1991,모덕로181번길
진주초전푸르지오2단지,2023-08-31,49800,125.029,1,2010,초장로14번길
엠코타운더프라하,2023-08-28,87000,153.2116,7,2014,새평거로
더퀸즈웰가,2023-08-31,42900,84.9163,27,2015,새평거로
진주혁신도시중흥에스-클래스더퍼스트,2023-08-31,70300,99.9097,8,2020,충의로
한주럭키타운,2023-08-31,20200,76.58,1,1990,진주대로
초전해모로루비채4단지,2023-08-30,37000,84.9671,7,2014,초북로
더퀸즈웰가,2023-08-27,33350,58.4018,26,2015,새평거로
진주혁신도시라온프라이빗아파트,2023-08-26,49000,84.8922,14,2017,대밭골로
진주혁신도시중흥에스-클래스센트럴시티3단지,2023-08-27,49000,84.9815,7,2020,에나로175번길
남강휴먼빌,2023-08-31,33000,84.9679,5,2010,순환로
금산e편한세상,2023-08-26,21800,84.9746,3,2008,금산순환로80번길
주공그린빌,2023-08-27,19500,59.27,14,2005,내동로348번길
진주혁신도시중흥에스-클래스센트럴시티2단지,2023-08-31,72500,117.7407,22,2020,에나로
현대,2023-08-31,26800,84.96,14,2000,진주대로815번길
상대한보타운,2023-08-21,21600,83.52,3,2002,도동천로
금호석류,2023-08-11,25900,84.87,21,1999,강남로
금산아이파크,2023-08-31,23900,115.68,11,2004,중천로
대곡한양,2023-08-19,7300,59.83,8,1994,진의로1079번길
한보타워,2023-08-17,14000,79.26,1,1991,남강로491번길
대동디지털황토,2023-08-14,23000,84.8805,2,2003,가호로44번길
주공그린빌,2023-08-11,18900,59.27,15,2005,내동로348번길
진주혁신도시센텀리버파크,2023-08-28,38000,84.88,10,2013,사들로
금산e편한세상,2023-08-28,27500,125.5173,4,2008,금산순환로80번길
진주정촌대경파미르,2023-08-29,25000,66.6161,12,2019,삼일로106번길
신안주공3,2023-08-30,14950,59.8,15,1997,석갑로
초전해모로루비채4단지,2023-08-31,36700,84.9671,25,2014,초북로
스카이시티프라디움,2023-08-28,45700,84.991,14,2019,개양로
진주푸르지오1단지,2023-08-30,23500,84.9726,17,2007,덕의길
혁신도시엘에이치아파트8단지,2023-08-31,30800,59.97,6,2015,사들로
현대,2023-08-29,30000,102.68,14,2000,진주대로815번길
금호석류,2023-08-17,26900,84.87,7,1999,강남로
신안주공1,2023-08-19,22700,74.83,3,1998,신안들말길
상봉1,2023-08-14,6100,40.473,5,1976,창렬로
초전해모로루비채2단지,2023-08-31,35000,84.9671,15,2014,초북로
더퀸즈웰가,2023-08-22,36500,65.6733,26,2015,새평거로
혁신도시엘에이치아파트8단지,2023-08-29,30000,59.97,3,2015,사들로
진주평거우방아이유쉘스카이팰리스,2023-08-31,43800,84.0198,22,2019,진양호로
진주혁신도시대방노블랜드더캐슬아파트,2023-08-31,68500,103.3591,9,2018,사들로
금산흥한골든빌,2023-08-30,14900,73.61,3,2002,금산로
상대한보타운,2023-08-23,16500,59.88,14,2002,도동천로
진주혁신도시중흥에스-클래스더퍼스트,2023-08-22,68300,99.864,5,2020,충의로
럭키강변,2023-08-28,12900,74.21,13,1991,남강로
진주초전푸르지오2단지,2023-08-26,46300,125.029,22,2010,초장로14번길
남강한주,2023-08-21,12850,59.82,3,2000,남강로736번길
현대,2023-08-28,24300,84.93,12,1996,하대로
두산위브,2023-08-29,26000,112.897,6,2009,중장로154번길
진주푸르지오1단지,2023-08-22,23000,84.9414,17,2007,덕의길
금산e편한세상,2023-08-24,26500,121.9893,5,2008,금산순환로80번길
진주문산파란채,2023-08-23,19000,84.9015,3,2010,월아산로1048번길
금호석류,2023-08-11,25900,84.87,21,1999,강남로
현대,2023-08-14,23900,84.98,1,2000,진주대로815번길
금산흥한골든빌,2023-08-29,6000,37.84,6,2002,금산로
진주평거엘크루,2023-08-23,43500,72.6786,15,2016,새평거로
센트렐웰가,2023-08-26,37000,59.4732,7,2018,진주역로73번길
진주혁신도시중흥에스-클래스더퍼스트,2023-08-19,81000,113.4763,6,2020,충의로
동일스위트,2023-08-21,20000,71.7507,3,2008,공단로
진주혁신도시중흥에스-클래스더프라임,2023-08-19,51600,84.9858,15,2019,소호로19번길
혁신도시엘에이치아파트8단지,2023-08-26,29300,59.97,25,2015,사들로
동일스위트,2023-08-26,23700,84.9692,1,2008,공단로
진주초전푸르지오2단지,2023-08-26,42800,101.977,8,2010,초장로14번길
혁신도시엘에이치아파트8단지,2023-08-31,28800,59.97,3,2015,사들로
한보타운,2023-08-31,13500,84.6,5,1993,진양호로97번길
신안주공1,2023-08-23,26000,84.91,14,1998,신안들말길
휴앤인엘리시움,2023-08-25,40900,84.8578,26,2019,에나로
센트렐웰가,2023-08-27,50000,84.8133,18,2018,진주역로73번길
더퀸즈웰가,2023-08-29,32600,58.4018,27,2015,새평거로
진주혁신도시중흥에스-클래스센트럴시티2단지,2023-08-11,54400,84.9815,17,2020,에나로
가좌주공1차,2023-08-31,15750,49.94,13,1993,가호로
진주정촌대경파미르,2023-08-05,27500,66.1957,16,2019,삼일로106번길
진주혁신도시대방노블랜드더캐슬아파트,2023-08-15,64900,103.3591,10,2018,사들로
대동디지털황토,2023-08-21,26500,84.6814,12,2003,가호로44번길
청구타운,2023-08-31,20800,84.98,6,1997,대신로475번길
진주정촌대경파미르,2023-08-31,26000,84.9625,11,2019,삼일로106번길
들말흥한타운,2023-08-25,24500,77.391,8,1998,석갑로
진주초전푸르지오2단지,2023-08-26,46100,125.029,21,2010,초장로14번길
대경그린파크,2023-08-10,13000,59.85,5,1994,순환로573번길
진주초전푸르지오2단지,2023-08-26,45500,125.029,11,2010,초장로14번길
진주초전푸르지오2단지,2023-08-29,43500,125.029,6,2010,초장로14번길
진주평거엘크루,2023-08-26,70000,101.4795,10,2016,새평거로
한보힐타워,2023-08-15,8200,55.89,1,1992,상대로143번길
들말흥한타운,2023-08-26,17500,59.871,3,1998,석갑로
현대,2023-08-15,13500,59.89,19,1996,하대로
들말흥한타운,2023-08-30,27200,84.89,4,1998,석갑로
혁신도시엘에이치아파트8단지,2023-08-27,29200,59.97,7,2015,사들로
메이힐스,2023-08-30,28300,84.7604,3,2018,진양호로239번길
진주초전푸르지오2단지,2023-08-29,44000,101.977,22,2010,초장로14번길
현대,2023-08-30,18000,84.55,5,1989,천수로
진주혁신도시대방노블랜드더캐슬아파트,2023-08-22,90000,103.3591,25,2018,사들로
혁신도시엘에이치아파트8단지,2023-08-25,30600,59.97,7,2015,사들로
이지더원,2023-08-25,38000,73.2086,15,2018,초장로
고려맨션,2023-08-08,8800,82.41,4,1991,서장대로178번길
진주초전푸르지오1단지,2023-08-29,43100,121.144,14,2009,초장로14번길
초전해모로루비채4단지,2023-08-26,37000,84.9908,19,2014,초북로
진주혁신도시중흥에스-클래스더프라임,2023-08-20,59500,97.7268,2,2019,소호로19번길
진주문산코아루,2023-08-30,32500,140.208,9,2010,월아산로1117번길
흥한타운,2023-08-28,10500,59.88,6,1995,대신로243번길
도동대림,2023-08-24,19800,84.23,10,1992,하대로40번길
하대주공,2023-08-26,12950,44.3,4,1982,상대로
건일,2023-08-23,6700,55.99,4,1987,상대로119번길
상대주공,2023-08-22,11000,40.99,3,1980,상대로
혁신도시엘에이치5단지,2023-08-04,38900,84.95,15,2014,충의로
진주혁신코오롱하늘채,2023-08-17,38000,84.95,12,2014,사들로
엠코타운더프라하,2023-08-28,68500,118.6034,29,2014,새평거로
진주혁신도시중흥에스-클래스센트럴시티4단지,2023-08-06,54700,84.9815,6,2020,에나로175번길
가좌주공1차,2023-08-29,12000,41.3,9,1993,가호로
한주타운,2023-08-28,26900,156.66,6,1992,진주대로1208번길
신안주공2,2023-08-18,15100,59.8,2,1996,신안들말길
진주문산코아루,2023-08-28,38000,140.208,22,2010,월아산로1117번길
이현주공,2023-08-21,13000,59.3,2,1983,서장대로
상대한보타운,2023-08-24,18500,75.06,15,2002,도동천로
진주혁신코오롱하늘채,2023-08-27,34500,75.99,9,2014,사들로
일동,2023-08-22,11200,59.86,6,1994,초전북로
초전해모로루비채2단지,2023-08-22,36400,84.9908,9,2014,초북로
현대성우트리팰리스,2023-08-27,26700,106.07,12,2006,진주대로879번길
한보은빛마을,2023-08-26,28000,109.17,8,2002,천수로
일신,2023-08-25,15500,84.66,7,1991,하대로34번길
이현하이클래스웰가,2023-08-17,25000,75.07,18,2008,진주대로
진주초전푸르지오2단지,2023-08-24,38000,101.977,1,2010,초장로14번길
진주혁신도시중흥에스-클래스더프라임,2023-08-26,52500,84.9912,14,2019,소호로19번길
진주혁신도시라온프라이빗아파트,2023-08-26,42000,79.0385,11,2017,대밭골로
이현하이클래스웰가,2023-08-25,51000,176.73,9,2008,진주대로
현대성우트리팰리스,2023-08-19,27000,106.07,3,2006,진주대로879번길
금산e편한세상,2023-08-13,25600,121.9893,14,2008,금산순환로80번길
이현하이클래스웰가,2023-08-25,35800,110.1,4,2008,진주대로
동서훼밀리,2023-08-22,6950,55.89,7,1992,선학산길
남강휴먼빌,2023-08-07,38000,120.5794,6,2010,순환로
금산흥한골든빌,2023-08-28,7500,48.31,7,2002,금산로
금산e편한세상,2023-08-27,22500,84.9746,23,2008,금산순환로80번길
초전흥한,2023-08-19,15500,59.85,4,2001,초전남로
가호에일린의뜰,2023-08-25,33900,77.8216,19,2012,강변길
금호석류,2023-08-26,25000,84.87,21,1999,강남로
힐스테이트초전,2023-08-26,44200,84.9196,25,2019,초북로
힐스테이트초전,2023-08-26,44200,84.9196,8,2019,초북로
들말한보타운,2023-08-25,18600,59.8,2,1997,평거로39번길
힐스테이트초전,2023-08-05,42500,84.9351,24,2019,초북로
이지더원,2023-08-24,53000,113.588,5,2018,초장로
스카이시티프라디움,2023-08-24,49000,84.9898,38,2019,개양로
흥한스위트,2023-08-24,17500,84.86,6,1998,신안로
삼환나우빌,2023-08-19,51500,129.138,9,2009,진주대로829번길
삼환나우빌,2023-08-23,54500,129.138,17,2009,진주대로829번길
한보하이타운,2023-08-24,10650,55.01,13,1995,순환로553번길
동신,2023-08-23,5400,49.72,5,1992,광제산로
진주혁신도시중흥에스-클래스센트럴시티3단지,2023-08-11,54000,84.8046,15,2020,에나로175번길
상대한보타운,2023-08-14,21800,83.52,10,2002,도동천로
가호에일린의뜰,2023-08-18,33300,77.8216,12,2012,강변길
신안주공2,2023-08-24,13400,59.8,3,1996,신안들말길
대산빌리지,2023-08-11,4500,30.66,4,2002,비봉로57번길
한보타운,2023-08-24,13000,84.6,7,1993,진양호로97번길
한주타운,2023-08-22,15000,74.95,2,1992,진주대로1208번길
진주초장엠코타운더이스턴파크,2023-08-18,32600,73.556,21,2014,초북로
금호석류,2023-08-18,28100,84.87,10,1999,강남로
혁신도시엘에이치아파트8단지,2023-08-23,30300,59.97,10,2015,사들로
동일스위트,2023-08-16,24700,84.9692,20,2008,공단로
현대,2023-08-07,15500,84.99,10,1991,모덕로181번길
혁신도시엘에이치아파트9단지,2023-08-22,31000,59.97,13,2017,사들로
한보타운,2023-08-18,10900,84.6,2,1993,진양호로97번길
평거현대2,2023-08-19,30500,146.17,4,1994,신안들말길
신안주공2,2023-08-21,15500,59.8,3,1996,신안들말길
남강한주,2023-08-16,22500,84.96,10,2000,남강로736번길
대영,2023-08-16,12000,84.86,2,1992,말티고개로
신안주공3,2023-08-21,11200,39.99,11,1997,석갑로
금산흥한골든빌,2023-08-12,6000,37.84,4,2002,금산로
진주혁신도시센텀리버파크,2023-08-19,40800,84.88,17,2013,사들로
초전흥한,2023-08-16,23250,84.68,7,2001,초전남로
현대금빛마을,2023-08-23,10900,84.876,11,2000,진산로
한주타운,2023-08-16,25000,156.66,10,1992,진주대로1208번길
진주문산파란채,2023-08-19,25000,107.1575,4,2010,월아산로1048번길
힐스테이트초전,2023-08-12,41000,84.9351,15,2019,초북로
진주혁신도시중흥에스-클래스센트럴시티2단지,2023-08-22,50500,117.7407,25,2020,에나로
하영파크,2023-08-22,6500,47.16,3,1991,말티고개로100번길
현대,2023-08-21,18000,84.55,5,1989,천수로
이현하이클래스웰가,2023-08-08,51000,176.73,25,2008,진주대로
금산흥한골든빌,2023-08-11,8500,48.31,14,2002,금산로
청구타운,2023-08-19,14850,59.99,13,1997,대신로475번길
더퀸즈웰가,2023-08-03,34000,65.6733,18,2015,새평거로
삼전3,2023-08-14,8300,75.73,5,1989,하대로106번길
힐스테이트초전,2023-08-21,44800,84.9351,13,2019,초북로
그린타운,2023-08-18,12000,84.66,7,1992,석갑로156번길
한보타운,2023-08-19,11800,84.6,7,1993,진양호로97번길
시티프라디움,2023-08-21,47000,84.9909,6,2020,진주역로
평거현대2,2023-08-22,21000,84.832,14,1994,신안들말길
진주혁신도시중흥에스-클래스더퍼스트,2023-08-22,72000,99.864,19,2020,충의로
초전해모로루비채2단지,2023-08-16,37300,84.9671,8,2014,초북로
평거휴먼시아3단지,2023-08-05,38000,84.95,3,2011,새평거로
현대,2023-08-10,15900,59.96,8,1997,초전남로
센트렐웰가,2023-08-16,48700,84.9222,22,2018,진주역로73번길
스카이시티프라디움,2023-08-19,49000,84.9898,36,2019,개양로
들말흥한타운,2023-08-16,38000,125.61,5,1998,석갑로
들말흥한타운,2023-08-19,18000,59.871,9,1998,석갑로
평거대화리네르빌,2023-08-15,16900,68.88,2,2004,순환로559번길
진주강남동일동미라주,2023-08-17,36000,84.9806,6,2021,진주대로891번길
금산흥한골든빌,2023-08-04,11400,58.12,8,2002,금산로
한림풀에버,2023-08-15,43800,84.9644,16,2015,소호로
신안주공2,2023-08-21,11500,39.99,14,1996,신안들말길
진주혁신도시대방노블랜드더캐슬아파트,2023-08-15,66600,103.3591,20,2018,사들로
들말흥한타운,2023-08-19,27000,84.89,14,1998,석갑로
진주우방아이유쉘,2023-08-12,30000,84.9758,2,2017,삼일로
가좌주공2차,2023-08-20,10300,38.64,3,1993,가호로
진주초장엠코타운더이스턴파크,2023-08-11,40200,101.5255,23,2014,초북로
진주푸르지오1단지,2023-08-14,21000,84.9414,2,2007,덕의길
들말한보타운,2023-08-20,17000,59.8,1,1997,평거로39번길
진주혁신도시중흥에스-클래스더프라임,2023-08-16,69500,110.6238,8,2019,소호로19번길
초전흥한,2023-08-18,23600,103.99,3,2001,초전남로
한보은빛마을,2023-08-17,28000,125.12,2,2002,천수로
진흥더루벤스,2023-08-12,22000,84.9968,10,2009,금산로
현대,2023-08-08,19300,59.92,9,2000,진주대로815번길
하대주공,2023-08-15,13000,44.03,4,1982,상대로
두산위브,2023-08-05,22800,84.995,19,2009,중장로154번길
진주혁신도시중흥에스-클래스센트럴시티3단지,2023-08-04,54900,84.9815,23,2020,에나로175번길
평거휴먼시아3단지,2023-08-17,33500,84.95,2,2011,새평거로
현대,2023-08-05,17800,84.945,8,1992,진양호로51번길
망경한보타운,2023-08-01,13000,59.44,6,1997,망경로
망경한보타운,2023-08-01,16300,84.82,12,1997,망경로
두산위브,2023-08-03,23200,84.991,12,2009,중장로154번길
진주푸르지오1단지,2023-08-06,18150,59.924,13,2007,덕의길
포레나신진주,2023-08-15,46500,84.9543,20,2019,진주역로96번길
진주혁신도시라온프라이빗아파트,2023-08-11,48000,84.8922,21,2017,대밭골로
한림풀에버,2023-08-12,35200,67.1597,5,2015,소호로
현대,2023-08-09,18900,84.93,2,1996,하대로
들말한보타운,2023-08-11,20000,59.8,9,1997,평거로39번길
망경한보타운,2023-08-12,11400,59.44,12,1997,망경로
진주초장엠코타운더이스턴파크,2023-08-11,33700,73.556,9,2014,초북로
현대,2023-08-14,12000,72.98,11,1991,모덕로181번길
진주초장엠코타운더이스턴파크,2023-08-14,32000,73.6669,10,2014,초북로
두산위브,2023-08-15,23000,84.995,18,2009,중장로154번길
한보은빛마을,2023-08-04,34500,125.12,10,2002,천수로
혁신도시엘에이치아파트9단지,2023-08-13,32500,59.97,25,2017,사들로
진주강남동일동미라주,2023-08-05,32000,75.998,6,2021,진주대로891번길
진주강남동일동미라주,2023-08-14,42950,109.9586,12,2021,진주대로891번길
진주혁신도시중흥에스-클래스더퍼스트,2023-08-08,86500,113.4763,9,2020,충의로
진주혁신도시중흥에스-클래스센트럴시티3단지,2023-08-04,54300,84.8046,31,2020,에나로175번길
진주푸르지오2단지,2023-08-05,27300,115.1967,7,2007,덕의길
진주평거우방아이유쉘스카이팰리스,2023-08-16,41000,84.8954,20,2019,진양호로
금산흥한골든빌,2023-08-09,7700,48.31,8,2002,금산로
진주강남동일동미라주,2023-08-11,37500,84.9806,20,2021,진주대로891번길
현대,2023-08-10,19000,59.92,11,2000,진주대로815번길
진주초전푸르지오1단지,2023-08-10,57500,162.517,20,2009,초장로14번길
현대,2023-08-14,12800,82.56,7,1985,강남로255번길
들말흥한타운,2023-08-11,18500,59.871,10,1998,석갑로
이지더원,2023-08-12,36000,73.2086,15,2018,초장로
대림,2023-08-12,14000,79.29,10,1995,말티고개로
한보,2023-08-09,11200,59.8837,10,1994,진주대로
진주혁신도시라온프라이빗아파트,2023-08-10,44600,84.8922,5,2017,대밭골로
들말흥한타운,2023-08-01,27000,84.89,11,1998,석갑로
진주정촌대경파미르,2023-08-11,29300,84.9426,8,2019,삼일로106번길
현대,2023-08-11,13200,84.99,14,1991,모덕로181번길
현대,2023-08-08,13700,59.89,9,1996,하대로
현대,2023-08-10,23000,134.82,7,1996,하대로
혁신도시엘에이치아파트8단지,2023-08-10,28200,59.97,9,2015,사들로
평거휴먼시아4단지,2023-08-11,34700,84.95,8,2011,새평거로
금산e편한세상,2023-08-11,22500,121.9893,2,2008,금산순환로80번길
한보은빛마을,2023-08-08,30000,125.12,8,2002,천수로
이현하이클래스웰가,2023-08-03,31000,84.07,9,2008,진주대로
진흥더루벤스,2023-08-09,21000,84.9968,10,2009,금산로
초전흥한,2023-08-05,16350,59.85,15,2001,초전남로
남강휴먼빌,2023-08-08,32000,84.9679,15,2010,순환로
금산e편한세상,2023-08-10,24000,121.9893,11,2008,금산순환로80번길
진주정촌대경파미르,2023-08-03,25150,66.6161,15,2019,삼일로106번길
센트렐웰가,2023-08-03,46000,84.9222,6,2018,진주역로73번길
더퀸즈웰가,2023-08-02,32000,58.4018,21,2015,새평거로
두산위브,2023-08-01,29500,138.043,14,2009,중장로154번길
혁신도시엘에이치아파트9단지,2023-08-08,32000,59.97,10,2017,사들로
일동,2023-08-04,10800,59.86,17,1994,초전북로
이지더원,2023-08-09,37200,73.2086,12,2018,초장로
진주혁신도시센텀리버파크,2023-08-01,30000,75.76,15,2013,사들로
대림,2023-08-08,14800,72.238,8,1991,도동천로
진주강남동일동미라주,2023-08-04,34000,84.9831,15,2021,진주대로891번길
힐스테이트초전,2023-08-07,43500,84.9196,18,2019,초북로
진주혁신도시중흥에스-클래스더프라임,2023-08-05,50500,84.9912,1,2019,소호로19번길
주공그린빌,2023-08-02,19100,59.27,17,2005,내동로348번길
진주혁신도시라온프라이빗아파트,2023-08-08,52000,84.9087,10,2017,대밭골로
삼성,2023-08-06,16700,59.886,9,1996,동부로43번길
고려,2023-08-08,6150,59.4,7,1994,동부로
금호석류,2023-08-05,25900,84.87,21,1999,강남로
현대,2023-08-07,20000,59.92,16,2000,진주대로815번길
힐스테이트초전,2023-08-05,42500,84.9351,24,2019,초북로
현대,2023-08-06,15500,82.56,5,1985,강남로255번길
초전해모로루비채2단지,2023-08-06,35000,84.9908,6,2014,초북로
진주정촌대경파미르,2023-08-06,31500,84.9426,12,2019,삼일로106번길
대림,2023-08-04,12450,59.91,8,1995,말티고개로
힐스테이트초전,2023-08-05,49200,91.2066,17,2019,초북로
금산흥한골든빌,2023-08-04,6300,37.84,13,2002,금산로
들말한보타운,2023-08-02,25300,84.98,2,1997,평거로39번길
건영아모리움,2023-08-06,29900,78.9317,6,2017,진양호로225번길
한주럭키타운,2023-08-03,22700,84.81,1,1990,진주대로
신안주공3,2023-08-02,15300,59.8,5,1997,석갑로
현대,2023-08-03,15300,72.98,15,1991,모덕로181번길
엠코타운더프라하,2023-08-02,83000,153.29,26,2014,새평거로
이현주공,2023-08-04,14600,49.22,4,1983,서장대로
건영아모리움,2023-08-02,29000,74.7821,16,2017,진양호로225번길
현대,2023-08-02,15000,84.99,12,1991,모덕로181번길
혁신도시엘에이치아파트9단지,2023-08-03,31500,59.97,10,2017,사들로
한림풀에버,2023-08-01,39800,84.9644,4,2015,소호로
들말흥한타운,2023-08-01,27000,84.89,11,1998,석갑로
진주초장엠코타운더이스턴파크,2023-08-03,34000,84.9915,3,2014,초북로
진주강남동일동미라주,2023-08-01,41800,109.9586,8,2021,진주대로891번길
더퀸즈웰가,2023-09-24,40500,75.6705,8,2015,새평거로
평거휴먼시아4단지,2023-09-06,25700,59.98,1,2011,새평거로
더퀸즈웰가,2023-09-02,56000,100.6401,19,2015,새평거로
대경,2023-09-27,7900,59.85,2,1992,도동로264번길
현대,2023-09-18,16000,117.84,7,1991,모덕로181번길
진주혁신도시중흥에스-클래스더퍼스트,2023-09-17,68900,99.9097,14,2020,충의로
신안주공3,2023-09-23,15000,59.8,4,1997,석갑로
진주혁신도시중흥에스-클래스더프라임,2023-09-16,55000,84.9912,10,2019,소호로19번길
이지더원,2023-09-09,42000,84.9614,14,2018,초장로
한보(하대3차),2023-09-27,16000,84.97,8,1993,남강로
금호석류,2023-09-25,22700,59.99,11,1999,강남로
주공그린빌,2023-09-27,16500,51.74,18,2005,내동로348번길
한보힐타워,2023-09-20,10000,59.88,7,1992,상대로143번길
스카이시티프라디움,2023-09-05,50000,84.9818,16,2019,개양로
진주혁신도시중흥에스-클래스센트럴시티3단지,2023-09-25,52500,84.9815,12,2020,에나로175번길
진주초전푸르지오2단지,2023-09-26,47400,125.029,20,2010,초장로14번길
상대한보타운,2023-09-29,22800,83.52,2,2002,도동천로
이현하이클래스웰가,2023-09-22,46700,148.01,6,2008,진주대로
진주정촌대경파미르,2023-09-09,34500,84.9426,16,2019,삼일로106번길
흥한,2023-09-27,8100,84.99,6,1990,선학산길
진주평거엘크루,2023-09-27,46500,84.9195,10,2016,새평거로
한주한보,2023-09-22,19000,84.14,6,1995,망경로296번길
들말한보타운,2023-09-26,20500,59.8,12,1997,평거로39번길
진주문산코아루,2023-09-01,24500,84.9867,19,2010,월아산로1117번길
삼성,2023-09-22,15700,59.886,5,1996,동부로43번길
힐스테이트초전,2023-09-10,45000,84.9196,8,2019,초북로
한보은빛마을,2023-09-19,27800,109.17,5,2002,천수로
혁신도시엘에이치5단지,2023-09-16,34900,75.99,9,2014,충의로
상대주공,2023-09-27,8100,41.52,4,1980,상대로
임광,2023-09-26,8300,55.25,8,1989,모덕로
진주초전푸르지오2단지,2023-09-22,46000,125.029,10,2010,초장로14번길
힐스테이트초전,2023-09-27,43000,84.9196,5,2019,초북로
힐스테이트초전,2023-09-23,43900,84.9351,5,2019,초북로
진주혁신도시라온프라이빗아파트,2023-09-23,50000,84.8827,7,2017,대밭골로
진주초장엠코타운더이스턴파크,2023-09-24,40500,101.5255,20,2014,초북로
상봉2,2023-09-08,8300,53.85,3,1986,진주성로147번길
진주푸르지오2단지,2023-09-23,22000,84.9414,14,2007,덕의길
진주혁신도시중흥에스-클래스더프라임,2023-09-28,54700,84.9912,10,2019,소호로19번길
남강카누빌2,2023-09-27,15000,84.12,6,2001,모덕로
대곡한양,2023-09-15,8500,59.83,3,1994,진의로1079번길
센트렐웰가,2023-09-28,33300,59.4732,14,2018,진주역로73번길
경남빌라나동(238-2),2023-09-20,9300,77.21,4,1990,숙호산로
현대성우트리팰리스,2023-09-12,29000,134.53,15,2006,진주대로879번길
진주혁신도시대방노블랜드더캐슬아파트,2023-09-08,75000,103.9623,16,2018,사들로
진주혁신도시중흥에스-클래스센트럴시티2단지,2023-09-26,86000,117.7407,12,2020,에나로
주공그린빌,2023-09-11,19700,59.27,5,2005,내동로348번길
진주혁신도시중흥에스-클래스더프라임,2023-09-14,54000,84.9858,10,2019,소호로19번길
금산흥한골든빌,2023-09-23,15700,73.61,7,2002,금산로
하영파크,2023-09-23,5800,70.68,6,1991,말티고개로100번길
진주혁신도시중흥에스-클래스더프라임,2023-09-23,67500,110.6238,7,2019,소호로19번길
진주평거우방아이유쉘스카이팰리스,2023-09-25,41300,84.8954,10,2019,진양호로
건영아모리움,2023-09-25,31500,77.3871,14,2017,진양호로225번길
진주혁신도시중흥에스-클래스더퍼스트,2023-09-27,74000,99.864,17,2020,충의로
들말한보타운,2023-09-21,18900,59.8,6,1997,평거로39번길
건영아모리움,2023-09-27,31500,78.9317,19,2017,진양호로225번길
초전해모로루비채4단지,2023-09-16,34500,84.9908,10,2014,초북로
일동,2023-09-14,11300,59.86,14,1994,초전북로
동서훼밀리,2023-09-11,6300,55.89,10,1992,선학산길
초전해모로루비채4단지,2023-09-21,36000,84.9908,6,2014,초북로
현대,2023-09-26,13000,84.99,6,1991,모덕로181번길
도동대림,2023-09-22,12000,73.375,2,1992,하대로40번길
한보힐타워,2023-09-20,10000,59.88,7,1992,상대로143번길
주공그린빌,2023-09-16,16900,51.74,13,2005,내동로348번길
건영아모리움,2023-09-26,31500,74.7092,13,2017,진양호로225번길
진주혁신도시중흥에스-클래스센트럴시티4단지,2023-09-18,58500,84.9815,23,2020,에나로175번길
남강휴먼빌,2023-09-14,37700,133.0285,1,2010,순환로
혁신도시엘에이치아파트9단지,2023-09-23,32800,59.97,18,2017,사들로
현대,2023-09-18,16000,117.84,7,1991,모덕로181번길
화인,2023-09-19,8800,59.48,13,1994,상봉대룡길
그린타운,2023-09-11,9800,68.9,6,1992,석갑로156번길
하대주공,2023-09-26,8400,36.2,1,1982,상대로
금산아이파크,2023-09-08,23300,100.94,4,2004,중천로
금산흥한골든빌,2023-09-11,11800,58.12,9,2002,금산로
센트렐웰가,2023-09-27,43800,75.3872,26,2018,진주역로73번길
한보(하대3차),2023-09-23,10000,58.5,7,1993,남강로
힐스테이트초전,2023-09-27,43800,84.9196,4,2019,초북로
한림풀에버,2023-09-24,42000,84.9644,4,2015,소호로
금산흥한골든빌,2023-09-25,6300,37.84,7,2002,금산로
힐스테이트초전,2023-09-27,43000,84.9196,5,2019,초북로
현대,2023-09-20,15800,59.96,7,1997,초전남로
한림풀에버,2023-09-19,42500,84.9644,16,2015,소호로
흥한빌라,2023-09-11,10500,80.37,4,1991,강남로177번길
한림풀에버,2023-09-26,43800,84.9644,11,2015,소호로
한보타워(하대1차),2023-09-23,9400,53.32,11,1992,모덕로306번길
들말흥한타운,2023-09-27,19200,59.871,10,1998,석갑로
한보하이타운,2023-09-27,16900,84.51,18,1995,순환로553번길
동국강변타워1,2023-09-23,7700,74.28,2,1991,큰들로66번길
현대금빛마을,2023-09-26,8100,59.28,10,2000,진산로
대림,2023-09-22,9300,84.46,4,1989,남강로
더퀸즈웰가,2023-09-11,54500,100.6401,3,2015,새평거로
진주혁신코오롱하늘채,2023-09-13,31000,84.95,1,2014,사들로
청구타운,2023-09-24,14000,59.99,10,1997,대신로475번길
가좌주공1차,2023-09-09,16000,49.94,15,1993,가호로
일동,2023-09-26,15800,81.46,10,1994,초전북로
진주정촌대경파미르,2023-09-12,29000,84.9426,3,2019,삼일로106번길
진주정촌대경파미르,2023-09-23,29000,84.9426,7,2019,삼일로106번길
진주정촌대경파미르,2023-09-22,30200,76.253,13,2019,삼일로106번길
가좌주공1차,2023-09-09,16000,49.94,15,1993,가호로
엠코타운더프라하,2023-09-27,87000,153.2116,18,2014,새평거로
대경,2023-09-09,25800,83.304,6,2000,가호로
진주혁신도시중흥에스-클래스센트럴시티2단지,2023-09-25,64000,99.8723,8,2020,에나로
금산느티나무,2023-09-21,17700,84.74,15,2003,중천로
원정로얄팰리스,2023-09-26,21000,76.25,2,2005,진양호로225번길
하영그린맨션,2023-09-26,9700,62.85,6,1992,진양호로97번길
우신파크맨션,2023-09-25,9900,84.64,2,1992,숙호산로
진주혁신도시중흥에스-클래스센트럴시티4단지,2023-09-10,52300,84.8046,11,2020,에나로175번길
이현하이클래스웰가,2023-09-13,41000,127.76,24,2008,진주대로
현대,2023-09-11,14200,72.98,4,1991,모덕로181번길
현대,2023-09-25,31000,102.68,14,2000,진주대로815번길
현대,2023-09-02,29200,84.96,6,2000,진주대로815번길
금산흥한골든빌,2023-09-16,10400,58.12,12,2002,금산로
힐스테이트초전,2023-09-26,41800,84.9351,24,2019,초북로
금산흥한골든빌,2023-09-25,10200,58.12,3,2002,금산로
진주푸르지오1단지,2023-09-19,17700,59.924,5,2007,덕의길
들말대경,2023-09-25,22000,84.99,1,1998,석갑로53번길
초전해모로루비채4단지,2023-09-12,34000,84.9908,5,2014,초북로
센트렐웰가,2023-09-15,49800,84.9222,30,2018,진주역로73번길
이현하이클래스웰가,2023-09-21,26900,75.07,8,2008,진주대로
신안주공2,2023-09-08,13700,49.97,9,1996,신안들말길
이지더원,2023-09-24,47600,84.9614,13,2018,초장로
혁신도시엘에이치아파트9단지,2023-09-12,27800,59.97,1,2017,사들로
제일풍경채,2023-09-18,38800,110.7705,5,2007,가좌안골길21번길
신안주공3,2023-09-23,15000,59.8,4,1997,석갑로
이지더원,2023-09-09,42000,84.9614,14,2018,초장로
현대,2023-09-16,24000,125.25,13,1989,천수로
가좌주공1차,2023-09-20,16000,49.94,13,1993,가호로
대경그린파크,2023-09-10,10000,59.85,14,1994,순환로573번길
엠코타운더프라하,2023-09-22,71500,119.7937,11,2014,새평거로
남강휴먼빌,2023-09-01,44500,158.9164,5,2010,순환로
흥한스위트,2023-09-22,12900,59.73,13,1998,신안로
대동디지털황토,2023-09-08,24500,84.8805,8,2003,가호로44번길
그린타운,2023-09-20,12600,68.9,7,1992,석갑로156번길
신안주공3,2023-09-24,14300,49.96,6,1997,석갑로
한보타워(하대1차),2023-09-18,8400,53.32,8,1992,모덕로306번길
현대,2023-09-15,14500,70.96,3,1989,천수로
들말한보타운,2023-09-07,24700,120.66,13,1997,평거로39번길
주공그린빌,2023-09-14,18000,59.27,12,2005,내동로348번길
진주우방아이유쉘,2023-09-16,31300,84.9578,14,2017,삼일로
진주혁신코오롱하늘채,2023-09-04,35000,84.95,1,2014,사들로
초전해모로루비채4단지,2023-09-21,36000,84.9908,6,2014,초북로
들말대경,2023-09-11,26400,84.99,5,1998,석갑로53번길
이현하이클래스웰가,2023-09-13,25500,75.07,6,2008,진주대로
한보,2023-09-10,10000,59.8837,5,1994,진주대로
한보,2023-09-10,10000,59.8837,17,1994,진주대로
두산위브,2023-09-14,31000,138.043,9,2009,중장로154번길
한주파크맨션,2023-09-11,17300,83.79,5,1990,남강로
삼우빌라,2023-09-11,9500,119.15,4,1989,남강로539번길
하대주공,2023-09-20,12000,44.03,3,1982,상대로
초전해모로루비채4단지,2023-09-12,36670,84.9908,6,2014,초북로
이현하이클래스웰가,2023-09-10,25000,75.07,3,2008,진주대로
그린타운,2023-09-11,9800,68.9,6,1992,석갑로156번길
진주혁신도시중흥에스-클래스센트럴시티4단지,2023-09-16,55000,84.9815,15,2020,에나로175번길
진주평거우방아이유쉘스카이팰리스,2023-09-20,40000,84.2136,14,2019,진양호로
들말대경,2023-09-16,18500,59.595,14,1998,석갑로53번길
칠암한주타운,2023-09-19,16000,84.725,4,1995,강남로
초전흥한,2023-09-11,23200,84.68,2,2001,초전남로
현대금빛마을,2023-09-20,8000,84.876,7,2000,진산로
이현하이클래스웰가,2023-09-09,51000,176.73,12,2008,진주대로
이현하이클래스웰가,2023-09-06,25000,75.07,13,2008,진주대로
금산흥한골든빌,2023-09-17,10800,58.12,13,2002,금산로
현대,2023-09-09,12800,59.89,3,1996,하대로
평거휴먼시아3단지,2023-09-19,39500,84.95,13,2011,새평거로
진주혁신코오롱하늘채,2023-09-18,40000,84.95,11,2014,사들로
진주혁신코오롱하늘채,2023-09-11,37800,84.95,5,2014,사들로
한림풀에버,2023-09-16,36750,67.3717,8,2015,소호로
혁신도시엘에이치5단지,2023-09-15,38500,84.95,14,2014,충의로
고려,2023-09-18,6000,59.4,3,1994,동부로
혁신도시엘에이치아파트9단지,2023-09-11,31900,59.97,12,2017,사들로
더퀸즈웰가,2023-09-02,56000,100.6401,19,2015,새평거로
대동디지털황토,2023-09-08,22450,84.6814,2,2003,가호로44번길
현대,2023-09-08,13500,84.99,13,1991,모덕로181번길
진주정촌대경파미르,2023-09-18,31100,84.9426,14,2019,삼일로106번길
한림풀에버,2023-09-12,30900,67.3717,1,2015,소호로
상봉1,2023-09-14,7850,41.9,3,1976,창렬로
현대,2023-09-14,26700,84.98,20,2000,진주대로815번길
이현하이클래스웰가,2023-09-14,26200,75.07,11,2008,진주대로
진주혁신도시중흥에스-클래스더퍼스트,2023-09-17,68900,99.9097,14,2020,충의로
진주혁신코오롱하늘채,2023-09-15,36400,84.95,4,2014,사들로
하영무지개맨션,2023-09-09,8400,57.3,10,1993,진양호로
진주혁신코오롱하늘채,2023-09-11,37800,84.95,5,2014,사들로
흥한타운2,2023-09-02,14000,59.88,5,1995,평거로139번길
진주혁신코오롱하늘채,2023-09-07,35700,75.84,16,2014,사들로
진흥더루벤스,2023-09-14,23400,122.956,14,2009,금산로
진주초전푸르지오2단지,2023-09-17,40000,101.977,5,2010,초장로14번길
진주초장엠코타운더이스턴파크,2023-09-16,38300,101.828,22,2014,초북로
힐스테이트초전,2023-09-16,49400,91.2066,12,2019,초북로
현대,2023-09-15,18500,84.945,3,1992,진양호로51번길
신안주공1,2023-09-12,28200,84.98,11,1998,신안들말길
한보힐타워,2023-09-10,7300,56.94,16,1992,상대로143번길
삼전2차,2023-09-09,11800,65.87,3,1989,모덕로306번길
진주혁신도시대방노블랜드더캐슬아파트,2023-09-07,70000,103.3591,13,2018,사들로
임광,2023-09-08,9500,55.25,4,1989,모덕로
진주정촌대경파미르,2023-09-16,28900,84.9426,3,2019,삼일로106번길
진주혁신도시중흥에스-클래스더프라임,2023-09-16,55000,84.9912,10,2019,소호로19번길
혁신도시엘에이치아파트8단지,2023-09-13,29500,59.97,17,2015,사들로
진주정촌대경파미르,2023-09-09,34500,84.9426,16,2019,삼일로106번길
진주문산파란채,2023-09-13,23100,84.8829,7,2010,월아산로1048번길
신안주공3,2023-09-13,14450,49.96,8,1997,석갑로
금산아이파크,2023-09-09,15500,59.78,16,2004,중천로
금산아이파크,2023-09-10,19600,84.17,12,2004,중천로
현대,2023-09-08,20700,84.955,6,1997,초전남로
진주강남동일동미라주,2023-09-13,51000,109.9586,26,2021,진주대로891번길
현대,2023-09-06,20000,59.92,13,2000,진주대로815번길
힐스테이트초전,2023-09-15,44500,84.9196,10,2019,초북로
힐스테이트초전,2023-09-15,43800,84.9196,23,2019,초북로
두산위브,2023-09-10,36000,170.356,1,2009,중장로154번길
더퀸즈웰가,2023-09-06,38750,84.9163,1,2015,새평거로
진주(가동),2023-09-04,9000,74.98,3,1988,모덕로181번길
한보힐타워,2023-09-07,10000,59.88,6,1992,상대로143번길
두산위브,2023-09-10,22000,84.995,6,2009,중장로154번길
칠암대덕,2023-09-13,14000,59.97,7,2004,진주대로942번길
신안주공2,2023-09-13,13500,49.97,8,1996,신안들말길
들말대경,2023-09-13,18300,59.595,13,1998,석갑로53번길
동신,2023-09-05,7200,59.92,4,1992,광제산로
신안주공3,2023-09-10,15000,49.96,10,1997,석갑로
도동대림,2023-09-14,16500,84.23,2,1992,하대로40번길
진주정촌대경파미르,2023-09-10,31000,84.9426,18,2019,삼일로106번길
현대,2023-09-14,13000,59.89,16,1996,하대로
진주혁신도시중흥에스-클래스센트럴시티4단지,2023-09-08,52800,84.8046,24,2020,에나로175번길
평거휴먼시아4단지,2023-09-06,25700,59.98,1,2011,새평거로
진주혁신도시대방노블랜드더캐슬아파트,2023-09-07,68500,103.3591,20,2018,사들로
평거현대2,2023-09-11,17400,59.92,5,1994,신안들말길
진주혁신도시중흥에스-클래스센트럴시티2단지,2023-09-02,61950,99.8723,8,2020,에나로
진주초전푸르지오1단지,2023-09-07,53000,162.517,4,2009,초장로14번길
진주혁신도시중흥에스-클래스센트럴시티3단지,2023-09-03,56800,84.9815,16,2020,에나로175번길
진주센트럴자이,2023-09-12,32950,84.5289,7,2013,도동천로
상봉1,2023-09-06,8160,40.96,5,1976,창렬로
대림,2023-09-06,15300,136.3,7,1993,향교로115번길
순화스타씨티,2023-09-04,18000,84.7215,8,2007,진주대로954번길
동신,2023-09-08,6800,59.92,15,1992,광제산로
가좌주공1차,2023-09-11,13000,41.3,11,1993,가호로
한주타운,2023-09-12,16500,74.95,12,1992,진주대로1208번길
진주초장엠코타운더이스턴파크,2023-09-08,35000,101.5255,25,2014,초북로
혁신도시엘에이치아파트9단지,2023-09-11,33000,59.97,20,2017,사들로
신안주공3,2023-09-06,17600,59.8,11,1997,석갑로
진주혁신도시대방노블랜드더캐슬아파트,2023-09-03,70000,104.8302,21,2018,사들로
대동디지털황토,2023-09-01,23950,84.6814,3,2003,가호로44번길
현대,2023-09-11,14172,59.96,4,1997,초전남로
진주문산코아루,2023-09-11,26800,84.591,3,2010,월아산로1117번길
들말흥한타운,2023-09-10,26000,84.89,7,1998,석갑로
진주문산코아루,2023-09-06,37000,140.208,19,2010,월아산로1117번길
대동,2023-09-11,8700,60.63,2,1979,도동천로184번길
진주혁신도시센텀리버파크,2023-09-08,38700,84.95,7,2013,사들로
벽산블루밍(구)동신,2023-09-10,15700,113.47,11,1993,진양호로125번길
금산느티나무,2023-09-07,13400,59.42,15,2003,중천로
스카이시티프라디움,2023-09-09,48000,84.9898,31,2019,개양로
하영무지개맨션,2023-09-10,12900,83.7,17,1993,진양호로
진주평거우방아이유쉘스카이팰리스,2023-09-10,41400,84.2136,5,2019,진양호로
스카이시티프라디움,2023-09-09,49000,84.9898,26,2019,개양로
혁신도시엘에이치아파트9단지,2023-09-10,30700,59.97,3,2017,사들로
힐스테이트초전,2023-09-10,45000,84.9196,8,2019,초북로
진주혁신도시라온프라이빗아파트,2023-09-02,48500,79.0385,17,2017,대밭골로
진주초장엠코타운더이스턴파크,2023-09-09,35500,84.977,21,2014,초북로
진주초전푸르지오1단지,2023-09-02,51000,162.517,9,2009,초장로14번길
현대,2023-09-06,15800,59.96,8,1997,초전남로
스카이시티프라디움,2023-09-05,50000,84.9818,16,2019,개양로
망경한보타운,2023-09-04,12200,59.44,3,1997,망경로
진주강남동일동미라주,2023-09-07,38400,84.9806,27,2021,진주대로891번길
가좌주공1차,2023-09-05,13000,44.94,4,1993,가호로
혁신도시엘에이치아파트8단지,2023-09-07,30300,59.97,9,2015,사들로
현대금빛마을,2023-09-05,8450,59.28,5,2000,진산로
진주정촌대경파미르,2023-09-06,25500,66.6161,12,2019,삼일로106번길
혁신도시엘에이치아파트8단지,2023-09-06,30600,59.96,21,2015,사들로
진주혁신도시중흥에스-클래스더프라임,2023-09-01,58700,97.7268,10,2019,소호로19번길
진주혁신도시중흥에스-클래스더프라임,2023-09-02,53900,84.9912,10,2019,소호로19번길
경남빌라다동(240-0),2023-09-06,5200,66.24,5,1991,숙호산로
들말대경,2023-09-04,18350,59.595,9,1998,석갑로53번길
이현주공,2023-09-06,14600,49.22,4,1983,서장대로
진주정촌대경파미르,2023-09-06,30400,84.9625,20,2019,삼일로106번길
금산느티나무,2023-09-05,14000,59.42,17,2003,중천로
진주혁신도시중흥에스-클래스센트럴시티4단지,2023-09-04,47000,84.8046,9,2020,에나로175번길
진주초장엠코타운더이스턴파크,2023-09-01,28000,59.9983,6,2014,초북로
스카이시티프라디움,2023-09-03,50500,84.9898,37,2019,개양로
삼전프라자,2023-09-04,11150,59.94,13,1996,도동로
진주혁신코오롱하늘채,2023-09-05,38500,84.95,13,2014,사들로
현대,2023-09-02,19000,59.92,11,2000,진주대로815번길
들말대경,2023-09-02,28050,84.99,14,1998,석갑로53번길
혁신도시엘에이치5단지,2023-09-01,38300,84.95,18,2014,충의로
들말대경,2023-09-05,16700,59.595,3,1998,석갑로53번길
센트렐웰가,2023-09-03,49800,84.9222,24,2018,진주역로73번길
흥한타운1,2023-09-02,20500,84.69,2,1993,진양호로328번길
금산흥한골든빌,2023-09-03,10000,58.12,3,2002,금산로
현대금빛마을,2023-09-02,7800,59.28,8,2000,진산로
힐스테이트초전,2023-09-03,44700,84.9196,25,2019,초북로
쌍용,2023-09-01,14500,84.96,10,1996,말티고개로108번길
현대,2023-09-01,18800,84.93,16,1996,하대로
진주혁신도시센텀리버파크,2023-09-01,38200,84.88,9,2013,사들로
더퀸즈웰가,2023-09-04,32400,58.4018,30,2015,새평거로
가좌주공1차,2023-09-02,13900,44.94,12,1993,가호로
더퀸즈웰가,2023-09-01,44250,84.9163,16,2015,새평거로
도동대림,2023-10-16,23000,140.31,13,1992,하대로40번길
현대,2023-10-28,18900,84.55,10,1989,천수로
진주초전푸르지오1단지,2023-10-23,37400,84.77,12,2009,초장로14번길
이현하이클래스웰가,2023-10-14,29000,84.07,2,2008,진주대로
들말한보타운,2023-10-28,20000,59.8,12,1997,평거로39번길
진주푸르지오1단지,2023-10-05,25500,84.9414,8,2007,덕의길
동일스위트,2023-10-24,32300,131.3163,12,2008,공단로
이현주공,2023-10-30,13000,48.6,2,1983,서장대로
평거현대2,2023-10-31,31000,146.17,10,1994,신안들말길
진주초전푸르지오2단지,2023-10-30,61500,134.969,20,2010,초장로14번길
동국한양빌라,2023-10-25,3600,43.7,3,1992,월아산로
미르젠,2023-10-26,12150,84.31,2,2017,하대로26번길
미르젠,2023-10-26,12150,84.31,3,2017,하대로26번길
칠암대덕,2023-10-26,12800,59.97,3,2004,진주대로942번길
두산위브,2023-10-22,23200,84.991,7,2009,중장로154번길
국민3차,2023-10-23,6500,59.35,1,1990,남강로1069번길
이현하이클래스웰가,2023-10-31,31800,84.98,7,2008,진주대로
이현하이클래스웰가,2023-10-17,25750,75.07,4,2008,진주대로
혁신도시엘에이치아파트8단지,2023-10-29,29700,59.97,12,2015,사들로
현대,2023-10-30,13600,59.89,7,1996,하대로
주공그린빌,2023-10-21,14900,51.74,1,2005,내동로348번길
동일스위트,2023-10-18,19800,59.9647,19,2008,공단로
상봉1,2023-10-20,8000,40.44,1,1976,창렬로
진주혁신도시중흥에스-클래스더퍼스트,2023-10-29,88400,113.4763,10,2020,충의로
일동,2023-10-30,11800,59.86,5,1994,초전북로
현대금빛마을,2023-10-20,11400,84.876,1,2000,진산로
대림,2023-10-31,15000,84.29,1,1991,도동천로
두산위브,2023-10-22,23200,84.991,7,2009,중장로154번길
진주혁신도시대방노블랜드더캐슬아파트,2023-10-30,58800,84.9474,11,2018,사들로
현대,2023-10-29,14400,72.98,4,1991,모덕로181번길
진흥더루벤스,2023-10-28,28500,122.956,14,2009,금산로
동일스위트,2023-10-24,32300,131.3163,12,2008,공단로
남강휴먼빌,2023-10-28,32000,84.9376,22,2010,순환로
남강휴먼빌,2023-10-27,31700,84.9679,20,2010,순환로
이현하이클래스웰가,2023-10-17,25750,75.07,4,2008,진주대로
남강휴먼빌,2023-10-24,44500,158.9164,1,2010,순환로
남강휴먼빌,2023-10-19,31800,84.9499,2,2010,순환로
진주혁신도시중흥에스-클래스더프라임,2023-10-18,59200,97.7268,10,2019,소호로19번길
이현한주맨션,2023-10-27,9500,59.49,2,1987,서장대로278번길
상봉1,2023-10-19,8150,41.9,4,1976,창렬로
주공그린빌,2023-10-16,26000,84.9,13,2005,내동로348번길
삼성,2023-10-13,21700,84.93,6,1996,동부로43번길
진주혁신도시중흥에스-클래스더프라임,2023-10-18,55000,97.7268,4,2019,소호로19번길
하대주공,2023-10-26,11500,44.3,3,1982,상대로
힐스테이트초전,2023-10-28,45500,84.9196,11,2019,초북로
주공그린빌,2023-10-13,17580,51.74,5,2005,내동로348번길
두산위브,2023-10-22,23200,84.991,7,2009,중장로154번길
금산흥한골든빌,2023-10-30,6000,37.84,6,2002,금산로
삼전3,2023-10-26,8500,70.68,3,1989,하대로106번길
제일풍경채,2023-10-26,43800,138.9363,4,2007,가좌안골길21번길
센트렐웰가,2023-10-28,37900,59.4732,28,2018,진주역로73번길
한보은빛마을,2023-10-20,27200,109.17,4,2002,천수로
대림맨션,2023-10-31,10400,83.1,3,1987,서장대로393번길
혁신도시엘에이치5단지,2023-10-24,35000,75.84,19,2014,충의로
금산아이파크,2023-10-24,19500,84.17,7,2004,중천로
화인,2023-10-29,8800,83.315,8,1994,상봉대룡길
들말흥한타운,2023-10-29,33700,99.85,7,1998,석갑로
한주럭키타운,2023-10-31,20000,76.58,8,1990,진주대로
동국강변타워2,2023-10-30,5600,59.8,7,1992,돗골로19번길
송학맨션,2023-10-27,9900,83.26,5,1984,동진로119번길
동일스위트,2023-10-24,26000,84.9692,16,2008,공단로
가호에일린의뜰,2023-10-31,34000,77.8216,5,2012,강변길
포레나신진주,2023-10-12,48000,84.9515,25,2019,진주역로96번길
평거휴먼시아3단지,2023-10-21,39200,84.97,8,2011,새평거로
금산아이파크,2023-10-21,21700,84.17,8,2004,중천로
현대,2023-10-23,14250,59.89,8,1996,하대로
진흥더루벤스,2023-10-20,23000,122.956,1,2009,금산로
현대,2023-10-05,16000,84.99,13,1991,모덕로181번길
한림풀에버,2023-10-28,44000,84.9644,18,2015,소호로
상봉1,2023-10-19,8150,41.9,4,1976,창렬로
센트렐웰가,2023-10-29,49000,84.8381,29,2018,진주역로73번길
도동대림,2023-10-18,23000,140.31,13,1992,하대로40번길
센트렐웰가,2023-10-28,49500,84.9222,29,2018,진주역로73번길
대림,2023-10-08,19000,110.56,8,1995,말티고개로
한림풀에버,2023-10-28,45000,84.9088,9,2015,소호로
대동디지털황토,2023-10-15,24000,84.6814,8,2003,가호로44번길
대경,2023-10-21,24500,83.304,6,2000,가호로
도운,2023-10-05,4500,53.37,1,1986,남강로
진주우방아이유쉘,2023-10-14,32000,84.9578,15,2017,삼일로
현대,2023-10-27,18111,59.92,13,2000,진주대로815번길
대주엘리시안,2023-10-20,12900,59.857,7,2016,동부로1959번길
일반성에이원,2023-10-26,9550,59.9461,7,2016,동부로
진주혁신도시중흥에스-클래스센트럴시티4단지,2023-10-14,53000,84.9815,20,2020,에나로175번길
대영,2023-10-26,13700,84.86,2,1992,말티고개로
한주럭키타운,2023-10-21,23200,84.81,6,1990,진주대로
신안주공1,2023-10-30,26500,84.91,8,1998,신안들말길
진주혁신도시중흥에스-클래스더프라임,2023-10-28,59500,97.7268,18,2019,소호로19번길
센트렐웰가,2023-10-30,50000,84.9222,27,2018,진주역로73번길
진주혁신도시센텀리버파크,2023-10-21,39900,84.88,5,2013,사들로
한주럭키타운,2023-10-24,34500,150.35,14,1990,진주대로
금호석류,2023-10-16,27900,84.87,6,1999,강남로
진주초전푸르지오2단지,2023-10-31,40200,125.029,1,2010,초장로14번길
화인,2023-10-26,9400,83.435,8,1994,상봉대룡길
현대,2023-10-30,23500,125.25,9,1989,천수로
한양,2023-10-24,10500,81.36,12,1996,월아산로
신안주공3,2023-10-30,15000,59.8,4,1997,석갑로
상평동신,2023-10-25,7650,40.56,11,1997,돗골로117번길
가좌주공1차,2023-10-21,16800,49.94,15,1993,가호로
망경한보타운,2023-10-28,17500,84.82,22,1997,망경로
들말한보타운,2023-10-23,19250,59.8,13,1997,평거로39번길
가호에일린의뜰,2023-10-20,50500,119.1174,9,2012,강변길
청구타운,2023-10-27,24700,84.98,10,1997,대신로475번길
로얄맨션,2023-10-27,13000,68.9,2,1985,진주대로1208번길
엠코타운더프라하,2023-10-28,48800,84.9651,22,2014,새평거로
평거현대1,2023-10-21,14700,59.4,7,1993,평거로115번길
한주파크맨션,2023-10-18,10500,59.4,4,1990,남강로
초전흥한,2023-10-18,16900,59.85,15,2001,초전남로
한주,2023-10-30,10000,68.54,3,1989,공단로91번길
진주혁신도시중흥에스-클래스더프라임,2023-10-05,53800,84.9912,10,2019,소호로19번길
한보은빛마을,2023-10-18,23800,84.86,13,2002,천수로
남강휴먼빌,2023-10-18,32300,84.9499,18,2010,순환로
엠코타운더프라하,2023-10-20,43000,84.9651,16,2014,새평거로
금산흥한골든빌,2023-10-28,11900,58.12,6,2002,금산로
금산흥한골든빌,2023-10-28,18550,84.88,5,2002,금산로
금산흥한골든빌,2023-10-27,11100,58.12,5,2002,금산로
두산위브,2023-10-20,22700,84.991,5,2009,중장로154번길
도동대림,2023-10-28,16500,84.23,5,1992,하대로40번길
진주정촌대경파미르,2023-10-23,33300,84.9625,15,2019,삼일로106번길
주공그린빌,2023-10-05,17000,51.74,7,2005,내동로348번길
진주초전푸르지오2단지,2023-10-28,47100,125.029,14,2010,초장로14번길
진주정촌대경파미르,2023-10-28,32700,84.9426,11,2019,삼일로106번길
주공그린빌,2023-10-06,17000,51.74,7,2005,내동로348번길
더퀸즈웰가,2023-10-26,44000,84.9163,8,2015,새평거로
센트렐웰가,2023-10-28,49000,84.8133,7,2018,진주역로73번길
상대한보타운,2023-10-28,14100,59.88,16,2002,도동천로
상대한보타운,2023-10-28,14100,59.88,16,2002,도동천로
주공그린빌,2023-10-22,19250,59.27,15,2005,내동로348번길
주공그린빌,2023-10-20,18700,59.27,8,2005,내동로348번길
평거휴먼시아4단지,2023-10-23,31900,84.98,1,2011,새평거로
엠코타운더프라하,2023-10-23,47000,84.9651,10,2014,새평거로
주공그린빌,2023-10-13,16450,51.74,9,2005,내동로348번길
엠코타운더프라하,2023-10-27,45000,84.933,30,2014,새평거로
한양,2023-10-24,10500,59.97,12,1996,월아산로
진주평거우방아이유쉘스카이팰리스,2023-10-26,41000,84.0198,31,2019,진양호로
진주초전푸르지오2단지,2023-10-27,45000,125.029,12,2010,초장로14번길
신안주공2,2023-10-24,11000,39.99,3,1996,신안들말길
신안주공1,2023-10-20,23700,84.98,2,1998,신안들말길
현대,2023-10-26,16300,84.55,2,1989,천수로
가호에일린의뜰,2023-10-21,35600,77.8216,21,2012,강변길
이현하이클래스웰가,2023-10-24,30500,84.78,20,2008,진주대로
금산흥한골든빌,2023-10-26,13900,73.61,4,2002,금산로
금산흥한골든빌,2023-10-26,7550,48.31,5,2002,금산로
금산흥한골든빌,2023-10-24,10400,58.12,4,2002,금산로
금산흥한골든빌,2023-10-21,11300,58.12,3,2002,금산로
금산흥한골든빌,2023-10-19,8000,48.31,15,2002,금산로
대림,2023-10-20,13000,72.238,3,1991,도동천로
한림풀에버,2023-10-15,42800,84.9088,4,2015,소호로
상봉1,2023-10-23,7900,41.389,1,1976,창렬로
진주우방아이유쉘,2023-10-22,32500,84.9578,14,2017,삼일로
삼환나우빌,2023-10-17,51700,129.138,5,2009,진주대로829번길
현대,2023-10-26,15000,82.56,3,1985,강남로255번길
진주혁신코오롱하늘채,2023-10-12,33000,75.99,8,2014,사들로
흥한타운1,2023-10-25,14100,59.73,3,1993,진양호로328번길
삼전3,2023-10-20,12500,84.57,4,1989,하대로106번길
망경한보타운,2023-10-13,12800,59.44,12,1997,망경로
혁신도시엘에이치아파트9단지,2023-10-21,32800,59.97,9,2017,사들로
대림,2023-10-20,13700,72.238,1,1991,도동천로
엠코타운더프라하,2023-10-04,42000,84.933,29,2014,새평거로
주공그린빌,2023-10-18,19000,59.27,9,2005,내동로348번길
청구타운,2023-10-20,15100,59.99,6,1997,대신로475번길
남강휴먼빌,2023-10-08,30000,84.9499,24,2010,순환로
들말흥한타운,2023-10-25,42000,125.61,14,1998,석갑로
이지더원,2023-10-21,43800,84.9614,27,2018,초장로
평거휴먼시아3단지,2023-10-25,33000,84.95,2,2011,새평거로
진주혁신코오롱하늘채,2023-10-18,39000,84.95,5,2014,사들로
두산위브,2023-10-15,21500,84.991,17,2009,중장로154번길
더퀸즈웰가,2023-10-08,33000,58.4018,11,2015,새평거로
한보(하대3차),2023-10-24,8850,58.5,1,1993,남강로
하대한양,2023-10-25,3000,29.47,1,2000,하대로40번길
상대한보타운,2023-10-12,17100,75.06,3,2002,도동천로
상대한보타운,2023-10-06,18800,75.06,8,2002,도동천로
현대,2023-10-15,13700,59.89,22,1996,하대로
두산위브,2023-10-18,22100,84.995,4,2009,중장로154번길
금호석류,2023-10-09,29300,84.87,9,1999,강남로
현대,2023-10-04,19000,84.55,10,1989,천수로
금산흥한골든빌,2023-10-23,6700,37.84,6,2002,금산로
금호석류,2023-10-24,25500,84.87,19,1999,강남로
이현하이클래스웰가,2023-10-21,29000,84.07,2,2008,진주대로
혁신도시엘에이치5단지,2023-10-21,38900,84.95,8,2014,충의로
진주혁신코오롱하늘채,2023-10-18,38000,75.84,13,2014,사들로
금산아이파크,2023-10-24,15800,59.78,14,2004,중천로
일동,2023-10-23,11500,59.86,8,1994,초전북로
진주문산파란채,2023-10-21,21700,84.9015,15,2010,월아산로1048번길
들말흥한타운,2023-10-20,26000,77.391,9,1998,석갑로
초전해모로루비채4단지,2023-10-05,36700,84.9908,26,2014,초북로
진흥더루벤스,2023-10-06,24500,122.1795,13,2009,금산로
가좌주공2차,2023-10-23,11300,38.64,13,1993,가호로
한주한보,2023-10-05,18700,84.14,3,1995,망경로296번길
엠코타운더프라하,2023-10-20,44000,84.9651,8,2014,새평거로
들말흥한타운,2023-10-12,18500,59.871,13,1998,석갑로
대림,2023-10-22,16900,84.44,11,1995,말티고개로
초전해모로루비채4단지,2023-10-20,38400,84.9908,17,2014,초북로
대경그린파크,2023-10-21,16700,76.59,3,1994,순환로573번길
진주정촌대경파미르,2023-10-08,28500,84.9426,4,2019,삼일로106번길
들말흥한타운,2023-10-16,37500,125.61,8,1998,석갑로
진주문산코아루,2023-10-22,37500,140.208,6,2010,월아산로1117번길
평거대화리네르빌,2023-10-21,23200,84.11,5,2004,순환로559번길
평거주공1차,2023-10-23,10000,39.69,4,1988,진양호로185번길
현대,2023-10-11,25500,84.98,4,2000,진주대로815번길
신안주공3,2023-10-17,16900,59.8,9,1997,석갑로
청구타운,2023-10-19,14400,59.99,6,1997,대신로475번길
한보타워(하대1차),2023-10-23,8500,53.32,10,1992,모덕로306번길
현대금빛마을,2023-10-20,11400,84.876,1,2000,진산로
동성가든타워,2023-10-12,10500,59.4,5,1994,진주대로
들말흥한타운,2023-10-19,18000,59.871,13,1998,석갑로
휴앤인엘리시움,2023-10-17,42100,84.7831,16,2019,에나로
들말한보타운,2023-10-21,18900,59.8,7,1997,평거로39번길
신안주공2,2023-10-21,10000,39.99,11,1996,신안들말길
들말대경,2023-10-21,24500,84.99,2,1998,석갑로53번길
상대한보타운,2023-10-16,17500,83.52,1,2002,도동천로
대경아르떼빌,2023-10-20,12250,38.09,9,2002,동부로67번길
혁신도시엘에이치아파트9단지,2023-10-21,30000,59.97,23,2017,사들로
힐스테이트초전,2023-10-22,46000,84.9196,26,2019,초북로
혁신도시엘에이치아파트8단지,2023-10-20,31100,59.97,20,2015,사들로
현대,2023-10-10,20000,59.92,5,2000,진주대로815번길
혁신도시엘에이치아파트9단지,2023-10-19,31900,59.97,25,2017,사들로
한양,2023-10-16,12900,81.36,4,1996,월아산로
진주혁신도시중흥에스-클래스센트럴시티3단지,2023-10-13,59500,84.9815,7,2020,에나로175번길
상봉1,2023-10-19,7900,41.389,1,1976,창렬로
들말흥한타운,2023-10-07,38000,125.61,15,1998,석갑로
힐스테이트초전,2023-10-17,41300,84.9196,18,2019,초북로
신안주공3,2023-10-18,16000,59.8,11,1997,석갑로
금산흥한골든빌,2023-10-19,11800,58.12,13,2002,금산로
신안주공3,2023-10-17,17000,59.8,8,1997,석갑로
혁신도시엘에이치아파트9단지,2023-10-11,30000,59.97,7,2017,사들로
신안주공2,2023-10-18,13800,49.97,13,1996,신안들말길
혁신도시엘에이치아파트9단지,2023-10-19,32800,59.97,20,2017,사들로
초전해모로루비채4단지,2023-10-18,35300,84.9671,3,2014,초북로
들말한보타운,2023-10-06,20200,59.8,8,1997,평거로39번길
진주푸르지오2단지,2023-10-15,27500,115.1967,14,2007,덕의길
힐스테이트초전,2023-10-15,44500,84.9196,14,2019,초북로
혁신도시엘에이치아파트9단지,2023-10-18,30000,59.97,23,2017,사들로
진주혁신도시중흥에스-클래스센트럴시티2단지,2023-10-14,58200,99.8723,15,2020,에나로
금산흥한골든빌,2023-10-07,15600,73.61,14,2002,금산로
삼전3,2023-10-11,8450,70.68,3,1989,하대로106번길
금산느티나무,2023-10-10,12500,59.42,9,2003,중천로
들말대경,2023-10-16,27000,84.99,4,1998,석갑로53번길
흥한타운1,2023-10-10,13650,59.73,2,1993,진양호로328번길
진주평거우방아이유쉘스카이팰리스,2023-10-16,43000,84.8954,30,2019,진양호로
금산흥한골든빌,2023-10-12,10200,58.12,2,2002,금산로
상봉1,2023-10-12,7000,40.473,3,1976,창렬로
진주초전푸르지오1단지,2023-10-11,38100,101.977,3,2009,초장로14번길
진주초장엠코타운더이스턴파크,2023-10-17,38500,101.828,11,2014,초북로
초전해모로루비채2단지,2023-10-14,35400,84.9671,3,2014,초북로
진주푸르지오1단지,2023-10-05,25500,84.9414,8,2007,덕의길
진주평거우방아이유쉘스카이팰리스,2023-10-16,41400,84.2136,10,2019,진양호로
한보은빛마을,2023-10-11,27300,109.17,3,2002,천수로
현대,2023-10-07,18500,84.93,3,1996,하대로
현대,2023-10-16,20500,59.92,9,2000,진주대로815번길
초전해모로루비채2단지,2023-10-17,33000,84.9671,2,2014,초북로
힐스테이트초전,2023-10-10,41000,84.9196,19,2019,초북로
신안주공3,2023-10-14,16000,59.8,7,1997,석갑로
진주문산코아루,2023-10-01,28500,84.9867,21,2010,월아산로1117번길
금산아이파크,2023-10-08,15000,59.78,14,2004,중천로
두산위브,2023-10-07,22700,84.995,19,2009,중장로154번길
대경,2023-10-13,8100,59.85,9,1992,도동로264번길
더퀸즈웰가,2023-10-15,35900,65.6733,10,2015,새평거로
동명,2023-10-14,19800,69.6462,6,2007,돗골로
진주초장엠코타운더이스턴파크,2023-10-14,28000,59.9983,18,2014,초북로
평거주공1차,2023-10-07,15200,46.68,3,1988,진양호로185번길
힐스테이트초전,2023-10-15,44500,84.9196,14,2019,초북로
센트렐웰가,2023-10-06,47000,84.9914,10,2018,진주역로73번길
금산흥한골든빌,2023-10-15,5900,37.84,4,2002,금산로
혁신도시엘에이치5단지,2023-10-13,35900,75.99,15,2014,충의로
진주강남동일동미라주,2023-10-16,36900,84.9806,7,2021,진주대로891번길
진주푸르지오1단지,2023-10-04,24400,115.1967,14,2007,덕의길
화광비발디,2023-10-14,17800,84.6132,15,2007,중천로67번길
들말흥한타운,2023-10-06,39250,125.61,9,1998,석갑로
신안주공3,2023-10-06,15200,59.8,1,1997,석갑로
더퀸즈웰가,2023-10-11,35500,65.6733,4,2015,새평거로
현대,2023-10-07,17800,84.55,11,1989,천수로
신안주공1,2023-10-06,28000,84.91,5,1998,신안들말길
동성가든타워,2023-10-12,10500,84.919,10,1994,진주대로
평거휴먼시아3단지,2023-10-15,32500,84.95,1,2011,새평거로
센트렐웰가,2023-10-14,50500,84.9222,16,2018,진주역로73번길
진주혁신도시중흥에스-클래스센트럴시티2단지,2023-10-14,74400,117.7407,11,2020,에나로
평거현대1,2023-10-14,13000,59.4,5,1993,평거로115번길
상대한보타운,2023-10-14,18700,75.06,9,2002,도동천로
진주혁신코오롱하늘채,2023-10-14,36000,75.99,9,2014,사들로
진주혁신코오롱하늘채,2023-10-13,37800,84.95,7,2014,사들로
국민3차,2023-10-03,5900,59.35,3,1990,남강로1069번길
하대주공,2023-10-13,8500,36.2,3,1982,상대로
금산아이파크,2023-10-06,15300,59.78,7,2004,중천로
일반성에이원,2023-10-11,9800,59.9461,5,2016,동부로
진주초장엠코타운더이스턴파크,2023-10-04,36000,84.9915,21,2014,초북로
한보하이타운,2023-10-12,9400,55.01,20,1995,순환로553번길
태완노블리안,2023-10-12,7500,59.9823,8,2007,공치고개길
현대,2023-10-06,22700,84.955,4,1997,초전남로
진주혁신코오롱하늘채,2023-10-07,39000,84.95,15,2014,사들로
금산아이파크,2023-10-05,15000,59.78,11,2004,중천로
진주초전푸르지오2단지,2023-10-11,42500,125.029,2,2010,초장로14번길
들말흥한타운,2023-10-06,39250,125.61,15,1998,석갑로
상봉1,2023-10-11,6600,41.389,4,1976,창렬로
진주초전푸르지오2단지,2023-10-04,53500,134.969,20,2010,초장로14번길
대경,2023-10-07,9300,59.85,15,1992,도동로264번길
하영무지개맨션,2023-10-09,12200,77.73,2,1993,진양호로
진주혁신도시대방노블랜드더캐슬아파트,2023-10-09,67800,104.8302,2,2018,사들로
신안주공3,2023-10-06,14500,49.96,3,1997,석갑로
상봉2,2023-10-05,7200,53.85,5,1986,진주성로147번길
진주문산코아루,2023-10-09,28000,84.9867,7,2010,월아산로1117번길
한보,2023-10-06,7000,59.8837,3,1994,진주대로
동신,2023-10-06,4300,59.64,5,1990,망진산길
혁신도시엘에이치아파트8단지,2023-10-09,31000,59.97,11,2015,사들로
더퀸즈웰가,2023-10-09,40500,75.6705,8,2015,새평거로
평거휴먼시아3단지,2023-10-09,38500,84.95,9,2011,새평거로
진주혁신코오롱하늘채,2023-10-09,40000,84.95,16,2014,사들로
현대금빛마을,2023-10-09,9600,84.876,14,2000,진산로
혁신도시엘에이치아파트9단지,2023-10-07,30000,59.97,19,2017,사들로
신안주공3,2023-10-10,16500,59.8,12,1997,석갑로
센트렐웰가,2023-10-03,38200,59.8868,22,2018,진주역로73번길
한림풀에버,2023-10-06,35200,67.3717,25,2015,소호로
진주혁신도시중흥에스-클래스더프라임,2023-10-05,53000,84.9912,7,2019,소호로19번길
대경강남타운,2023-10-06,14700,59.81,9,1997,진주대로891번길
들말흥한타운,2023-10-07,38000,125.61,15,1998,석갑로
현대금빛마을,2023-10-08,8000,59.28,14,2000,진산로
현대금빛마을,2023-10-06,12300,84.876,8,2000,진산로
화인,2023-10-09,8100,59.48,4,1994,상봉대룡길
동성가든타워,2023-10-07,14000,84.919,10,1994,진주대로
진주혁신코오롱하늘채,2023-10-09,40000,84.95,16,2014,사들로
럭키강변,2023-10-07,12000,74.21,6,1991,남강로
진주혁신도시대방노블랜드더캐슬아파트,2023-10-07,72300,84.9474,20,2018,사들로
한주타운,2023-10-06,19200,74.95,7,1992,진주대로1208번길
평거휴먼시아4단지,2023-10-04,33500,84.95,3,2011,새평거로
진주문산코아루,2023-10-05,32500,140.208,9,2010,월아산로1117번길
이현하이클래스웰가,2023-10-05,29500,84.98,19,2008,진주대로
메이힐스,2023-10-05,29650,84.7604,6,2018,진양호로239번길
진주혁신도시라온프라이빗아파트,2023-10-06,43000,84.8827,5,2017,대밭골로
시티프라디움,2023-10-02,44900,84.9941,25,2020,진주역로
금호석류,2023-10-03,26300,84.87,2,1999,강남로
하영무지개맨션,2023-10-02,8000,59.38,9,1993,진양호로
들말대경,2023-10-04,22000,76.23,14,1998,석갑로53번길
진주혁신도시중흥에스-클래스센트럴시티2단지,2023-10-05,68500,117.7407,25,2020,에나로
칠암대덕,2023-10-04,6500,29.67,7,2004,진주대로942번길
평거현대1,2023-10-02,14800,59.4,5,1993,평거로115번길
들말흥한타운,2023-10-03,26500,84.89,12,1998,석갑로
진흥더루벤스,2023-11-12,22000,84.9861,7,2009,금산로
들말한보타운,2023-11-04,17400,59.8,2,1997,평거로39번길
들말한보타운,2023-11-04,17400,59.8,2,1997,평거로39번길
진주초전푸르지오2단지,2023-11-28,43500,125.029,6,2010,초장로14번길
남강휴먼빌,2023-11-06,35900,120.5794,3,2010,순환로
평거현대1,2023-11-25,14300,59.81,10,1993,평거로115번길
평거휴먼시아4단지,2023-11-11,34000,84.95,6,2011,새평거로
한림풀에버,2023-11-28,46300,84.9644,19,2015,소호로
엠코타운더프라하,2023-11-06,44600,84.933,32,2014,새평거로
흥한타운1,2023-11-29,20000,84.69,13,1993,진양호로328번길
한림풀에버,2023-11-29,42800,84.9644,14,2015,소호로
더퀸즈웰가,2023-11-27,44000,84.9163,9,2015,새평거로
금호석류,2023-11-26,28500,84.87,20,1999,강남로
스카이시티프라디움,2023-11-15,45800,84.9818,4,2019,개양로
금산느티나무,2023-11-25,11500,59.42,13,2003,중천로
이현한주맨션,2023-11-25,10800,59.49,2,1987,서장대로278번길
진주혁신도시중흥에스-클래스센트럴시티3단지,2023-11-29,54800,84.9815,18,2020,에나로175번길
금산흥한골든빌,2023-11-18,15100,84.88,4,2002,금산로
미르젠,2023-11-17,8300,54.09,3,2017,하대로26번길
미르젠,2023-11-17,4800,31.92,3,2017,하대로26번길
혁신도시엘에이치아파트9단지,2023-11-25,32900,59.97,21,2017,사들로
주공그린빌,2023-11-28,16200,51.74,6,2005,내동로348번길
신안진주맨션,2023-11-30,4300,44.06,3,1990,석갑로142번길
금산느티나무,2023-11-21,14000,59.42,11,2003,중천로
한주한보,2023-11-23,12000,59.73,1,1995,망경로296번길
진주우방아이유쉘,2023-11-16,30000,84.9578,9,2017,삼일로
동신,2023-11-20,8900,78.34,9,1992,광제산로
진주혁신도시대방노블랜드더캐슬아파트,2023-11-16,58700,84.9474,15,2018,사들로
이현하이클래스웰가,2023-11-23,31000,84.98,12,2008,진주대로
진주혁신코오롱하늘채,2023-11-27,36500,84.95,6,2014,사들로
진주푸르지오1단지,2023-11-29,22900,84.9414,4,2007,덕의길
미르젠,2023-11-28,13750,45.51,6,2017,하대로26번길
진흥더루벤스,2023-11-28,25400,122.956,11,2009,금산로
주공그린빌,2023-11-26,22000,59.27,8,2005,내동로348번길
진주푸르지오1단지,2023-11-02,25500,84.9414,8,2007,덕의길
현대,2023-11-20,27150,84.98,7,2000,진주대로815번길
진주혁신도시중흥에스-클래스센트럴시티2단지,2023-11-25,51000,84.9815,28,2020,에나로
가좌주공1차,2023-11-22,11000,38.64,8,1993,가호로
태완노블리안,2023-11-11,6850,59.9823,9,2007,공치고개길
청구타운,2023-11-21,16400,59.99,6,1997,대신로475번길
주공그린빌,2023-11-08,19500,59.27,15,2005,내동로348번길
칠암한주타운,2023-11-22,18500,108.84,3,1995,강남로
평거휴먼시아4단지,2023-11-28,35300,84.95,8,2011,새평거로
동일스위트,2023-11-30,21200,59.9647,13,2008,공단로
진주정촌대경파미르,2023-11-20,33000,84.9426,16,2019,삼일로106번길
현대,2023-11-28,17900,84.945,6,1992,진양호로51번길
두산위브,2023-11-23,20000,84.995,6,2009,중장로154번길
한주럭키타운,2023-11-15,23000,84.81,7,1990,진주대로
가좌주공2차,2023-11-18,11800,38.64,7,1993,가호로
경남빌라나동(238-2),2023-11-24,4100,51.04,5,1990,숙호산로
진주푸르지오2단지,2023-11-26,22500,84.9414,11,2007,덕의길
진주푸르지오1단지,2023-11-09,17900,59.924,5,2007,덕의길
동서훼밀리,2023-11-24,8500,55.89,10,1992,선학산길
한림풀에버,2023-11-29,40800,84.9088,2,2015,소호로
가좌주공1차,2023-11-28,13600,41.3,2,1993,가호로
이현하이클래스웰가,2023-11-12,39000,110.1,15,2008,진주대로
진주초장엠코타운더이스턴파크,2023-11-25,33400,73.6669,9,2014,초북로
진주혁신도시대방노블랜드더캐슬아파트,2023-11-25,60700,84.9899,13,2018,사들로
한림풀에버,2023-11-30,46300,84.9644,19,2015,소호로
가좌주공1차,2023-11-25,16300,49.94,6,1993,가호로
이현하이클래스웰가,2023-11-13,47100,127.76,24,2008,진주대로
진주혁신도시대방노블랜드더캐슬아파트,2023-11-25,70400,103.3591,9,2018,사들로
혁신도시엘에이치아파트8단지,2023-11-30,27250,59.96,1,2015,사들로
한보(하대3차),2023-11-09,10400,58.5,17,1993,남강로
평거휴먼시아3단지,2023-11-29,36500,84.95,9,2011,새평거로
상대한보타운,2023-11-12,22500,83.52,10,2002,도동천로
금산느티나무,2023-11-24,16500,84.74,19,2003,중천로
금산느티나무,2023-11-28,16000,84.74,14,2003,중천로
금산아이파크,2023-11-25,24500,115.68,6,2004,중천로
금산느티나무,2023-11-21,17500,84.74,15,2003,중천로
진주평거엘크루,2023-11-17,41000,72.6786,4,2016,새평거로
하영그린맨션,2023-11-05,7600,67.98,1,1992,진양호로97번길
망경한보타운,2023-11-25,15300,84.82,17,1997,망경로
망경한보타운,2023-11-27,17000,84.82,9,1997,망경로
엠코타운더프라하,2023-11-11,42000,84.9651,29,2014,새평거로
일동,2023-11-24,11950,59.86,8,1994,초전북로
진주정촌대경파미르,2023-11-30,26500,66.1957,19,2019,삼일로106번길
흥한타운,2023-11-21,9100,59.88,7,1995,대신로243번길
들말한보타운,2023-11-22,19500,59.8,12,1997,평거로39번길
금산e편한세상,2023-11-25,27800,121.9893,5,2008,금산순환로80번길
현대,2023-11-14,29600,84.96,10,2000,진주대로815번길
동명,2023-11-20,16200,59.8092,3,2007,돗골로
혁신도시엘에이치아파트9단지,2023-11-18,31300,59.97,19,2017,사들로
이현주공,2023-11-30,14000,48.6,5,1983,서장대로
주공그린빌,2023-11-25,16700,51.74,7,2005,내동로348번길
진주혁신코오롱하늘채,2023-11-28,38800,84.95,15,2014,사들로
금산느티나무,2023-11-18,15950,84.74,3,2003,중천로
이현주공,2023-11-07,14000,55.8,1,1983,서장대로
진주초전푸르지오1단지,2023-11-22,42500,101.977,16,2009,초장로14번길
평거현대2,2023-11-24,29000,146.17,7,1994,신안들말길
금호석류,2023-11-10,28500,84.87,16,1999,강남로
금산흥한골든빌,2023-11-29,7500,48.31,3,2002,금산로
진흥더루벤스,2023-11-20,20000,84.9861,17,2009,금산로
벽산블루밍(구)동신,2023-11-29,7000,52.53,5,1993,진양호로125번길
새진주맨션,2023-11-09,9250,65.73,3,1986,모덕로64번길
한보,2023-11-27,14000,84.9575,1,1994,진주대로
신안주공3,2023-11-27,14700,59.8,2,1997,석갑로
한보,2023-11-15,15000,84.9575,20,1994,진주대로
태완노블리안,2023-11-29,7000,59.9801,4,2007,공치고개길
건일,2023-11-14,4800,55.99,5,1987,상대로119번길
흥한타운2,2023-11-28,14800,59.935,4,1995,평거로139번길
진주초장엠코타운더이스턴파크,2023-11-28,36100,84.9915,21,2014,초북로
센트렐웰가,2023-11-12,45000,84.9222,3,2018,진주역로73번길
현대,2023-11-18,14500,59.89,17,1996,하대로
진주정촌대경파미르,2023-11-25,32000,84.9426,10,2019,삼일로106번길
금산느티나무,2023-11-18,12100,59.42,19,2003,중천로
진주정촌대경파미르,2023-11-19,29800,84.9426,1,2019,삼일로106번길
상대한보타운,2023-11-25,19000,75.06,12,2002,도동천로
진주혁신도시라온프라이빗아파트,2023-11-18,49500,84.8922,8,2017,대밭골로
금산느티나무,2023-11-25,11500,59.42,13,2003,중천로
진주평거엘크루,2023-11-15,51000,84.9195,6,2016,새평거로
현대,2023-11-20,20300,59.92,9,2000,진주대로815번길
하영무지개맨션,2023-11-01,11800,83.7,13,1993,진양호로
주공그린빌,2023-11-17,19000,59.27,13,2005,내동로348번길
주공그린빌,2023-11-03,19100,59.27,7,2005,내동로348번길
주공그린빌,2023-11-06,18600,59.27,4,2005,내동로348번길
주공그린빌,2023-11-01,16200,51.74,10,2005,내동로348번길
한주럭키타운,2023-11-18,28000,84.81,6,1990,진주대로
진주초장엠코타운더이스턴파크,2023-11-21,32800,73.6669,24,2014,초북로
혁신도시엘에이치아파트8단지,2023-11-25,29000,59.97,5,2015,사들로
진주푸르지오1단지,2023-11-25,17800,59.924,14,2007,덕의길
두산위브,2023-11-24,22450,84.994,13,2009,중장로154번길
더퀸즈웰가,2023-11-22,35000,65.6733,2,2015,새평거로
금호석류,2023-11-26,28500,84.87,20,1999,강남로
대영,2023-11-23,15500,84.86,7,1992,말티고개로
칠암대덕,2023-11-25,7200,29.67,7,2004,진주대로942번길
가좌주공1차,2023-11-20,14500,49.94,11,1993,가호로
평거휴먼시아4단지,2023-11-24,36700,84.95,11,2011,새평거로
진주평거우방아이유쉘스카이팰리스,2023-11-24,41400,84.8954,26,2019,진양호로
삼전3,2023-11-20,8200,75.73,5,1989,하대로106번길
초전해모로루비채4단지,2023-11-17,34200,84.9671,6,2014,초북로
센트렐웰가,2023-11-20,46700,84.9222,8,2018,진주역로73번길
진주정촌대경파미르,2023-11-18,31000,84.9625,4,2019,삼일로106번길
진주혁신도시센텀리버파크,2023-11-14,40300,84.95,17,2013,사들로
스카이시티프라디움,2023-11-15,45800,84.9818,4,2019,개양로
진주강남동일동미라주,2023-11-17,37000,84.9806,12,2021,진주대로891번길
가좌주공1차,2023-11-13,12300,41.3,4,1993,가호로
상평동신,2023-11-23,7250,40.56,8,1997,돗골로117번길
진주우방아이유쉘,2023-11-14,29900,84.9756,13,2017,삼일로
동신,2023-11-24,5000,49.72,9,1992,광제산로
가좌주공1차,2023-11-07,12500,41.3,5,1993,가호로
초전해모로루비채4단지,2023-11-01,35000,84.9671,8,2014,초북로
미르젠,2023-11-24,12150,84.31,2,2017,하대로26번길
진주혁신도시중흥에스-클래스센트럴시티2단지,2023-11-18,66000,117.7407,15,2020,에나로
혁신도시엘에이치아파트9단지,2023-11-18,31700,59.97,13,2017,사들로
진주혁신도시중흥에스-클래스센트럴시티2단지,2023-11-13,81000,117.7407,27,2020,에나로
엠코타운더프라하,2023-11-13,67000,119.7937,7,2014,새평거로
화인,2023-11-23,12500,83.435,9,1994,상봉대룡길
진주강남동일동미라주,2023-11-23,34000,84.9831,25,2021,진주대로891번길
진주혁신도시중흥에스-클래스더프라임,2023-11-11,57500,97.7268,13,2019,소호로19번길
럭키강변,2023-11-17,13400,74.21,6,1991,남강로
현대,2023-11-20,19000,84.93,3,1996,하대로
미르젠,2023-11-13,9000,31.92,3,2017,하대로26번길
신안주공2,2023-11-23,12450,49.97,8,1996,신안들말길
주공그린빌,2023-11-21,17400,51.74,14,2005,내동로348번길
금산아이파크,2023-11-11,23500,115.68,2,2004,중천로
엠코타운더프라하,2023-11-11,42000,84.933,6,2014,새평거로
쌍용,2023-11-12,12800,59.99,3,1996,말티고개로108번길
더퀸즈웰가,2023-11-21,33600,58.4018,25,2015,새평거로
평거휴먼시아3단지,2023-11-21,39500,84.97,10,2011,새평거로
미르젠,2023-11-20,16700,54.6,5,2017,하대로26번길
신안주공3,2023-11-22,17500,59.8,2,1997,석갑로
주공그린빌,2023-11-01,29700,84.9,18,2005,내동로348번길
망경한보타운,2023-11-15,13500,76.34,6,1997,망경로
금산흥한골든빌,2023-11-14,5950,37.84,2,2002,금산로
금산아이파크,2023-11-17,20500,84.17,10,2004,중천로
센트렐웰가,2023-11-12,38300,59.4732,13,2018,진주역로73번길
진주혁신코오롱하늘채,2023-11-18,38700,84.95,5,2014,사들로
진주정촌대경파미르,2023-11-05,32900,84.9426,13,2019,삼일로106번길
하대주공,2023-11-09,11000,44.3,2,1982,상대로
평거휴먼시아4단지,2023-11-15,34000,84.95,6,2011,새평거로
금산아이파크,2023-11-17,22000,115.68,9,2004,중천로
두산위브,2023-11-19,18000,84.991,13,2009,중장로154번길
이현주공,2023-11-20,13800,49.22,5,1983,서장대로
이현주공,2023-11-14,12600,48.6,2,1983,서장대로
평거현대2,2023-11-20,15500,59.92,6,1994,신안들말길
초전흥한,2023-11-15,22000,84.68,2,2001,초전남로
들말한보타운,2023-11-15,22500,76.61,15,1997,평거로39번길
삼전,2023-11-20,8800,71.45,1,1988,남강로
현대,2023-11-20,14500,59.89,15,1996,하대로
들말대경,2023-11-19,29250,84.99,9,1998,석갑로53번길
가호에일린의뜰,2023-11-03,40400,84.9982,7,2012,강변길
평거현대1,2023-11-14,12700,59.4,7,1993,평거로115번길
현대,2023-11-07,18500,84.55,2,1989,천수로
진흥더루벤스,2023-11-12,22000,84.9861,7,2009,금산로
현대,2023-11-03,21700,123.93,23,1996,하대로
진흥더루벤스,2023-11-18,23000,84.9861,1,2009,금산로
국화,2023-11-16,6500,68.34,3,1991,향교로
더퀸즈웰가,2023-11-20,38000,84.9163,15,2015,새평거로
진주혁신도시센텀리버파크,2023-11-11,36000,75.76,19,2013,사들로
망경한보타운,2023-11-06,12900,59.44,11,1997,망경로
칠암대덕,2023-11-17,13500,59.97,7,2004,진주대로942번길
진주정촌대경파미르,2023-11-03,30000,84.9625,2,2019,삼일로106번길
경남빌라가동(239-6),2023-11-14,7000,84.77,2,1989,숙호산로
진주정촌대경파미르,2023-11-19,32700,84.9625,18,2019,삼일로106번길
초전해모로루비채2단지,2023-11-19,36000,84.9671,9,2014,초북로
힐스테이트초전,2023-11-18,46900,84.9196,22,2019,초북로
진주혁신코오롱하늘채,2023-11-18,39700,84.95,12,2014,사들로
이현주공,2023-11-17,14700,55.8,3,1983,서장대로
진주강남동일동미라주,2023-11-03,34000,84.9831,33,2021,진주대로891번길
진주문산코아루,2023-11-10,28000,84.9867,13,2010,월아산로1117번길
진주문산코아루,2023-11-15,29800,84.591,14,2010,월아산로1117번길
한림풀에버,2023-11-11,36700,67.3717,7,2015,소호로
이현하이클래스웰가,2023-11-13,26900,75.07,9,2008,진주대로
이현주공,2023-11-17,12800,48.6,1,1983,서장대로
진주혁신도시대방노블랜드더캐슬아파트,2023-11-15,60000,84.9899,8,2018,사들로
들말한보타운,2023-11-15,22500,76.61,15,1997,평거로39번길
스카이시티프라디움,2023-11-07,51000,84.9818,14,2019,개양로
진주강남동일동미라주,2023-11-05,35000,84.9831,31,2021,진주대로891번길
현대,2023-11-09,21000,84.945,6,1992,진양호로51번길
현대,2023-11-03,14000,84.55,8,1989,천수로
진주혁신도시중흥에스-클래스센트럴시티4단지,2023-11-11,49000,84.9815,7,2020,에나로175번길
시티프라디움,2023-11-15,45500,84.9941,10,2020,진주역로
진주정촌대경파미르,2023-11-15,32000,84.9625,19,2019,삼일로106번길
이현주공,2023-11-14,14150,55.8,4,1983,서장대로
현대,2023-11-13,18000,84.55,7,1989,천수로
이현주공,2023-11-14,14150,55.8,2,1983,서장대로
이현주공,2023-11-14,15800,59.3,2,1983,서장대로
힐스테이트초전,2023-11-14,45000,84.9196,12,2019,초북로
한보(하대3차),2023-11-13,9450,58.5,1,1993,남강로
대림,2023-11-16,17200,84.29,7,1991,도동천로
진주초전푸르지오1단지,2023-11-03,37400,84.77,12,2009,초장로14번길
태완노블리안,2023-11-10,7300,59.9823,2,2007,공치고개길
하영그린맨션,2023-11-05,7600,67.98,1,1992,진양호로97번길
신안주공3,2023-11-10,16700,59.8,7,1997,석갑로
국민주택,2023-11-15,5500,33.39,7,1992,진양호로97번길
신안주공3,2023-11-08,16000,59.8,2,1997,석갑로
진주혁신도시센텀리버파크,2023-11-12,37500,75.76,8,2013,사들로
신안주공3,2023-11-14,14250,49.96,15,1997,석갑로
진흥더루벤스,2023-11-11,22000,84.9865,4,2009,금산로
진주평거우방아이유쉘스카이팰리스,2023-11-14,42400,84.8954,23,2019,진양호로
현대금빛마을,2023-11-14,8600,59.28,11,2000,진산로
혁신도시엘에이치5단지,2023-11-13,36000,75.84,16,2014,충의로
동신,2023-11-04,7200,59.92,13,1992,광제산로
들말한보타운,2023-11-14,27600,84.98,3,1997,평거로39번길
진주혁신도시중흥에스-클래스더프라임,2023-11-11,58600,97.7268,13,2019,소호로19번길
초전해모로루비채4단지,2023-11-11,40500,100.8994,4,2014,초북로
대경,2023-11-03,24600,83.304,5,2000,가호로
혁신도시엘에이치아파트8단지,2023-11-11,29500,59.97,6,2015,사들로
일동,2023-11-14,10000,59.86,11,1994,초전북로
진주초장엠코타운더이스턴파크,2023-11-11,32000,73.556,6,2014,초북로
센트렐웰가,2023-11-12,45000,84.9222,3,2018,진주역로73번길
들말한보타운,2023-11-08,18500,59.8,4,1997,평거로39번길
진주혁신코오롱하늘채,2023-11-11,38900,84.95,17,2014,사들로
남강휴먼빌,2023-11-11,35900,120.5794,3,2010,순환로
엠코타운더프라하,2023-11-09,44600,84.933,32,2014,새평거로
금산흥한골든빌,2023-11-11,17300,84.88,11,2002,금산로
진주초장엠코타운더이스턴파크,2023-11-04,31700,73.556,6,2014,초북로
진주혁신도시대방노블랜드더캐슬아파트,2023-11-07,68700,103.9623,19,2018,사들로
동성가든타워,2023-11-13,20000,127.825,17,1994,진주대로
진주강남동일동미라주,2023-11-03,38500,84.9806,34,2021,진주대로891번길
진주강남동일동미라주,2023-11-12,35500,84.9831,16,2021,진주대로891번길
진주평거엘크루,2023-11-04,51000,84.9195,12,2016,새평거로
들말한보타운,2023-11-07,20270,59.8,8,1997,평거로39번길
진주혁신코오롱하늘채,2023-11-05,36000,75.99,12,2014,사들로
신안주공3,2023-11-10,15850,59.8,10,1997,석갑로
신안주공3,2023-11-09,16400,59.8,12,1997,석갑로
현대,2023-11-06,15500,117.84,5,1991,모덕로181번길
흥한타운1,2023-11-10,12300,59.73,7,1993,진양호로328번길
이현하이클래스웰가,2023-11-08,30700,84.98,15,2008,진주대로
주공그린빌,2023-11-07,16800,51.74,19,2005,내동로348번길
엠코타운더프라하,2023-11-07,69500,119.7937,12,2014,새평거로
대경아르떼빌,2023-11-06,8450,31.02,4,2002,동부로67번길
들말한보타운,2023-11-04,20000,59.8,12,1997,평거로39번길
망경한보타운,2023-11-08,11950,59.44,15,1997,망경로
진주푸르지오1단지,2023-11-03,20800,84.9414,1,2007,덕의길
벽산블루밍(구)동신,2023-11-03,22300,113.47,2,1993,진양호로125번길
대림,2023-11-06,13000,72.238,2,1991,도동천로
엠코타운더프라하,2023-11-06,43700,84.933,26,2014,새평거로
진주혁신도시중흥에스-클래스센트럴시티4단지,2023-11-04,50700,84.9815,11,2020,에나로175번길
금산느티나무,2023-11-01,13300,59.42,16,2003,중천로
금산e편한세상,2023-11-04,23500,84.9746,20,2008,금산순환로80번길
두산위브,2023-11-04,22700,84.994,8,2009,중장로154번길
신안주공1,2023-11-02,26800,74.83,13,1998,신안들말길
현대,2023-11-06,16000,59.96,11,1997,초전남로
진주혁신도시중흥에스-클래스센트럴시티4단지,2023-11-07,53000,84.9815,17,2020,에나로175번길
초전흥한,2023-11-02,16100,59.85,5,2001,초전남로
청구타운,2023-11-03,21000,84.98,8,1997,대신로475번길
들말한보타운,2023-11-03,25000,84.98,2,1997,평거로39번길
금산e편한세상,2023-11-04,28000,121.9893,12,2008,금산순환로80번길
현대금빛마을,2023-11-06,6900,59.28,15,2000,진산로
건일,2023-11-06,6400,55.99,1,1987,상대로119번길
들말한보타운,2023-11-05,17400,59.8,2,1997,평거로39번길
현대,2023-11-04,18900,84.55,10,1989,천수로
현대,2023-11-02,16650,59.96,7,1997,초전남로
금호석류,2023-11-01,28000,84.87,8,1999,강남로
진주평거우방아이유쉘스카이팰리스,2023-11-01,40700,84.0198,26,2019,진양호로
혁신도시엘에이치아파트9단지,2023-11-01,31000,59.97,9,2017,사들로
신안주공3,2023-11-01,13900,49.96,3,1997,석갑로
대림,2023-11-01,16800,84.44,15,1995,말티고개로
금산흥한골든빌,2023-11-02,6250,37.84,11,2002,금산로
진주초전푸르지오2단지,2023-11-02,41500,125.029,2,2010,초장로14번길
현대,2023-11-02,18900,59.92,5,2000,진주대로815번길
주공그린빌,2023-11-01,17200,51.74,12,2005,내동로348번길
들말대경,2023-12-20,17450,59.595,10,1998,석갑로53번길
현대,2023-12-28,20300,59.92,10,2000,진주대로815번길
현대,2023-12-28,20300,59.92,10,2000,진주대로815번길
더퀸즈웰가,2023-12-16,42000,84.9163,6,2015,새평거로
진주정촌대경파미르,2023-12-23,34500,84.9625,19,2019,삼일로106번길
한보타운,2023-12-07,14800,84.6,15,1993,진양호로97번길
신안주공3,2023-12-05,14500,49.96,5,1997,석갑로
진주초전푸르지오2단지,2023-12-29,45000,125.029,11,2010,초장로14번길
들말대경,2023-12-01,34000,123.255,10,1998,석갑로53번길
평거현대1,2023-12-11,30700,114.59,5,1993,평거로115번길
평거휴먼시아4단지,2023-12-09,35200,84.98,12,2011,새평거로
진주초전푸르지오2단지,2023-12-18,40000,101.977,19,2010,초장로14번길
평거휴먼시아4단지,2023-12-05,34600,84.91,9,2011,새평거로
초전해모로루비채4단지,2023-12-05,35700,84.9908,6,2014,초북로
진주강남동일동미라주,2023-12-05,45200,109.9586,21,2021,진주대로891번길
진주혁신도시대방노블랜드더캐슬아파트,2023-12-17,59900,84.9474,22,2018,사들로
더퀸즈웰가,2023-12-15,37500,66.3912,27,2015,새평거로
진주혁신도시대방노블랜드더캐슬아파트,2023-12-17,69000,104.8302,16,2018,사들로
평거현대1,2023-12-16,25500,84.75,12,1993,평거로115번길
더퀸즈웰가,2023-12-16,40000,75.4984,25,2015,새평거로
들말한보타운,2023-12-20,20725,59.8,13,1997,평거로39번길
진주평거엘크루,2023-12-15,42000,84.9195,1,2016,새평거로
더퀸즈웰가,2023-12-04,32400,58.7908,6,2015,새평거로
엠코타운더프라하,2023-12-17,43000,84.9651,30,2014,새평거로
엠코타운더프라하,2023-12-17,43700,84.9651,23,2014,새평거로
신안주공3,2023-12-04,18000,59.8,7,1997,석갑로
한림풀에버,2023-12-26,37400,67.3717,19,2015,소호로
신안주공3,2023-12-19,15200,59.8,1,1997,석갑로
들말한보타운,2023-12-07,45200,150.59,11,1997,평거로39번길
들말한보타운,2023-12-30,18700,59.8,4,1997,평거로39번길
엠코타운더프라하,2023-12-03,43000,84.933,33,2014,새평거로
엠코타운더프라하,2023-12-04,43500,84.933,6,2014,새평거로
엠코타운더프라하,2023-12-26,85500,153.2116,19,2014,새평거로
진주초전푸르지오1단지,2023-12-26,58000,162.517,22,2009,초장로14번길
진주평거우방아이유쉘스카이팰리스,2023-12-26,43000,84.8954,21,2019,진양호로
진주초장엠코타운더이스턴파크,2023-12-27,36500,101.828,2,2014,초북로
흥한타운2,2023-12-11,16800,59.935,13,1995,평거로139번길
들말대경,2023-12-16,17450,59.595,10,1998,석갑로53번길
들말한보타운,2023-12-02,18400,59.8,3,1997,평거로39번길
더퀸즈웰가,2023-12-16,42000,84.9163,6,2015,새평거로
엠코타운더프라하,2023-12-05,41000,84.933,4,2014,새평거로
진주혁신도시중흥에스-클래스센트럴시티4단지,2023-12-20,53800,84.9815,20,2020,에나로175번길
금산흥한골든빌,2023-12-29,5000,37.84,13,2002,금산로
현대,2023-12-28,14400,59.89,11,1996,하대로
진주초장엠코타운더이스턴파크,2023-12-22,40500,101.5255,22,2014,초북로
평거현대2,2023-12-30,16900,59.92,13,1994,신안들말길
대경,2023-12-24,8500,59.85,11,1992,도동로264번길
금산느티나무,2023-12-29,16500,74.88,10,2003,중천로
올림피아골든맨션,2023-12-19,17000,124.7,3,1989,모덕로270번길
진주초장엠코타운더이스턴파크,2023-12-21,32000,73.6669,8,2014,초북로
동일스위트,2023-12-19,22000,84.725,9,2008,공단로
대동,2023-12-28,7800,60.63,3,1979,도동천로184번길
대화리네르빌,2023-12-29,17700,84.6974,5,2001,천수로298번길
청구타운,2023-12-18,20900,84.98,5,1997,대신로475번길
상대한보타운,2023-12-30,13000,59.88,5,2002,도동천로
이현하이클래스웰가,2023-12-30,26800,75.07,16,2008,진주대로
주공그린빌,2023-12-23,16700,51.74,12,2005,내동로348번길
가좌주공2차,2023-12-24,10800,38.64,5,1993,가호로
금호석류,2023-12-14,26500,84.87,19,1999,강남로
현대,2023-12-28,20300,59.92,10,2000,진주대로815번길
현대,2023-12-24,23700,101.97,6,1996,하대로
진주평거엘크루,2023-12-30,42000,84.9195,1,2016,새평거로
진주혁신도시라온프라이빗아파트,2023-12-19,48000,84.8922,16,2017,대밭골로
엠코타운더프라하,2023-12-23,43000,84.9651,30,2014,새평거로
더퀸즈웰가,2023-12-19,32000,58.4018,19,2015,새평거로
대동디지털황토,2023-12-30,26000,84.6814,11,2003,가호로44번길
망경한보타운,2023-12-23,13000,59.44,8,1997,망경로
평거현대2,2023-12-28,17500,59.92,9,1994,신안들말길
화인,2023-12-29,8900,83.315,13,1994,상봉대룡길
현대,2023-12-18,18200,84.93,5,1996,하대로
들말한보타운,2023-12-28,20725,59.8,13,1997,평거로39번길
이현하이클래스웰가,2023-12-28,51000,176.73,26,2008,진주대로
로얄맨션,2023-12-11,9500,74.5,3,1985,진주대로1208번길
현대,2023-12-27,19500,118.72,10,1985,강남로255번길
상봉2,2023-12-28,10500,53.97,1,1986,진주성로147번길
상대한보타운,2023-12-27,13600,59.88,1,2002,도동천로
한보은빛마을,2023-12-29,23800,84.86,8,2002,천수로
금산흥한골든빌,2023-12-26,5550,37.84,1,2002,금산로
주공그린빌,2023-12-31,19300,59.27,15,2005,내동로348번길
진주초전푸르지오2단지,2023-12-19,44300,101.977,16,2010,초장로14번길
한보하이타운,2023-12-30,10800,55.01,11,1995,순환로553번길
동서훼밀리,2023-12-22,7000,55.89,4,1992,선학산길
주공그린빌,2023-12-29,18700,59.27,8,2005,내동로348번길
현대,2023-12-16,20800,59.92,15,2000,진주대로815번길
진주혁신도시센텀리버파크,2023-12-22,39500,84.95,16,2013,사들로
센트렐웰가,2023-12-27,47800,84.9222,24,2018,진주역로73번길
혁신도시엘에이치아파트8단지,2023-12-19,30000,59.97,15,2015,사들로
평거현대1,2023-12-26,16000,59.4,7,1993,평거로115번길
대림맨션,2023-12-25,10000,80.28,4,1987,서장대로393번길
동일스위트,2023-12-19,22000,84.725,9,2008,공단로
평거현대1,2023-12-22,25500,84.75,12,1993,평거로115번길
진주혁신도시대방노블랜드더캐슬아파트,2023-12-19,69000,104.8302,16,2018,사들로
신안주공3,2023-12-29,15200,59.8,1,1997,석갑로
새진주맨션,2023-12-14,7200,65.73,5,1986,모덕로64번길
건영아모리움,2023-12-04,34000,78.466,7,2017,진양호로225번길
진주혁신도시대방노블랜드더캐슬아파트,2023-12-19,59900,84.9474,22,2018,사들로
진주혁신도시중흥에스-클래스더퍼스트,2023-12-19,72800,99.864,19,2020,충의로
신안주공3,2023-12-29,16300,59.8,12,1997,석갑로
진흥더루벤스,2023-12-28,21800,84.9861,13,2009,금산로
가좌주공1차,2023-12-07,12240,38.64,10,1993,가호로
진주혁신도시중흥에스-클래스더프라임,2023-12-31,51500,84.9858,22,2019,소호로19번길
진주푸르지오2단지,2023-12-28,27000,139.6609,9,2007,덕의길
진주초전푸르지오2단지,2023-12-24,40000,101.977,19,2010,초장로14번길
초전해모로루비채4단지,2023-12-17,37500,84.9908,21,2014,초북로
진주초전푸르지오1단지,2023-12-29,58000,162.517,22,2009,초장로14번길
신안주공2,2023-12-27,17800,59.8,14,1996,신안들말길
진주강남동일동미라주,2023-12-26,34800,84.9831,24,2021,진주대로891번길
신안주공1,2023-12-24,26000,84.98,7,1998,신안들말길
진주혁신도시중흥에스-클래스센트럴시티4단지,2023-12-17,47000,84.9815,7,2020,에나로175번길
더퀸즈웰가,2023-12-23,40000,75.4984,25,2015,새평거로
두산위브,2023-12-16,22200,84.994,9,2009,중장로154번길
신안주공2,2023-12-18,13500,49.97,10,1996,신안들말길
혁신도시엘에이치아파트9단지,2023-12-22,32000,59.97,16,2017,사들로
진주혁신도시중흥에스-클래스더퍼스트,2023-12-06,69800,99.864,2,2020,충의로
금산느티나무,2023-12-27,13500,59.42,14,2003,중천로
현대,2023-12-29,16000,59.96,7,1997,초전남로
진주평거엘크루,2023-12-05,65300,101.4795,4,2016,새평거로
진주정촌대경파미르,2023-12-28,24900,66.6161,2,2019,삼일로106번길
한림풀에버,2023-12-28,37400,67.3717,19,2015,소호로
미르젠,2023-12-22,8300,54.09,3,2017,하대로26번길
금호석류,2023-12-22,26000,84.87,17,1999,강남로
두산위브,2023-12-16,22000,84.995,1,2009,중장로154번길
금산아이파크,2023-12-10,19700,84.17,15,2004,중천로
대동디지털황토,2023-12-20,19300,59.9762,8,2003,가호로44번길
진주평거엘크루,2023-12-27,50000,84.9195,14,2016,새평거로
이지더원,2023-12-28,44500,84.9614,5,2018,초장로
한주맨션,2023-12-28,9000,84.15,2,1987,북장대로6번길
진주푸르지오1단지,2023-12-18,22000,84.9414,1,2007,덕의길
한주럭키타운,2023-12-06,21500,76.58,9,1990,진주대로
초전흥한,2023-12-22,16700,59.85,11,2001,초전남로
신안주공2,2023-12-13,16000,59.8,8,1996,신안들말길
금산e편한세상,2023-12-20,28000,121.9893,8,2008,금산순환로80번길
금산느티나무,2023-12-19,17300,84.74,17,2003,중천로
평거휴먼시아4단지,2023-12-14,35200,84.98,12,2011,새평거로
진주혁신도시라온프라이빗아파트,2023-12-26,50000,84.8922,17,2017,대밭골로
동성가든타워,2023-12-26,11500,59.4,13,1994,진주대로
현대,2023-12-22,27200,84.96,5,2000,진주대로815번길
현대,2023-12-16,26700,103.94,1,2000,진주대로815번길
혁신도시엘에이치아파트8단지,2023-12-09,27750,59.97,2,2015,사들로
혁신도시엘에이치아파트9단지,2023-12-16,32300,59.97,19,2017,사들로
이현하이클래스웰가,2023-12-01,30800,84.07,21,2008,진주대로
현대,2023-12-13,17200,84.99,5,1991,모덕로181번길
진주정촌대경파미르,2023-12-23,30100,76.253,13,2019,삼일로106번길
진주초전푸르지오2단지,2023-12-23,45000,125.029,18,2010,초장로14번길
건영아모리움,2023-12-27,31000,79.5826,9,2017,진양호로225번길
금산흥한골든빌,2023-12-18,7900,48.31,14,2002,금산로
엠코타운더프라하,2023-12-05,41000,84.933,4,2014,새평거로
혁신도시엘에이치아파트9단지,2023-12-23,31250,59.97,11,2017,사들로
혁신도시엘에이치아파트8단지,2023-12-22,28900,59.97,7,2015,사들로
건영아모리움,2023-12-22,31300,77.3871,9,2017,진양호로225번길
진주초장엠코타운더이스턴파크,2023-12-26,31300,73.556,1,2014,초북로
힐스테이트초전,2023-12-25,44800,84.9196,8,2019,초북로
평거현대1,2023-12-21,30700,114.59,5,1993,평거로115번길
진주혁신도시중흥에스-클래스센트럴시티4단지,2023-12-20,53800,84.9815,20,2020,에나로175번길
상대한보타운,2023-12-08,21800,83.52,12,2002,도동천로
진주초장엠코타운더이스턴파크,2023-12-16,38000,84.9915,7,2014,초북로
평거휴먼시아3단지,2023-12-12,32250,84.95,1,2011,새평거로
엠코타운더프라하,2023-12-21,43700,84.9651,23,2014,새평거로
평거휴먼시아4단지,2023-12-26,27000,59.98,3,2011,새평거로
진주정촌대경파미르,2023-12-23,29400,84.9426,2,2019,삼일로106번길
더퀸즈웰가,2023-12-24,42000,84.9163,6,2015,새평거로
진주혁신도시센텀리버파크,2023-12-26,36000,75.76,19,2013,사들로
더퀸즈웰가,2023-12-21,37500,66.3912,27,2015,새평거로
한보타운,2023-12-23,14800,84.6,15,1993,진양호로97번길
금산느티나무,2023-12-22,21000,84.74,15,2003,중천로
흥한타운2,2023-12-19,16800,59.935,13,1995,평거로139번길
더퀸즈웰가,2023-12-24,39800,75.6705,21,2015,새평거로
현대,2023-12-23,14500,84.99,5,1991,모덕로181번길
진주우방아이유쉘,2023-12-22,30000,84.9578,3,2017,삼일로
한보은빛마을,2023-12-21,30000,125.12,15,2002,천수로
초전해모로루비채4단지,2023-12-14,36500,84.9908,8,2014,초북로
메이힐스,2023-12-21,28500,84.7604,4,2018,진양호로239번길
진주혁신도시대방노블랜드더캐슬아파트,2023-12-11,67500,103.3591,4,2018,사들로
평거현대2,2023-12-21,16500,59.92,14,1994,신안들말길
한림풀에버,2023-12-22,42500,84.9088,4,2015,소호로
진주강남동일동미라주,2023-12-20,40000,109.9586,5,2021,진주대로891번길
진주문산파란채,2023-12-19,23800,84.9015,4,2010,월아산로1048번길
진주강남동일동미라주,2023-12-19,45200,109.9586,21,2021,진주대로891번길
올림피아골든맨션,2023-12-19,17000,124.7,3,1989,모덕로270번길
신안주공3,2023-12-04,16000,59.8,9,1997,석갑로
현대,2023-12-21,15000,84.945,6,1992,진양호로51번길
진주초장엠코타운더이스턴파크,2023-12-16,28750,59.9983,10,2014,초북로
들말대경,2023-12-20,17450,59.595,10,1998,석갑로53번길
더퀸즈웰가,2023-12-13,36000,66.3912,10,2015,새평거로
한림풀에버,2023-12-16,31800,67.1597,1,2015,소호로
금산흥한골든빌,2023-12-20,5550,37.84,1,2002,금산로
가좌주공2차,2023-12-21,10900,38.64,15,1993,가호로
더퀸즈웰가,2023-12-01,44000,84.9163,9,2015,새평거로
상대한보타운,2023-12-15,15290,59.88,10,2002,도동천로
더퀸즈웰가,2023-12-09,31200,58.4018,3,2015,새평거로
망경한보타운,2023-12-20,17500,119.24,2,1997,망경로
한주럭키타운,2023-12-19,23200,84.56,7,1990,진주대로
들말한보타운,2023-12-13,45200,150.59,11,1997,평거로39번길
일동,2023-12-18,11650,59.86,14,1994,초전북로
국민주택,2023-12-14,4800,33.39,8,1992,진양호로97번길
한림풀에버,2023-12-16,43000,84.9644,10,2015,소호로
두산위브,2023-12-16,22600,84.995,5,2009,중장로154번길
진주푸르지오1단지,2023-12-18,24000,84.9726,7,2007,덕의길
평거휴먼시아3단지,2023-12-12,32250,84.95,1,2011,새평거로
금산아이파크,2023-12-06,18600,84.17,10,2004,중천로
금산흥한골든빌,2023-12-14,7500,48.31,10,2002,금산로
엠코타운더프라하,2023-12-09,43000,84.933,33,2014,새평거로
신안주공3,2023-12-10,14500,49.96,5,1997,석갑로
엠코타운더프라하,2023-12-09,43500,84.933,6,2014,새평거로
금산아이파크,2023-12-19,25000,115.68,2,2004,중천로
임광,2023-12-12,9300,55.25,7,1989,모덕로
들말한보타운,2023-12-16,37800,120.66,3,1997,평거로39번길
현대,2023-12-05,20500,59.92,7,2000,진주대로815번길
초전흥한,2023-12-09,15800,59.85,18,2001,초전남로
엠코타운더프라하,2023-12-16,67000,118.6034,15,2014,새평거로
금산아이파크,2023-12-16,21700,84.17,16,2004,중천로
남강휴먼빌,2023-12-17,30700,84.9679,12,2010,순환로
금산아이파크,2023-12-16,21700,84.17,16,2004,중천로
현대,2023-12-17,14900,70.96,5,1989,천수로
진주문산코아루,2023-12-18,31000,114.9123,21,2010,월아산로1117번길
흥한타운2,2023-12-12,17800,59.935,11,1995,평거로139번길
현대,2023-12-16,21400,84.93,20,1996,하대로
들말한보타운,2023-12-12,18400,59.8,3,1997,평거로39번길
진주혁신코오롱하늘채,2023-12-13,39500,84.95,15,2014,사들로
상봉2,2023-12-12,8000,53.85,3,1986,진주성로147번길
신안주공3,2023-12-15,15200,59.8,6,1997,석갑로
평거휴먼시아4단지,2023-12-15,27000,59.98,3,2011,새평거로
상봉1,2023-12-13,7000,40.44,3,1976,창렬로
현대,2023-12-02,20200,59.92,21,2000,진주대로815번길
현대,2023-12-15,15800,84.99,15,1991,모덕로181번길
들말대경,2023-12-11,15600,59.595,1,1998,석갑로53번길
두산위브,2023-12-03,22000,84.994,15,2009,중장로154번길
진주혁신도시중흥에스-클래스더프라임,2023-12-09,52000,84.9912,19,2019,소호로19번길
들말한보타운,2023-12-05,19000,59.8,13,1997,평거로39번길
신안주공3,2023-12-13,18000,59.8,7,1997,석갑로
남강휴먼빌,2023-12-09,30700,84.9679,12,2010,순환로
하대주공,2023-12-15,12400,35.64,4,1982,상대로
상대한주그린,2023-12-11,15300,84.89,9,1999,선학산길
진주혁신도시라온프라이빗아파트,2023-12-04,47000,84.8922,12,2017,대밭골로
시티프라디움,2023-12-05,51000,84.9941,34,2020,진주역로
현대,2023-12-04,18000,84.945,10,1992,진양호로51번길
진주푸르지오2단지,2023-12-11,18250,59.924,11,2007,덕의길
삼호맨션,2023-12-01,12700,81.52,1,1990,하대로106번길
진주푸르지오1단지,2023-12-04,26300,115.1967,7,2007,덕의길
한림풀에버,2023-12-13,40000,84.9088,2,2015,소호로
신안주공2,2023-12-06,10500,39.99,4,1996,신안들말길
현대,2023-12-14,15000,84.93,8,1996,하대로
진주혁신도시중흥에스-클래스센트럴시티2단지,2023-12-13,48500,84.9815,30,2020,에나로
명석블리시움,2023-12-12,15500,76.5349,4,2020,광제산로26번길
명석블리시움,2023-12-12,16600,81.7626,5,2020,광제산로26번길
명석블리시움,2023-12-12,16700,81.6426,6,2020,광제산로26번길
명석블리시움,2023-12-12,16700,81.6426,7,2020,광제산로26번길
명석블리시움,2023-12-12,15600,76.5349,8,2020,광제산로26번길
명석블리시움,2023-12-12,16300,81.6426,10,2020,광제산로26번길
신안주공3,2023-12-06,16500,59.8,15,1997,석갑로
삼전3,2023-12-08,11700,84.57,4,1989,하대로106번길
화광비발디,2023-12-09,18700,84.6132,18,2007,중천로67번길
화광비발디,2023-12-01,18000,84.6132,10,2007,중천로67번길
진주정촌대경파미르,2023-12-05,31950,84.9625,6,2019,삼일로106번길
진주혁신도시중흥에스-클래스센트럴시티2단지,2023-12-13,48500,84.9815,30,2020,에나로
진주푸르지오1단지,2023-12-12,21000,84.9414,14,2007,덕의길
덕산,2023-12-05,8550,59.73,7,1995,서장대로178번길
평거휴먼시아4단지,2023-12-12,34600,84.91,9,2011,새평거로
제일풍경채,2023-12-07,44700,138.9363,5,2007,가좌안골길21번길
상대주공,2023-12-04,6800,41.52,1,1980,상대로
스카이시티프라디움,2023-12-09,45800,84.9818,18,2019,개양로
금산흥한골든빌,2023-12-05,6700,48.31,1,2002,금산로
금산흥한골든빌,2023-12-13,8000,48.31,10,2002,금산로
더퀸즈웰가,2023-12-09,32400,58.7908,6,2015,새평거로
건일,2023-12-03,6300,55.99,5,1987,상대로119번길
주공그린빌,2023-12-11,25000,84.9,17,2005,내동로348번길
두산위브,2023-12-04,38500,170.356,20,2009,중장로154번길
한림풀에버,2023-12-09,42800,84.9644,14,2015,소호로
가좌주공1차,2023-12-12,16500,49.94,4,1993,가호로
망경한보타운,2023-12-12,12000,59.44,9,1997,망경로
진주초전푸르지오2단지,2023-12-09,43500,125.029,6,2010,초장로14번길
현대성우트리팰리스,2023-12-12,31000,134.53,6,2006,진주대로879번길
이지더원,2023-12-12,53000,113.588,5,2018,초장로
제일풍경채,2023-12-11,45500,138.9363,9,2007,가좌안골길21번길
초전해모로루비채4단지,2023-12-10,35700,84.9908,6,2014,초북로
진주초장엠코타운더이스턴파크,2023-12-11,33900,84.977,4,2014,초북로
벽산블루밍(구)동신,2023-12-12,7500,52.53,8,1993,진양호로125번길
현대,2023-12-09,21000,59.92,9,2000,진주대로815번길
가좌주공1차,2023-12-11,16500,49.94,4,1993,가호로
들말대경,2023-12-02,25000,84.99,8,1998,석갑로53번길
망경한보타운,2023-12-02,12300,59.44,2,1997,망경로
평거현대1,2023-12-06,13570,59.4,7,1993,평거로115번길
진주혁신코오롱하늘채,2023-12-08,38900,84.95,14,2014,사들로
진주정촌대경파미르,2023-12-02,31000,84.9426,8,2019,삼일로106번길
들말대경,2023-12-09,34000,123.255,10,1998,석갑로53번길
가좌주공1차,2023-12-06,12000,38.64,9,1993,가호로
흥한타운1,2023-12-11,20000,84.69,13,1993,진양호로328번길
신안주공3,2023-12-10,14000,49.96,13,1997,석갑로
평거현대1,2023-12-07,14300,59.81,10,1993,평거로115번길
센트렐웰가,2023-12-02,46600,84.8133,1,2018,진주역로73번길
진주정촌대경파미르,2023-12-10,33300,84.9625,15,2019,삼일로106번길
초전해모로루비채2단지,2023-12-10,31000,74.9798,6,2014,초북로
평거현대2,2023-12-07,16700,59.92,13,1994,신안들말길
대경아르떼빌,2023-12-02,11700,38.09,6,2002,동부로67번길
혁신도시엘에이치아파트9단지,2023-12-10,31200,59.97,9,2017,사들로
진주정촌대경파미르,2023-12-08,31000,84.9426,4,2019,삼일로106번길
진주센트럴자이,2023-12-10,35300,84.9059,15,2013,도동천로
초전흥한,2023-12-05,17000,59.85,12,2001,초전남로
평거휴먼시아3단지,2023-12-08,40000,84.95,10,2011,새평거로
들말대경,2023-12-08,18250,59.595,12,1998,석갑로53번길
한림풀에버,2023-12-07,41500,84.9644,12,2015,소호로
금산흥한골든빌,2023-12-07,10200,58.12,3,2002,금산로
화인,2023-12-05,8000,65.07,11,1994,상봉대룡길
금산흥한골든빌,2023-12-07,10400,58.12,12,2002,금산로
힐스테이트초전,2023-12-07,45000,84.9196,13,2019,초북로
금산느티나무,2023-12-04,16000,84.74,18,2003,중천로
금산흥한골든빌,2023-12-02,13300,73.61,2,2002,금산로
진주혁신코오롱하늘채,2023-12-02,36500,84.95,4,2014,사들로
주공그린빌,2023-12-07,19800,59.27,15,2005,내동로348번길
엠코타운더프라하,2023-12-05,38500,84.9651,2,2014,새평거로
진주정촌대경파미르,2023-12-04,33000,84.9625,10,2019,삼일로106번길
들말흥한타운,2023-12-02,16500,59.871,1,1998,석갑로
신안주공2,2023-12-02,18400,59.8,12,1996,신안들말길
우신파크맨션,2023-12-06,13000,84.64,2,1992,숙호산로
진주혁신도시라온프라이빗아파트,2023-12-02,47500,84.9087,1,2017,대밭골로
진주초장엠코타운더이스턴파크,2023-12-02,32700,73.556,29,2014,초북로
건영아모리움,2023-12-03,32300,77.4282,17,2017,진양호로225번길
금산느티나무,2023-12-06,16500,84.74,20,2003,중천로
진주초장엠코타운더이스턴파크,2023-12-02,35000,84.977,17,2014,초북로
엠코타운더프라하,2023-12-05,41000,84.933,4,2014,새평거로
진주혁신도시중흥에스-클래스더프라임,2023-12-01,53000,84.9912,14,2019,소호로19번길
금산흥한골든빌,2023-12-04,18500,84.88,8,2002,금산로
혁신도시엘에이치아파트9단지,2023-12-04,30800,59.97,11,2017,사들로
이현주공,2023-12-04,14800,59.3,2,1983,서장대로
현대,2023-12-04,17500,84.945,14,1992,진양호로51번길
대동,2023-12-02,3850,40.76,5,1979,도동천로184번길
들말흥한타운,2023-12-02,34800,125.61,14,1998,석갑로
그린타운,2023-12-02,11500,68.9,3,1992,석갑로156번길
금산흥한골든빌,2023-12-01,7900,48.31,1,2002,금산로
금산흥한골든빌,2023-12-01,18000,84.88,10,2002,금산로
시티프라디움,2024-01-17,43700,84.9941,17,2020,진주역로
시티프라디움,2024-01-20,43700,84.9941,17,2020,진주역로
이현하이클래스웰가,2024-01-26,26800,75.07,20,2008,진주대로
센트렐웰가,2024-01-29,42800,75.5364,21,2018,진주역로73번길
진주정촌대경파미르,2024-01-22,32000,84.9625,2,2019,삼일로106번길
들말한보타운,2024-01-24,20000,59.8,10,1997,평거로39번길
진주정촌대경파미르,2024-01-17,30500,84.9625,17,2019,삼일로106번길
진주초전푸르지오2단지,2024-01-09,43250,125.029,5,2010,초장로14번길
한보은빛마을,2024-01-21,26100,84.86,6,2002,천수로
진주정촌대경파미르,2024-01-30,30700,84.9426,7,2019,삼일로106번길
대동디지털황토,2024-01-20,20200,59.9762,14,2003,가호로44번길
현대,2024-01-31,16300,82.56,9,1985,강남로255번길
시티프라디움,2024-01-17,43700,84.9941,17,2020,진주역로
진주정촌대경파미르,2024-01-30,30700,84.9426,7,2019,삼일로106번길
진주정촌대경파미르,2024-01-29,31000,84.9625,8,2019,삼일로106번길
진주초전푸르지오1단지,2024-01-31,34500,84.77,4,2009,초장로14번길
월산아크로빌,2024-01-24,8200,59.7992,10,2005,공치고개길
진주정촌대경파미르,2024-01-29,33500,84.9426,17,2019,삼일로106번길
진주혁신도시라온프라이빗아파트,2024-01-28,47500,84.8922,22,2017,대밭골로
국민주택,2024-01-31,4000,33.39,3,1992,진양호로97번길
진주정촌대경파미르,2024-01-30,30700,84.9426,7,2019,삼일로106번길
혁신도시엘에이치아파트8단지,2024-01-28,31700,59.96,24,2015,사들로
혁신도시엘에이치아파트8단지,2024-01-28,31300,59.97,10,2015,사들로
대림,2024-01-25,13800,84.46,5,1989,남강로
금산아이파크,2024-01-30,20700,84.17,9,2004,중천로
진주혁신도시센텀리버파크,2024-01-30,38000,75.54,15,2013,사들로
신안주공3,2024-01-15,15300,59.8,5,1997,석갑로
진주혁신도시중흥에스-클래스더프라임,2024-01-24,50000,84.9912,5,2019,소호로19번길
한림풀에버,2024-01-30,43800,84.9088,10,2015,소호로
금산흥한골든빌,2024-01-30,13400,58.12,11,2002,금산로
진주혁신도시대방노블랜드더캐슬아파트,2024-01-25,57500,84.9474,11,2018,사들로
동신,2024-01-23,5950,49.72,1,1992,광제산로
진주혁신코오롱하늘채,2024-01-25,35500,75.99,20,2014,사들로
진주정촌대경파미르,2024-01-26,34000,84.9625,15,2019,삼일로106번길
시티프라디움,2024-01-20,43700,84.9941,17,2020,진주역로
진주정촌대경파미르,2024-01-28,34300,84.9426,8,2019,삼일로106번길
진주정촌대경파미르,2024-01-27,32000,84.9426,20,2019,삼일로106번길
주공그린빌,2024-01-21,18500,59.27,15,2005,내동로348번길
동신,2024-01-18,11400,84.6,15,1992,광제산로
금호석류,2024-01-29,26000,84.87,20,1999,강남로
금호석류,2024-01-22,20600,59.99,13,1999,강남로
평거휴먼시아4단지,2024-01-29,26900,59.98,6,2011,새평거로
현대,2024-01-25,17700,84.93,11,1996,하대로
가좌주공1차,2024-01-19,16750,49.94,15,1993,가호로
더퀸즈웰가,2024-01-31,32000,58.7908,31,2015,새평거로
들말한보타운,2024-01-24,20000,59.8,10,1997,평거로39번길
진주혁신코오롱하늘채,2024-01-28,38900,84.95,15,2014,사들로
센트렐웰가,2024-01-22,49500,84.9222,15,2018,진주역로73번길
금산흥한골든빌,2024-01-17,18900,84.88,10,2002,금산로
현대,2024-01-16,13500,59.89,19,1996,하대로
하대한양,2024-01-29,8500,62.66,5,2000,하대로40번길
현대,2024-01-28,33900,103.94,10,2000,진주대로815번길
대림,2024-01-20,11400,84.46,6,1989,남강로
평거현대1,2024-01-30,12500,59.4,3,1993,평거로115번길
신안주공2,2024-01-30,15250,59.8,4,1996,신안들말길
두산위브,2024-01-21,22000,84.991,5,2009,중장로154번길
현대,2024-01-16,14500,84.99,10,1991,모덕로181번길
진주초전푸르지오2단지,2024-01-27,45000,101.977,18,2010,초장로14번길
진주혁신도시중흥에스-클래스더퍼스트,2024-01-28,70500,99.864,11,2020,충의로
진주평거엘크루,2024-01-27,45000,84.9195,1,2016,새평거로
한림풀에버,2024-01-26,42300,84.9088,6,2015,소호로
진주혁신도시센텀리버파크,2024-01-24,37200,84.95,2,2013,사들로
진주혁신도시중흥에스-클래스센트럴시티3단지,2024-01-29,51700,84.9815,8,2020,에나로175번길
들말흥한타운,2024-01-15,18100,59.871,15,1998,석갑로
진주혁신도시중흥에스-클래스센트럴시티2단지,2024-01-25,66500,117.7407,10,2020,에나로
주공그린빌,2024-01-27,19100,59.27,14,2005,내동로348번길
혁신도시엘에이치아파트8단지,2024-01-31,30800,59.97,9,2015,사들로
진주초전푸르지오1단지,2024-01-25,38800,84.77,14,2009,초장로14번길
진주초전푸르지오2단지,2024-01-06,49700,125.029,19,2010,초장로14번길
동국강변타워2,2024-01-22,11400,83.75,9,1992,돗골로19번길
들말대경,2024-01-30,22000,59.595,10,1998,석갑로53번길
한주한보,2024-01-20,13000,59.73,11,1995,망경로296번길
가좌주공1차,2024-01-20,15500,49.94,6,1993,가호로
신안주공2,2024-01-27,15500,59.8,12,1996,신안들말길
상대한보타운,2024-01-31,22000,83.52,8,2002,도동천로
들말흥한타운,2024-01-28,27000,84.89,14,1998,석갑로
진흥더루벤스,2024-01-31,26750,122.1795,19,2009,금산로
진흥더루벤스,2024-01-30,21400,84.9968,9,2009,금산로
신안주공2,2024-01-25,12200,49.97,15,1996,신안들말길
센트렐웰가,2024-01-29,42800,75.5364,21,2018,진주역로73번길
진주평거우방아이유쉘스카이팰리스,2024-01-06,42400,84.0198,18,2019,진양호로
대동디지털황토,2024-01-19,24100,84.6814,6,2003,가호로44번길
대동디지털황토,2024-01-26,22300,84.6814,1,2003,가호로44번길
진주문산코아루,2024-01-25,29100,84.591,23,2010,월아산로1117번길
상평국민1차,2024-01-29,7700,59.94,1,1990,남강로1093번길
엠코타운더프라하,2024-01-21,41900,84.9651,12,2014,새평거로
혁신도시엘에이치아파트9단지,2024-01-19,32100,59.97,10,2017,사들로
망경한보타운,2024-01-25,12400,59.44,2,1997,망경로
스카이시티프라디움,2024-01-26,52500,84.991,37,2019,개양로
이현하이클래스웰가,2024-01-30,30950,84.07,17,2008,진주대로
한주타운,2024-01-14,17000,84.63,8,1992,진주대로1208번길
럭키강변,2024-01-25,12800,74.21,4,1991,남강로
스카이시티프라디움,2024-01-19,42000,84.991,5,2019,개양로
평거현대2,2024-01-30,16000,59.92,14,1994,신안들말길
평거현대2,2024-01-15,24000,84.832,1,1994,신안들말길
진주혁신도시중흥에스-클래스센트럴시티2단지,2024-01-28,83000,117.7407,22,2020,에나로
진주정촌대경파미르,2024-01-27,32000,84.9625,10,2019,삼일로106번길
대동디지털황토,2024-01-27,23700,84.6814,2,2003,가호로44번길
금호석류,2024-01-21,28000,84.87,15,1999,강남로
가호에일린의뜰,2024-01-29,40000,100.3166,6,2012,강변길
벽산블루밍(구)동신,2024-01-26,11000,72.86,2,1993,진양호로125번길
한주타운,2024-01-18,17200,74.95,8,1992,진주대로1208번길
신안주공3,2024-01-11,17800,59.8,13,1997,석갑로
초전해모로루비채4단지,2024-01-14,45500,100.8994,27,2014,초북로
스카이시티프라디움,2024-01-27,52500,84.991,37,2019,개양로
현대,2024-01-24,20900,59.92,17,2000,진주대로815번길
들말한보타운,2024-01-21,18400,59.8,3,1997,평거로39번길
혁신도시엘에이치아파트8단지,2024-01-13,30000,59.97,12,2015,사들로
대경,2024-01-09,8000,59.85,10,1992,도동로264번길
진주초장엠코타운더이스턴파크,2024-01-28,39000,101.5255,12,2014,초북로
남강휴먼빌,2024-01-20,36000,120.5794,13,2010,순환로
남강휴먼빌,2024-01-25,31000,84.9376,6,2010,순환로
남강휴먼빌,2024-01-13,36800,120.5794,12,2010,순환로
더퀸즈웰가,2024-01-06,31500,58.4018,4,2015,새평거로
두산위브,2024-01-27,23200,84.994,20,2009,중장로154번길
진주평거엘크루,2024-01-24,43000,84.9624,1,2016,새평거로
평거휴먼시아4단지,2024-01-13,34900,84.95,11,2011,새평거로
흥한타운2,2024-01-30,15200,59.935,6,1995,평거로139번길
엠코타운더프라하,2024-01-13,45000,84.933,17,2014,새평거로
두산위브,2024-01-26,23500,84.994,20,2009,중장로154번길
엠코타운더프라하,2024-01-23,42000,84.933,7,2014,새평거로
럭키강변,2024-01-31,15000,74.21,12,1991,남강로
도운,2024-01-15,6500,53.39,3,1986,남강로
벽산블루밍(구)동신,2024-01-06,6500,52.53,1,1993,진양호로125번길
엠코타운더프라하,2024-01-05,69900,119.7937,25,2014,새평거로
더퀸즈웰가,2024-01-18,39700,75.6705,15,2015,새평거로
한주타운,2024-01-17,14200,59.1,14,1992,진주대로1208번길
이현하이클래스웰가,2024-01-18,26500,75.07,8,2008,진주대로
엠코타운더프라하,2024-01-11,39800,84.933,6,2014,새평거로
진주혁신도시중흥에스-클래스센트럴시티3단지,2024-01-28,57150,99.8723,12,2020,에나로175번길
신안주공2,2024-01-15,15100,59.8,7,1996,신안들말길
신안주공1,2024-01-23,24500,74.83,2,1998,신안들말길
혁신도시엘에이치아파트8단지,2024-01-27,29000,59.97,13,2015,사들로
엠코타운더프라하,2024-01-30,41900,84.9651,14,2014,새평거로
진주평거엘크루,2024-01-27,43000,84.9624,1,2016,새평거로
진주초장엠코타운더이스턴파크,2024-01-26,35700,84.977,14,2014,초북로
평거현대1,2024-01-26,25500,84.75,5,1993,평거로115번길
진주혁신도시중흥에스-클래스더퍼스트,2024-01-28,70500,99.864,7,2020,충의로
진주평거엘크루,2024-01-10,50000,84.9195,8,2016,새평거로
금산흥한골든빌,2024-01-30,17100,84.88,3,2002,금산로
들말흥한타운,2024-01-27,19700,59.871,11,1998,석갑로
초전해모로루비채4단지,2024-01-15,45500,100.8994,27,2014,초북로
진주혁신도시중흥에스-클래스더퍼스트,2024-01-10,81000,113.4763,7,2020,충의로
더퀸즈웰가,2024-01-02,31500,58.4018,4,2015,새평거로
진주정촌대경파미르,2024-01-22,32000,84.9625,2,2019,삼일로106번길
진주푸르지오2단지,2024-01-26,22400,84.9726,10,2007,덕의길
현대,2024-01-29,20800,118.72,6,1985,강남로255번길
들말흥한타운,2024-01-07,31500,99.85,3,1998,석갑로
진주혁신도시중흥에스-클래스더프라임,2024-01-25,50500,84.9912,9,2019,소호로19번길
신안주공2,2024-01-31,16000,59.8,13,1996,신안들말길
금산흥한골든빌,2024-01-21,11200,58.12,3,2002,금산로
진주혁신도시중흥에스-클래스더프라임,2024-01-20,51500,84.9912,17,2019,소호로19번길
혁신도시엘에이치아파트8단지,2024-01-19,30000,59.97,12,2015,사들로
진주우방아이유쉘,2024-01-27,31900,84.9578,14,2017,삼일로
신안주공3,2024-01-02,16200,59.8,13,1997,석갑로
평거휴먼시아4단지,2024-01-31,31000,84.98,1,2011,새평거로
흥한타운2,2024-01-08,16100,59.935,15,1995,평거로139번길
초전해모로루비채4단지,2024-01-24,36000,84.9671,11,2014,초북로
진주평거엘크루,2024-01-20,44000,84.9195,1,2016,새평거로
금산흥한골든빌,2024-01-23,11200,58.12,3,2002,금산로
엠코타운더프라하,2024-01-17,45000,84.933,27,2014,새평거로
이지더원,2024-01-27,39000,73.2086,13,2018,초장로
진주정촌대경파미르,2024-01-22,31500,84.9426,14,2019,삼일로106번길
진주정촌대경파미르,2024-01-06,34500,84.9625,19,2019,삼일로106번길
진주혁신도시중흥에스-클래스센트럴시티2단지,2024-01-28,83000,117.7407,22,2020,에나로
현대,2024-01-24,14000,82.56,10,1985,강남로255번길
포레나신진주,2024-01-29,44700,84.9543,8,2019,진주역로96번길
혁신도시엘에이치아파트8단지,2024-01-31,30950,59.96,21,2015,사들로
들말대경,2024-01-13,19000,59.595,5,1998,석갑로53번길
금산아이파크,2024-01-13,14700,59.78,14,2004,중천로
진주푸르지오2단지,2024-01-15,22000,84.9414,14,2007,덕의길
현대,2024-01-26,16500,59.96,6,1997,초전남로
가좌주공2차,2024-01-24,11550,38.64,15,1993,가호로
대경,2024-01-11,8000,59.85,10,1992,도동로264번길
진주혁신도시중흥에스-클래스더프라임,2024-01-21,65000,110.9212,15,2019,소호로19번길
진주정촌대경파미르,2024-01-26,25000,66.6161,9,2019,삼일로106번길
진주강남동일동미라주,2024-01-29,34900,84.9831,21,2021,진주대로891번길
주공그린빌,2024-01-20,16950,51.74,13,2005,내동로348번길
진주정촌대경파미르,2024-01-19,27300,66.1957,16,2019,삼일로106번길
진주정촌대경파미르,2024-01-20,33000,84.9426,18,2019,삼일로106번길
진주혁신도시중흥에스-클래스더프라임,2024-01-24,51000,84.9912,5,2019,소호로19번길
현대,2024-01-30,20800,118.72,6,1985,강남로255번길
신안주공2,2024-01-18,17300,59.8,11,1996,신안들말길
흥한타운2,2024-01-15,13200,59.88,3,1995,평거로139번길
삼전,2024-01-27,6550,54.25,4,1988,남강로
진주혁신도시센텀리버파크,2024-01-28,37200,84.95,2,2013,사들로
휴앤인엘리시움,2024-01-28,39000,84.7831,16,2019,에나로
대영,2024-01-25,14300,84.86,6,1992,말티고개로
이지더원,2024-01-29,45700,84.9614,21,2018,초장로
진주혁신도시중흥에스-클래스더프라임,2024-01-23,51800,84.9858,22,2019,소호로19번길
들말흥한타운,2024-01-26,26900,84.89,4,1998,석갑로
금산흥한골든빌,2024-01-29,9000,58.12,2,2002,금산로
더퀸즈웰가,2024-01-31,51000,100.6401,19,2015,새평거로
한림풀에버,2024-01-30,42700,84.9644,13,2015,소호로
들말한보타운,2024-01-24,18400,59.8,3,1997,평거로39번길
힐스테이트초전,2024-01-23,46000,84.9196,26,2019,초북로
신안주공2,2024-01-31,15500,59.8,12,1996,신안들말길
진주초전푸르지오2단지,2024-01-31,40200,125.029,1,2010,초장로14번길
대동디지털황토,2024-01-24,24000,84.8805,7,2003,가호로44번길
이현하이클래스웰가,2024-01-30,31500,84.78,18,2008,진주대로
이현하이클래스웰가,2024-01-26,26800,75.07,20,2008,진주대로
이현하이클래스웰가,2024-01-23,31800,84.98,12,2008,진주대로
이현하이클래스웰가,2024-01-22,30900,84.98,10,2008,진주대로
금산흥한골든빌,2024-01-30,14300,73.61,12,2002,금산로
금산흥한골든빌,2024-01-29,9000,58.12,2,2002,금산로
진주혁신도시중흥에스-클래스더퍼스트,2024-01-30,83000,113.4763,14,2020,충의로
에스디푸른마을,2024-01-24,19400,84.652,7,2010,상봉대룡길
이지더원,2024-01-26,38900,73.2086,5,2018,초장로
상봉2,2024-01-16,8500,53.85,2,1986,진주성로147번길
혁신도시엘에이치아파트9단지,2024-01-28,31100,59.97,6,2017,사들로
진주혁신도시센텀리버파크,2024-01-13,38500,84.95,10,2013,사들로
한림풀에버,2024-01-25,39000,84.9644,8,2015,소호로
진주혁신도시중흥에스-클래스센트럴시티2단지,2024-01-29,48000,84.9815,4,2020,에나로
대화리네르빌,2024-01-27,22800,82.3136,3,2007,진주대로
들말대경,2024-01-24,17000,59.595,1,1998,석갑로53번길
평거휴먼시아4단지,2024-01-26,35300,84.95,4,2011,새평거로
금산흥한골든빌,2024-01-19,8200,48.31,15,2002,금산로
진주초전푸르지오1단지,2024-01-26,48500,134.68,15,2009,초장로14번길
진주혁신도시중흥에스-클래스더프라임,2024-01-23,65200,110.6238,10,2019,소호로19번길
진주초전푸르지오2단지,2024-01-28,40000,101.977,5,2010,초장로14번길
현대,2024-01-29,20600,59.92,16,2000,진주대로815번길
금호석류,2024-01-22,28000,84.87,15,1999,강남로
현대,2024-01-24,19800,59.92,2,2000,진주대로815번길
뉴월드행복마을,2024-01-29,14800,83.2382,8,2007,월아산로1088번길
금호석류,2024-01-30,26000,84.87,17,1999,강남로
진주문산파란채,2024-01-28,21900,84.9015,10,2010,월아산로1048번길
진주문산파란채,2024-01-28,21900,84.9015,10,2010,월아산로1048번길
진주초장엠코타운더이스턴파크,2024-01-24,28900,59.9983,10,2014,초북로
진주혁신도시센텀리버파크,2024-01-27,39000,84.83,9,2013,사들로
진주초전푸르지오2단지,2024-01-13,43250,125.029,5,2010,초장로14번길
주공그린빌,2024-01-26,22000,59.27,8,2005,내동로348번길
진주혁신도시중흥에스-클래스더퍼스트,2024-01-25,85000,113.4763,13,2020,충의로
금산아이파크,2024-01-27,25000,115.68,18,2004,중천로
삼전,2024-01-20,9150,71.45,1,1988,남강로
진주혁신도시중흥에스-클래스센트럴시티4단지,2024-01-27,52000,84.9815,11,2020,에나로175번길
금산느티나무,2024-01-09,12500,59.42,1,2003,중천로
엠코타운더프라하,2024-01-28,85000,153.29,6,2014,새평거로
금산흥한골든빌,2024-01-22,13500,73.61,3,2002,금산로
금산흥한골든빌,2024-01-27,9800,58.12,13,2002,금산로
혁신도시엘에이치아파트9단지,2024-01-29,31500,59.97,6,2017,사들로
포레나신진주,2024-01-17,43500,84.9543,29,2019,진주역로96번길
올림피아골든맨션,2024-01-24,14000,104.8,1,1989,모덕로270번길
금산흥한골든빌,2024-01-22,6300,37.84,13,2002,금산로
도운,2024-01-15,6500,53.39,3,1986,남강로
들말흥한타운,2024-01-27,18600,59.871,6,1998,석갑로
주공그린빌,2024-01-23,17000,51.74,6,2005,내동로348번길
망경한보타운,2024-01-20,16000,84.82,20,1997,망경로
금산흥한골든빌,2024-01-28,7800,48.31,11,2002,금산로
가좌주공2차,2024-01-29,9000,38.64,3,1993,가호로
한림풀에버,2024-01-27,44000,84.9644,24,2015,소호로
진주혁신코오롱하늘채,2024-01-21,36700,84.95,4,2014,사들로
힐스테이트초전,2024-01-19,46500,84.9196,19,2019,초북로
진흥더루벤스,2024-01-11,19100,84.9968,2,2009,금산로
가좌주공1차,2024-01-25,13300,41.3,6,1993,가호로
신안주공2,2024-01-26,12200,49.97,15,1996,신안들말길
주공그린빌,2024-01-20,16700,51.74,18,2005,내동로348번길
엠코타운더프라하,2024-01-24,42000,84.933,7,2014,새평거로
엠코타운더프라하,2024-01-24,41900,84.9651,12,2014,새평거로
진주센트럴자이,2024-01-15,35700,84.956,18,2013,도동천로
금산흥한골든빌,2024-01-11,17000,73.61,14,2002,금산로
진주혁신도시센텀리버파크,2024-01-25,37700,84.95,13,2013,사들로
금산아이파크,2024-01-12,20000,84.17,4,2004,중천로
신안주공3,2024-01-26,12750,49.96,6,1997,석갑로
진주(가동),2024-01-23,6900,74.98,4,1988,모덕로181번길
주공그린빌,2024-01-03,21300,59.27,20,2005,내동로348번길
금산아이파크,2024-01-10,21700,84.17,16,2004,중천로
현대,2024-01-20,30000,103.94,12,2000,진주대로815번길
현대,2024-01-17,26500,84.96,18,2000,진주대로815번길
엠코타운더프라하,2024-01-20,45000,84.933,27,2014,새평거로
진주혁신도시중흥에스-클래스센트럴시티2단지,2024-01-20,64000,117.7407,9,2020,에나로
혁신도시엘에이치아파트8단지,2024-01-24,29800,59.97,19,2015,사들로
시티프라디움,2024-01-24,45000,84.9941,36,2020,진주역로
평거휴먼시아4단지,2024-01-20,34900,84.95,11,2011,새평거로
하대주공,2024-01-23,8600,36.2,1,1982,상대로
센트렐웰가,2024-01-17,36000,59.4732,3,2018,진주역로73번길
신안주공3,2024-01-24,16700,59.8,4,1997,석갑로
들말흥한타운,2024-01-17,18100,59.871,15,1998,석갑로
동일스위트,2024-01-12,25200,84.9164,13,2008,공단로
동일스위트,2024-01-24,24000,84.9164,11,2008,공단로
동일스위트,2024-01-17,26500,84.9164,18,2008,공단로
진주혁신코오롱하늘채,2024-01-16,37500,84.95,13,2014,사들로
진주혁신코오롱하늘채,2024-01-21,36800,84.95,5,2014,사들로
진주혁신도시중흥에스-클래스더프라임,2024-01-10,51000,84.9858,24,2019,소호로19번길
두산위브,2024-01-06,23200,84.991,5,2009,중장로154번길
동국강변타워2,2024-01-23,11400,83.75,9,1992,돗골로19번길
현대,2024-01-20,13500,59.89,19,1996,하대로
진주혁신도시중흥에스-클래스더프라임,2024-01-20,52000,84.9912,23,2019,소호로19번길
평거휴먼시아3단지,2024-01-06,36500,84.95,3,2011,새평거로
초전흥한,2024-01-11,24000,103.99,2,2001,초전남로
금산흥한골든빌,2024-01-13,8000,48.31,6,2002,금산로
삼환나우빌,2024-01-23,53400,129.138,11,2009,진주대로829번길
진주문산코아루,2024-01-23,30050,115.8775,12,2010,월아산로1117번길
진주혁신도시대방노블랜드더캐슬아파트,2024-01-10,60600,84.9474,12,2018,사들로
더퀸즈웰가,2024-01-23,54000,100.6401,3,2015,새평거로
이지더원,2024-01-22,46200,84.9614,9,2018,초장로
한보은빛마을,2024-01-21,26100,84.86,6,2002,천수로
신안주공3,2024-01-20,17800,59.8,13,1997,석갑로
금산흥한골든빌,2024-01-18,5900,37.84,3,2002,금산로
평거현대1,2024-01-23,14600,59.4,13,1993,평거로115번길
삼환나우빌,2024-01-20,50500,129.138,2,2009,진주대로829번길
현대,2024-01-20,14500,84.99,10,1991,모덕로181번길
진주푸르지오1단지,2024-01-22,22500,84.9414,13,2007,덕의길
두산위브,2024-01-15,22700,84.995,10,2009,중장로154번길
진주초장엠코타운더이스턴파크,2024-01-22,32000,73.6669,8,2014,초북로
진주초장엠코타운더이스턴파크,2024-01-22,40500,101.5255,22,2014,초북로
진주혁신도시센텀리버파크,2024-01-23,39000,84.88,13,2013,사들로
진주혁신도시중흥에스-클래스더프라임,2024-01-20,51700,84.9858,6,2019,소호로19번길
진주혁신도시중흥에스-클래스더프라임,2024-01-20,50500,84.9912,19,2019,소호로19번길
진주정촌대경파미르,2024-01-20,32800,84.9426,13,2019,삼일로106번길
진주혁신도시중흥에스-클래스센트럴시티3단지,2024-01-20,52000,84.8046,18,2020,에나로175번길
혁신도시엘에이치아파트9단지,2024-01-22,32700,59.97,20,2017,사들로
진주강남동일동미라주,2024-01-02,35250,84.9831,34,2021,진주대로891번길
현대,2024-01-21,18400,84.945,5,1992,진양호로51번길
가호에일린의뜰,2024-01-18,35000,77.8216,5,2012,강변길
평거현대2,2024-01-20,24000,84.832,1,1994,신안들말길
신안주공1,2024-01-13,28500,84.91,14,1998,신안들말길
신안주공3,2024-01-06,15700,59.8,8,1997,석갑로
대경아르떼빌,2024-01-20,12700,38.09,6,2002,동부로67번길
하영그린맨션,2024-01-22,10000,62.85,6,1992,진양호로97번길
진주센트럴자이,2024-01-21,32200,84.956,3,2013,도동천로
한림풀에버,2024-01-21,42200,84.9088,19,2015,소호로
금산흥한골든빌,2024-01-18,12000,58.12,9,2002,금산로
벽산블루밍(구)동신,2024-01-14,6500,52.53,1,1993,진양호로125번길
대동디지털황토,2024-01-18,24000,84.8805,9,2003,가호로44번길
한보타워(하대1차),2024-01-09,6300,37.66,11,1992,모덕로306번길
현대,2024-01-09,22800,59.92,13,2000,진주대로815번길
스카이시티프라디움,2024-01-06,46000,84.9898,3,2019,개양로
금산흥한골든빌,2024-01-19,8400,48.31,4,2002,금산로
신안주공3,2024-01-18,15300,59.8,5,1997,석갑로
포레나신진주,2024-01-10,45000,84.9515,6,2019,진주역로96번길
가좌주공2차,2024-01-19,10400,38.64,3,1993,가호로
힐스테이트초전,2024-01-12,46500,84.9196,31,2019,초북로
금산느티나무,2024-01-06,13500,59.42,15,2003,중천로
한주맨션,2024-01-13,7500,68.31,5,1987,북장대로6번길
센트렐웰가,2024-01-16,37300,59.45,14,2018,진주역로73번길
금산흥한골든빌,2024-01-11,6100,37.84,10,2002,금산로
힐스테이트초전,2024-01-17,42600,84.9196,22,2019,초북로
삼성,2024-01-03,16200,59.886,6,1996,동부로43번길
진주문산파란채,2024-01-16,22000,84.8829,10,2010,월아산로1048번길
현대,2024-01-17,20500,59.92,11,2000,진주대로815번길
진주초전푸르지오1단지,2024-01-06,44500,121.144,24,2009,초장로14번길
진주혁신코오롱하늘채,2024-01-17,38000,84.95,18,2014,사들로
동진주맨션,2024-01-11,9700,65.2,1,1985,동진로
혁신도시엘에이치아파트9단지,2024-01-18,32000,59.97,18,2017,사들로
초전흥한,2024-01-12,23800,84.68,12,2001,초전남로
진주혁신도시중흥에스-클래스센트럴시티2단지,2024-01-08,70000,117.7407,17,2020,에나로
대화리네르빌,2024-01-12,22000,82.3136,9,2007,진주대로
진주초전푸르지오2단지,2024-01-12,49700,125.029,19,2010,초장로14번길
더퀸즈웰가,2024-01-17,30900,58.7908,5,2015,새평거로
혁신도시엘에이치아파트9단지,2024-01-10,32000,59.97,18,2017,사들로
들말대경,2024-01-16,22000,84.99,1,1998,석갑로53번길
진주초장엠코타운더이스턴파크,2024-01-13,33500,73.6669,21,2014,초북로
대경강남타운,2024-01-04,17000,68.91,13,1997,진주대로891번길
현대금빛마을,2024-01-15,7600,59.28,15,2000,진산로
진주푸르지오1단지,2024-01-13,22500,84.9414,13,2007,덕의길
삼성,2024-01-03,16200,59.886,6,1996,동부로43번길
진주혁신코오롱하늘채,2024-01-14,37000,84.95,11,2014,사들로
청구타운,2024-01-14,15000,59.99,11,1997,대신로475번길
두산위브,2024-01-15,21700,84.994,13,2009,중장로154번길
원정로얄팰리스,2024-01-13,31000,97.75,5,2005,진양호로225번길
현대,2024-01-02,20500,84.93,17,1996,하대로
엠코타운더프라하,2024-01-15,45000,84.933,17,2014,새평거로
삼환나우빌,2024-01-09,53500,129.138,17,2009,진주대로829번길
하대주공,2024-01-13,10500,44.3,4,1982,상대로
금산느티나무,2024-01-11,13900,59.42,7,2003,중천로
신안주공3,2024-01-14,15900,59.8,7,1997,석갑로
들말한보타운,2024-01-15,20000,59.8,12,1997,평거로39번길
진주평거우방아이유쉘스카이팰리스,2024-01-13,42400,84.0198,18,2019,진양호로
진주초장엠코타운더이스턴파크,2024-01-03,36500,101.828,2,2014,초북로
상대한보타운,2024-01-13,24800,83.52,3,2002,도동천로
진주정촌대경파미르,2024-01-13,32000,84.9426,16,2019,삼일로106번길
한주럭키타운,2024-01-09,20800,76.58,4,1990,진주대로
흥한타운2,2024-01-10,16100,59.935,15,1995,평거로139번길
진주평거우방아이유쉘스카이팰리스,2024-01-13,43000,84.8954,21,2019,진양호로
한보은빛마을,2024-01-10,31000,109.17,10,2002,천수로
미르젠,2024-01-12,14900,48.06,5,2017,하대로26번길
초전해모로루비채4단지,2024-01-12,41000,100.8994,18,2014,초북로
한보(하대3차),2024-01-01,10100,58.5,10,1993,남강로
진주혁신코오롱하늘채,2024-01-07,35000,84.95,3,2014,사들로
들말한보타운,2024-01-08,17400,59.8,1,1997,평거로39번길
이지더원,2024-01-06,37400,73.2086,3,2018,초장로
평거하우스토리,2024-01-10,45000,108.57,8,2009,진양호로239번길
진주우방아이유쉘,2024-01-14,30000,84.9578,18,2017,삼일로
포레나신진주,2024-01-14,46700,84.9515,30,2019,진주역로96번길
금산흥한골든빌,2024-01-12,7200,48.31,3,2002,금산로
진주혁신도시대방노블랜드더캐슬아파트,2024-01-03,60000,84.9899,15,2018,사들로
더퀸즈웰가,2024-01-06,31500,58.4018,4,2015,새평거로
초전해모로루비채2단지,2024-01-10,33000,74.9798,13,2014,초북로
들말한보타운,2024-01-05,18700,59.8,4,1997,평거로39번길
초전해모로루비채2단지,2024-01-04,37900,84.9671,11,2014,초북로
진주혁신도시라온프라이빗아파트,2024-01-10,51000,84.9087,4,2017,대밭골로
현대,2024-01-03,28500,125.25,11,1989,천수로
진주혁신도시중흥에스-클래스센트럴시티3단지,2024-01-04,60000,99.8723,23,2020,에나로175번길
엠코타운더프라하,2024-01-11,69900,119.7937,25,2014,새평거로
주공그린빌,2024-01-12,27000,84.9,13,2005,내동로348번길
평거휴먼시아3단지,2024-01-08,39000,84.95,9,2011,새평거로
더퀸즈웰가,2024-01-03,33000,58.4018,23,2015,새평거로
진주문산파란채,2024-01-10,22500,84.9015,2,2010,월아산로1048번길
엠코타운더프라하,2024-01-11,40500,84.933,27,2014,새평거로
신안주공3,2024-01-05,16200,59.8,13,1997,석갑로
들말흥한타운,2024-01-09,31500,99.85,3,1998,석갑로
한성빌라,2024-01-11,10000,76.28,3,2001,대신로307번길
진주초장엠코타운더이스턴파크,2024-01-09,32900,73.6669,11,2014,초북로
현대,2024-01-06,31000,102.68,8,2000,진주대로815번길
현대금빛마을,2024-01-10,9000,84.876,6,2000,진산로
경남빌라나동(238-2),2024-01-08,6900,77.21,3,1990,숙호산로
진주혁신도시라온프라이빗아파트,2024-01-07,43700,84.8922,2,2017,대밭골로
진주초전푸르지오2단지,2024-01-05,43200,125.029,8,2010,초장로14번길
일신,2024-01-09,10500,75.78,12,1991,하대로34번길
진주초전푸르지오2단지,2024-01-06,45000,125.029,11,2010,초장로14번길
현대성우트리팰리스,2024-01-08,30000,134.53,7,2006,진주대로879번길
힐스테이트초전,2024-01-01,45000,84.9196,21,2019,초북로
진주초전푸르지오1단지,2024-01-08,35000,84.77,14,2009,초장로14번길
힐스테이트초전,2024-01-06,43000,84.9351,6,2019,초북로
흥한스위트,2024-01-03,17600,84.86,9,1998,신안로
들말흥한타운,2024-01-06,36700,125.61,10,1998,석갑로
주공그린빌,2024-01-07,17300,51.74,15,2005,내동로348번길
진주정촌대경파미르,2024-01-06,31500,84.9625,14,2019,삼일로106번길
현대,2024-01-03,20500,59.92,9,2000,진주대로815번길
진주초전푸르지오1단지,2024-01-07,38300,84.77,18,2009,초장로14번길
진주문산파란채,2024-01-05,26000,84.9015,7,2010,월아산로1048번길
엠코타운더프라하,2024-01-07,42400,84.933,28,2014,새평거로
초전해모로루비채2단지,2024-01-04,29750,74.9798,3,2014,초북로
진주혁신도시라온프라이빗아파트,2024-01-04,48000,84.9087,6,2017,대밭골로
청구타운,2024-01-04,15000,59.99,11,1997,대신로475번길
진주정촌대경파미르,2024-01-04,33000,84.9625,17,2019,삼일로106번길
청구타운,2024-01-03,22000,84.98,10,1997,대신로475번길
엠코타운더프라하,2024-01-03,85500,153.2116,19,2014,새평거로
가좌주공1차,2024-01-03,14500,49.94,11,1993,가호로
한보힐타워,2024-01-02,8400,55.89,5,1992,상대로143번길
현대,2024-02-20,20000,84.93,13,1996,하대로
현대,2024-02-15,21450,84.955,8,1997,초전남로
센트렐웰가,2024-02-29,48900,84.9222,14,2018,진주역로73번길
초전해모로루비채4단지,2024-02-19,36300,84.9671,7,2014,초북로
두산위브,2024-02-27,22300,84.991,3,2009,중장로154번길
진주혁신도시대방노블랜드더캐슬아파트,2024-02-27,70500,104.8302,13,2018,사들로
한림풀에버,2024-02-03,41500,84.9644,1,2015,소호로
진주혁신도시중흥에스-클래스센트럴시티2단지,2024-02-22,50000,84.9815,21,2020,에나로
망경한보타운,2024-02-28,12400,59.44,12,1997,망경로
현대,2024-02-28,18650,59.92,1,2000,진주대로815번길
진주혁신도시대방노블랜드더캐슬아파트,2024-02-27,70500,104.8302,13,2018,사들로
동일스위트,2024-02-26,25300,84.9164,16,2008,공단로
두산위브,2024-02-27,22300,84.991,3,2009,중장로154번길
가좌주공2차,2024-02-29,11500,38.64,7,1993,가호로
평거현대1,2024-02-19,13700,59.4,10,1993,평거로115번길
들말대경,2024-02-24,17500,59.595,6,1998,석갑로53번길
신안주공3,2024-02-29,11000,49.96,6,1997,석갑로
들말대경,2024-02-08,14700,59.595,1,1998,석갑로53번길
현대,2024-02-20,20000,84.93,13,1996,하대로
현대,2024-02-20,20000,84.93,13,1996,하대로
한보타운,2024-02-21,11750,59.94,11,1993,진양호로97번길
진주초전푸르지오1단지,2024-02-21,33000,84.77,6,2009,초장로14번길
진주혁신도시대방노블랜드더캐슬아파트,2024-02-26,69500,103.3591,22,2018,사들로
금산e편한세상,2024-02-19,28500,125.5173,13,2008,금산순환로80번길
초전해모로루비채4단지,2024-02-19,36300,84.9671,7,2014,초북로
평거현대2,2024-02-27,20500,84.832,1,1994,신안들말길
스카이시티프라디움,2024-02-28,32243,84.991,12,2019,개양로
원정로얄팰리스,2024-02-20,27000,97.75,19,2005,진양호로225번길
대영,2024-02-19,13000,84.86,8,1992,말티고개로
들말대경,2024-02-14,19400,59.595,14,1998,석갑로53번길
현대,2024-02-18,21700,59.92,6,2000,진주대로815번길
남강휴먼빌,2024-02-27,39800,120.5794,14,2010,순환로
시티프라디움,2024-02-25,55000,84.9941,39,2020,진주역로
더퀸즈웰가,2024-02-14,40000,75.6705,11,2015,새평거로
동신,2024-02-19,7000,59.92,10,1992,광제산로
주공그린빌,2024-02-26,15300,51.74,2,2005,내동로348번길
이현하이클래스웰가,2024-02-16,32000,84.07,19,2008,진주대로
동일스위트,2024-02-29,24500,84.9164,12,2008,공단로
주공그린빌,2024-02-28,16400,51.74,7,2005,내동로348번길
대림,2024-02-23,14900,72.238,10,1991,도동천로
남강한주,2024-02-26,13200,59.94,5,2000,남강로736번길
진주혁신도시중흥에스-클래스더퍼스트,2024-02-24,69500,99.864,6,2020,충의로
들말흥한타운,2024-02-29,20000,59.871,12,1998,석갑로
촉석맨션,2024-02-24,11000,82.08,4,1980,솔밭로92번길
동신3동,2024-02-28,6400,77.55,4,1989,숙호산로
진주우방아이유쉘,2024-02-29,31450,84.9578,11,2017,삼일로
망경한보타운,2024-02-19,14000,76.34,2,1997,망경로
진주혁신도시중흥에스-클래스더프라임,2024-02-28,47000,84.9858,2,2019,소호로19번길
금산흥한골든빌,2024-02-29,12500,58.12,8,2002,금산로
평거휴먼시아3단지,2024-02-24,38500,84.95,4,2011,새평거로
들말대경,2024-02-26,17850,59.595,1,1998,석갑로53번길
진주푸르지오2단지,2024-02-29,21700,84.9726,5,2007,덕의길
현대,2024-02-29,15000,59.89,11,1996,하대로
대림,2024-02-26,15000,72.238,5,1991,도동천로
이현주공,2024-02-29,12700,49.22,1,1983,서장대로
화광비발디,2024-02-24,18700,84.6132,7,2007,중천로67번길
태완노블리안,2024-02-27,8000,59.9801,3,2007,공치고개길
한보힐타워,2024-02-14,8000,56.94,6,1992,상대로143번길
초전해모로루비채4단지,2024-02-29,37300,84.9908,19,2014,초북로
진주초전푸르지오1단지,2024-02-24,43800,121.144,20,2009,초장로14번길
혁신도시엘에이치아파트8단지,2024-02-24,31400,59.96,10,2015,사들로
상평국민1차,2024-02-13,3900,44.7,5,1990,남강로1093번길
대동디지털황토,2024-02-15,29450,84.8805,7,2003,가호로44번길
신안주공2,2024-02-29,11500,39.99,10,1996,신안들말길
진주초장엠코타운더이스턴파크,2024-02-28,38000,101.5255,8,2014,초북로
두산위브,2024-02-24,22300,84.994,15,2009,중장로154번길
남강휴먼빌,2024-02-17,30500,84.9499,13,2010,순환로
진주혁신도시중흥에스-클래스더프라임,2024-02-13,54500,97.7268,4,2019,소호로19번길
상평동신,2024-02-21,5500,28.56,15,1997,돗골로117번길
진주강남동일동미라주,2024-02-20,38000,84.9806,11,2021,진주대로891번길
진주혁신도시센텀리버파크,2024-02-29,41800,84.95,3,2013,사들로
휴앤인엘리시움,2024-02-26,42500,84.8578,11,2019,에나로
금산e편한세상,2024-02-25,28400,121.9893,22,2008,금산순환로80번길
들말한보타운,2024-02-28,26300,84.98,1,1997,평거로39번길
동신,2024-02-28,13950,84.6,15,1992,광제산로
벽산블루밍(구)동신,2024-02-15,8000,52.53,11,1993,진양호로125번길
망경한보타운,2024-02-26,15000,84.82,4,1997,망경로
가좌주공1차,2024-02-29,13800,41.3,4,1993,가호로
덕산,2024-02-19,9450,59.73,19,1995,서장대로178번길
들말대경,2024-02-17,24800,76.23,5,1998,석갑로53번길
두산위브,2024-02-24,21000,84.991,2,2009,중장로154번길
현대금빛마을,2024-02-17,10000,84.876,4,2000,진산로
포레나신진주,2024-02-14,43800,84.9543,10,2019,진주역로96번길
진주푸르지오1단지,2024-02-16,22500,84.9414,10,2007,덕의길
일진스위트포레강남,2024-02-29,26200,58.9514,12,2021,망경로
한주럭키타운,2024-02-14,25000,84.81,11,1990,진주대로
엠코타운더프라하,2024-02-15,43000,84.933,10,2014,새평거로
현대,2024-02-26,21800,59.92,16,2000,진주대로815번길
포레나신진주,2024-02-29,48500,84.9543,28,2019,진주역로96번길
대동디지털황토,2024-02-26,26300,84.8805,5,2003,가호로44번길
금산e편한세상,2024-02-20,28400,121.9893,7,2008,금산순환로80번길
이현하이클래스웰가,2024-02-25,27200,75.07,16,2008,진주대로
망경한보타운,2024-02-27,13400,76.34,4,1997,망경로
혁신도시엘에이치아파트8단지,2024-02-17,32000,59.97,15,2015,사들로
현대,2024-02-27,12500,59.89,25,1996,하대로
건영아모리움,2024-02-29,32000,79.5826,20,2017,진양호로225번길
신안원정그린빌,2024-02-22,18000,78.54,5,2002,촉석로50번길
진주초전푸르지오1단지,2024-02-17,35750,84.77,19,2009,초장로14번길
스카이시티프라디움,2024-02-29,43000,84.991,21,2019,개양로
혁신도시엘에이치아파트8단지,2024-02-26,28200,59.97,3,2015,사들로
이현주공,2024-02-27,11000,49.22,3,1983,서장대로
한보타운,2024-02-19,12000,59.94,15,1993,진양호로97번길
국민3차,2024-02-29,6700,59.35,1,1990,남강로1069번길
하영무지개맨션,2024-02-26,12600,83.7,8,1993,진양호로
평거대화리네르빌,2024-02-24,16050,68.88,2,2004,순환로559번길
스카이시티프라디움,2024-02-24,43400,84.9818,30,2019,개양로
금산e편한세상,2024-02-26,25500,84.9746,7,2008,금산순환로80번길
시티프라디움,2024-02-16,47500,84.9941,21,2020,진주역로
더퀸즈웰가,2024-02-14,52000,100.8805,26,2015,새평거로
상봉2,2024-02-17,9400,61.77,3,1986,진주성로147번길
삼호맨션,2024-02-29,7000,56.26,2,1990,하대로106번길
한림풀에버,2024-02-23,45800,84.9644,20,2015,소호로
한주럭키타운,2024-02-24,20700,84.81,2,1990,진주대로
진주혁신도시라온프라이빗아파트,2024-02-29,47500,84.8922,6,2017,대밭골로
진주혁신도시대방노블랜드더캐슬아파트,2024-02-26,67200,104.8302,6,2018,사들로
진주혁신도시대방노블랜드더캐슬아파트,2024-02-05,60600,84.9899,14,2018,사들로
진주평거우방아이유쉘스카이팰리스,2024-02-26,45900,84.2136,31,2019,진양호로
진주문산코아루,2024-02-21,36200,115.8775,8,2010,월아산로1117번길
혁신도시엘에이치아파트9단지,2024-02-21,32000,59.97,8,2017,사들로
대동디지털황토,2024-02-24,24500,84.6814,15,2003,가호로44번길
경남빌라다동(240-0),2024-02-24,6500,66.24,1,1991,숙호산로
진주정촌대경파미르,2024-02-17,26650,66.6161,18,2019,삼일로106번길
진주빌라맨션,2024-02-24,6800,82.3,5,1989,서장대로213번길
대림맨션,2024-02-22,8300,82.77,5,1987,서장대로393번길
들말대경,2024-02-19,33000,123.255,8,1998,석갑로53번길
진주정촌대경파미르,2024-02-19,26200,66.6161,7,2019,삼일로106번길
청구타운,2024-02-23,25000,84.98,5,1997,대신로475번길
진주혁신도시중흥에스-클래스센트럴시티4단지,2024-02-20,52700,84.9815,18,2020,에나로175번길
들말대경,2024-02-29,18300,59.595,3,1998,석갑로53번길
혁신도시엘에이치5단지,2024-02-29,37000,84.95,6,2014,충의로
평거주공1차,2024-02-24,10000,39.3,4,1988,진양호로185번길
힐스테이트초전,2024-02-26,45000,84.9196,12,2019,초북로
망경한보타운,2024-02-05,17500,84.82,18,1997,망경로
현대,2024-02-19,18000,117.84,6,1991,모덕로181번길
현대,2024-02-17,25500,84.96,1,2000,진주대로815번길
평거주공1차,2024-02-28,10000,39.3,4,1988,진양호로185번길
혁신도시엘에이치아파트8단지,2024-02-22,28500,59.97,5,2015,사들로
센트렐웰가,2024-02-29,48900,84.9222,14,2018,진주역로73번길
들말한보타운,2024-02-20,30750,84.98,7,1997,평거로39번길
금산흥한골든빌,2024-02-07,11000,58.12,2,2002,금산로
진주강남동일동미라주,2024-02-22,36500,84.9806,14,2021,진주대로891번길
진주혁신코오롱하늘채,2024-02-28,39300,84.95,14,2014,사들로
혁신도시엘에이치아파트8단지,2024-02-20,30000,59.97,18,2015,사들로
혁신도시엘에이치아파트8단지,2024-02-19,29800,59.97,16,2015,사들로
진주초전푸르지오1단지,2024-02-19,41600,101.977,23,2009,초장로14번길
진주정촌대경파미르,2024-02-01,33500,84.9426,17,2019,삼일로106번길
금산흥한골든빌,2024-02-28,11600,58.12,5,2002,금산로
허브플러스빌,2024-02-16,14000,81.5,4,2004,대신로299번길
대화리네르빌,2024-02-28,17700,84.6974,5,2001,천수로298번길
평거휴먼시아4단지,2024-02-02,29000,59.98,4,2011,새평거로
진주혁신도시센텀리버파크,2024-02-25,35000,75.97,7,2013,사들로
진주혁신도시대방노블랜드더캐슬아파트,2024-02-20,71500,103.9623,7,2018,사들로
한보힐타워,2024-02-22,8900,56.94,7,1992,상대로143번길
화인,2024-02-26,9700,83.435,14,1994,상봉대룡길
신안주공1,2024-02-19,26800,84.98,1,1998,신안들말길
엠코타운더프라하,2024-02-18,43500,84.933,33,2014,새평거로
주공그린빌,2024-02-26,16350,51.74,2,2005,내동로348번길
금호석류,2024-02-08,26300,84.87,17,1999,강남로
혁신도시엘에이치아파트8단지,2024-02-27,29000,59.97,16,2015,사들로
진주혁신코오롱하늘채,2024-02-27,39400,84.95,20,2014,사들로
동국한양빌라,2024-02-27,9400,84.6,13,1992,월아산로
현대,2024-02-17,11800,59.89,1,1996,하대로
더퀸즈웰가,2024-02-14,39500,75.4984,11,2015,새평거로
진주정촌대경파미르,2024-02-15,26000,66.6161,12,2019,삼일로106번길
망경한보타운,2024-02-13,13500,76.34,8,1997,망경로
혁신도시엘에이치아파트8단지,2024-02-20,29700,59.97,13,2015,사들로
진주혁신코오롱하늘채,2024-02-20,36000,84.95,14,2014,사들로
혁신도시엘에이치아파트9단지,2024-02-22,33000,59.97,22,2017,사들로
초전해모로루비채4단지,2024-02-21,36300,84.9908,10,2014,초북로
칠암대덕,2024-02-26,13600,59.97,11,2004,진주대로942번길
진주정촌대경파미르,2024-02-05,33800,84.9426,16,2019,삼일로106번길
도동대림,2024-02-19,14000,73.375,6,1992,하대로40번길
들말한보타운,2024-02-26,17000,59.8,11,1997,평거로39번길
현대금빛마을,2024-02-27,7000,59.28,2,2000,진산로
혁신도시엘에이치아파트8단지,2024-02-27,31950,59.97,11,2015,사들로
혁신도시엘에이치아파트8단지,2024-02-13,28800,59.97,2,2015,사들로
한주럭키타운,2024-02-26,21000,76.58,11,1990,진주대로
금산느티나무,2024-02-15,16000,74.88,15,2003,중천로
들말흥한타운,2024-02-19,19000,59.871,11,1998,석갑로
한보타운,2024-02-25,14000,84.87,7,1993,진양호로97번길
진주우방아이유쉘,2024-02-17,32000,84.9578,9,2017,삼일로
진주정촌대경파미르,2024-02-17,30000,84.9625,6,2019,삼일로106번길
시티프라디움,2024-02-23,43950,84.9941,5,2020,진주역로
이현주공,2024-02-19,11000,55.8,5,1983,서장대로
하영파크,2024-02-22,5600,56.74,4,1991,말티고개로100번길
진주혁신도시센텀리버파크,2024-02-26,37400,84.88,2,2013,사들로
들말한보타운,2024-02-26,18000,59.8,6,1997,평거로39번길
금산느티나무,2024-02-17,12500,59.42,17,2003,중천로
힐스테이트초전,2024-02-22,43500,84.9196,26,2019,초북로
신안주공3,2024-02-19,16000,59.8,6,1997,석갑로
두산위브,2024-02-23,22000,84.995,10,2009,중장로154번길
대성주택조합,2024-02-16,6800,62.46,5,1985,모덕로
금산흥한골든빌,2024-02-19,10000,58.12,3,2002,금산로
한보(하대3차),2024-02-08,10000,58.5,14,1993,남강로
진주초장엠코타운더이스턴파크,2024-02-20,29400,59.9983,6,2014,초북로
현대,2024-02-19,34000,102.68,6,2000,진주대로815번길
진주강남동일동미라주,2024-02-21,43000,109.9586,8,2021,진주대로891번길
엠코타운더프라하,2024-02-02,40500,84.9651,26,2014,새평거로
흥한,2024-02-16,8400,84.75,4,1990,선학산길
한보타운,2024-02-25,14000,84.87,7,1993,진양호로97번길
진주강남동일동미라주,2024-02-19,38000,84.9806,24,2021,진주대로891번길
엠코타운더프라하,2024-02-05,46000,84.9651,13,2014,새평거로
엠코타운더프라하,2024-02-19,42300,84.933,2,2014,새평거로
진주혁신코오롱하늘채,2024-02-14,37500,84.95,7,2014,사들로
힐스테이트초전,2024-02-24,42800,84.9351,21,2019,초북로
진주혁신코오롱하늘채,2024-02-24,37400,84.95,8,2014,사들로
들말한보타운,2024-02-15,26300,84.98,1,1997,평거로39번길
신안주공1,2024-02-21,28500,84.98,7,1998,신안들말길
금산느티나무,2024-02-07,16400,84.74,1,2003,중천로
진주혁신도시대방노블랜드더캐슬아파트,2024-02-23,58000,84.9899,15,2018,사들로
진주정촌대경파미르,2024-02-03,26300,66.6161,14,2019,삼일로106번길
진주평거엘크루,2024-02-18,50700,84.9195,11,2016,새평거로
들말흥한타운,2024-02-13,30500,84.89,14,1998,석갑로
한주타운,2024-02-07,20000,156.66,2,1992,진주대로1208번길
진주정촌대경파미르,2024-02-17,30500,84.9426,2,2019,삼일로106번길
진주혁신도시라온프라이빗아파트,2024-02-04,49300,84.8922,16,2017,대밭골로
신안주공3,2024-02-16,16000,59.8,6,1997,석갑로
현대금빛마을,2024-02-13,12000,84.876,12,2000,진산로
진주문산코아루,2024-02-22,29900,84.591,19,2010,월아산로1117번길
초전해모로루비채2단지,2024-02-17,33500,84.9908,2,2014,초북로
금호석류,2024-02-04,39800,122.49,4,1999,강남로
현대,2024-02-15,34000,127.69,5,2000,진주대로815번길
진주혁신도시중흥에스-클래스센트럴시티2단지,2024-02-22,50000,84.9815,21,2020,에나로
들말대경,2024-02-09,25900,84.99,12,1998,석갑로53번길
현대,2024-02-12,30600,84.98,6,2000,진주대로815번길
이현하이클래스웰가,2024-02-02,35000,110.1,14,2008,진주대로
혁신도시엘에이치아파트9단지,2024-02-02,30800,59.97,6,2017,사들로
현대,2024-02-15,21450,84.955,8,1997,초전남로
금산흥한골든빌,2024-02-21,5000,37.84,14,2002,금산로
남강카누빌1,2024-02-22,15000,101.64,2,2001,모덕로
망경한보타운,2024-02-07,13400,59.44,18,1997,망경로
하대주공,2024-02-09,7000,36.2,3,1982,상대로
진주혁신도시중흥에스-클래스센트럴시티3단지,2024-02-01,49500,84.8046,16,2020,에나로175번길
더퀸즈웰가,2024-02-17,37750,75.6705,4,2015,새평거로
현대,2024-02-17,20900,59.92,14,2000,진주대로815번길
더퀸즈웰가,2024-02-13,43300,84.9163,25,2015,새평거로
흥한타운2,2024-02-15,15000,59.935,13,1995,평거로139번길
신익무지개,2024-02-20,7500,59.87,2,1987,숙호산로
진주혁신도시중흥에스-클래스센트럴시티2단지,2024-02-07,48100,84.9815,16,2020,에나로
혁신도시엘에이치5단지,2024-02-17,35300,75.84,14,2014,충의로
포레나신진주,2024-02-15,45300,84.9515,23,2019,진주역로96번길
엠코타운더프라하,2024-02-14,42500,84.933,17,2014,새평거로
그린타운,2024-02-16,8850,59.4,6,1992,석갑로156번길
진주문산코아루,2024-02-14,29600,84.591,6,2010,월아산로1117번길
더퀸즈웰가,2024-02-01,34200,58.4018,24,2015,새평거로
들말대경,2024-02-08,17900,59.595,5,1998,석갑로53번길
남강휴먼빌,2024-02-19,40000,133.0285,20,2010,순환로
가좌주공1차,2024-02-20,15000,49.94,2,1993,가호로
신안주공2,2024-02-20,11600,39.99,12,1996,신안들말길
들말흥한타운,2024-02-17,19000,59.871,7,1998,석갑로
진주혁신도시중흥에스-클래스더프라임,2024-02-17,52700,84.9912,5,2019,소호로19번길
혁신도시엘에이치5단지,2024-02-03,31500,75.84,16,2014,충의로
대림,2024-02-08,16000,79.29,3,1995,말티고개로
진주롯데인벤스,2024-02-20,40000,138.18,14,2008,향교로
한주럭키타운,2024-02-20,30500,150.35,15,1990,진주대로
금산아이파크,2024-02-14,22000,84.17,10,2004,중천로
진흥더루벤스,2024-02-08,25000,122.1795,14,2009,금산로
화인,2024-02-12,7000,65.07,4,1994,상봉대룡길
주공그린빌,2024-02-17,19200,59.27,13,2005,내동로348번길
남강카누빌1,2024-02-19,15000,101.64,2,2001,모덕로
진주혁신도시대방노블랜드더캐슬아파트,2024-02-05,59500,84.9474,18,2018,사들로
주공그린빌,2024-02-17,28000,84.9,12,2005,내동로348번길
주공그린빌,2024-02-04,18200,59.27,4,2005,내동로348번길
진주혁신도시중흥에스-클래스더프라임,2024-02-04,58000,97.7268,7,2019,소호로19번길
진주초전푸르지오1단지,2024-02-03,42000,121.144,21,2009,초장로14번길
진주혁신코오롱하늘채,2024-02-18,37500,84.95,14,2014,사들로
들말대경,2024-02-08,14700,59.595,1,1998,석갑로53번길
들말한보타운,2024-02-17,19500,59.8,10,1997,평거로39번길
진주혁신도시중흥에스-클래스더프라임,2024-02-19,52500,84.9858,13,2019,소호로19번길
더퀸즈웰가,2024-02-19,32000,58.7908,7,2015,새평거로
임광,2024-02-07,10500,58.58,9,1989,모덕로
엠코타운더프라하,2024-02-17,47700,84.933,25,2014,새평거로
금산흥한골든빌,2024-02-01,6000,37.84,13,2002,금산로
진주문산코아루,2024-02-17,29100,84.591,23,2010,월아산로1117번길
대림,2024-02-18,10500,59.91,3,1995,말티고개로
한보(하대3차),2024-02-11,14500,84.97,9,1993,남강로
하대주공,2024-02-14,7500,36.2,1,1982,상대로
금산흥한골든빌,2024-02-03,8500,48.31,8,2002,금산로
진주혁신도시센텀리버파크,2024-02-05,40000,84.95,20,2013,사들로
두산위브,2024-02-17,22500,84.995,13,2009,중장로154번길
진주혁신도시라온프라이빗아파트,2024-02-04,50000,84.8922,5,2017,대밭골로
스카이시티프라디움,2024-02-02,43000,84.9818,33,2019,개양로
한림풀에버,2024-02-18,40000,84.9644,3,2015,소호로
가좌주공1차,2024-02-18,12900,41.3,15,1993,가호로
진주문산파란채,2024-02-09,20800,84.8829,11,2010,월아산로1048번길
더퀸즈웰가,2024-02-01,42900,84.9163,13,2015,새평거로
신안진주맨션,2024-02-16,10300,80.24,2,1990,석갑로142번길
신안주공2,2024-02-15,14700,49.97,12,1996,신안들말길
들말흥한타운,2024-02-14,37700,125.61,6,1998,석갑로
엠코타운더프라하,2024-02-17,47700,84.933,25,2014,새평거로
두산위브,2024-02-02,23600,84.991,16,2009,중장로154번길
제일풍경채,2024-02-02,47000,138.9363,13,2007,가좌안골길21번길
스카이시티프라디움,2024-02-19,46000,84.991,18,2019,개양로
신안주공2,2024-02-07,11000,39.99,15,1996,신안들말길
진주혁신코오롱하늘채,2024-02-03,40500,84.95,8,2014,사들로
신안주공1,2024-02-13,27500,84.98,14,1998,신안들말길
들말흥한타운,2024-02-06,22000,77.391,4,1998,석갑로
신안주공1,2024-02-02,22509,84.98,3,1998,신안들말길
청구타운,2024-02-14,13000,59.99,9,1997,대신로475번길
진주초장엠코타운더이스턴파크,2024-02-02,29300,59.9983,9,2014,초북로
고려,2024-02-14,5300,59.4,3,1994,동부로
현대,2024-02-07,14600,84.99,5,1991,모덕로181번길
하영무지개맨션,2024-02-08,10200,83.7,9,1993,진양호로
대주엘리시안,2024-02-09,12500,58.284,7,2016,동부로1959번길
힐스테이트초전,2024-02-07,48000,91.2066,12,2019,초북로
진주푸르지오2단지,2024-02-07,27200,115.1967,9,2007,덕의길
혁신도시엘에이치아파트9단지,2024-02-05,32400,59.97,21,2017,사들로
평거현대1,2024-02-03,10400,59.4,1,1993,평거로115번길
진주혁신도시중흥에스-클래스더프라임,2024-02-08,51000,84.9912,13,2019,소호로19번길
금호석류,2024-02-15,23900,84.87,4,1999,강남로
현대,2024-02-05,15700,59.89,15,1996,하대로
제일풍경채,2024-02-08,49700,138.9363,6,2007,가좌안골길21번길
한주파크맨션,2024-02-13,12000,59.4,10,1990,남강로
엠코타운더프라하,2024-02-05,46000,84.9651,13,2014,새평거로
대동디지털황토,2024-02-06,24000,84.8805,10,2003,가호로44번길
대동디지털황토,2024-02-06,20500,59.9762,14,2003,가호로44번길
현대금빛마을,2024-02-13,7500,59.28,4,2000,진산로
엠코타운더프라하,2024-02-06,41500,84.9651,16,2014,새평거로
진주혁신도시중흥에스-클래스더프라임,2024-02-13,50000,84.9858,12,2019,소호로19번길
주공그린빌,2024-02-13,17000,51.74,7,2005,내동로348번길
칠암한주타운,2024-02-05,17800,84.725,6,1995,강남로
진주푸르지오1단지,2024-02-09,27000,115.1967,17,2007,덕의길
진주혁신도시중흥에스-클래스더프라임,2024-02-08,51000,84.9912,13,2019,소호로19번길
진주정촌대경파미르,2024-02-05,31500,84.9426,14,2019,삼일로106번길
대경강남타운,2024-02-07,8400,33.6,5,1997,진주대로891번길
초전흥한,2024-02-05,22200,103.99,1,2001,초전남로
엠코타운더프라하,2024-02-05,70700,119.7937,35,2014,새평거로
두산위브,2024-02-03,31000,139.31,13,2009,중장로154번길
더퀸즈웰가,2024-02-03,40200,84.7157,1,2015,새평거로
현대,2024-02-06,15800,59.96,12,1997,초전남로
진주혁신도시중흥에스-클래스더프라임,2024-02-03,50000,84.9912,18,2019,소호로19번길
포레나신진주,2024-02-14,43800,84.9543,10,2019,진주역로96번길
화인,2024-02-08,8600,65.07,3,1994,상봉대룡길
동일스위트,2024-02-08,24100,84.9692,4,2008,공단로
진주혁신코오롱하늘채,2024-02-08,40700,84.95,13,2014,사들로
남강휴먼빌,2024-02-02,32500,84.9376,25,2010,순환로
진주문산파란채,2024-02-13,17000,84.9015,1,2010,월아산로1048번길
초전해모로루비채2단지,2024-02-03,37000,84.9671,16,2014,초북로
가좌주공1차,2024-02-14,15500,49.94,6,1993,가호로
신안주공2,2024-02-03,16150,49.97,8,1996,신안들말길
주공그린빌,2024-02-04,16500,51.74,3,2005,내동로348번길
한림풀에버,2024-02-03,41500,84.9644,1,2015,소호로
덕산,2024-02-08,7400,59.73,1,1995,서장대로178번길
자성빌라트,2024-02-11,5810,84.81,2,2001,나불로
혁신도시엘에이치아파트8단지,2024-02-03,30000,59.96,12,2015,사들로
평거현대2,2024-02-07,16000,59.92,5,1994,신안들말길
상대한보타운,2024-02-07,22400,83.52,5,2002,도동천로
도동대림,2024-02-06,15000,84.23,2,1992,하대로40번길
신안주공2,2024-02-01,15400,59.8,11,1996,신안들말길
스카이시티프라디움,2024-02-08,43900,84.991,10,2019,개양로
진주혁신도시센텀리버파크,2024-02-04,42500,84.95,11,2013,사들로
진주혁신도시중흥에스-클래스더퍼스트,2024-02-04,85000,113.4763,16,2020,충의로
진주정촌대경파미르,2024-02-02,25000,66.6161,20,2019,삼일로106번길
금산흥한골든빌,2024-02-01,6100,37.84,4,2002,금산로
진주문산코아루,2024-02-07,30000,140.208,2,2010,월아산로1117번길
신안주공3,2024-02-05,16400,59.8,5,1997,석갑로
신안주공2,2024-02-03,16800,59.8,14,1996,신안들말길
진주혁신도시중흥에스-클래스센트럴시티4단지,2024-02-07,47000,84.9815,5,2020,에나로175번길
진주혁신도시중흥에스-클래스더프라임,2024-02-07,50000,84.9858,12,2019,소호로19번길
신안주공3,2024-02-02,14500,49.96,10,1997,석갑로
도동대림빌라,2024-02-07,21000,159.38,2,1995,하대로40번길
진흥더루벤스,2024-02-05,19200,84.9865,6,2009,금산로
시티프라디움,2024-02-04,47800,84.9941,18,2020,진주역로
흥한타운2,2024-02-02,14700,59.935,3,1995,평거로139번길
센트렐웰가,2024-02-01,51000,84.8133,30,2018,진주역로73번길
자성빌라트,2024-02-07,9700,84.81,2,2001,나불로
들말흥한타운,2024-02-02,20000,59.871,15,1998,석갑로
신안주공3,2024-02-01,16800,59.8,10,1997,석갑로
동성가든타워,2024-02-06,10900,59.4,16,1994,진주대로
주공그린빌,2024-02-03,21300,59.27,14,2005,내동로348번길
하영그린맨션,2024-02-06,8000,62.85,7,1992,진양호로97번길
진주혁신도시중흥에스-클래스센트럴시티4단지,2024-02-04,48800,84.8046,8,2020,에나로175번길
진주우방아이유쉘,2024-02-05,32000,84.9578,15,2017,삼일로
진주우방아이유쉘,2024-02-03,31000,84.9578,17,2017,삼일로
혁신도시엘에이치아파트8단지,2024-02-03,31000,59.97,17,2015,사들로
진주우방아이유쉘,2024-02-03,30000,84.9578,2,2017,삼일로
남강휴먼빌,2024-02-01,31800,84.9679,6,2010,순환로
상평국민1차,2024-02-03,5300,44.7,2,1990,남강로1093번길
들말흥한타운,2024-02-03,36700,125.61,10,1998,석갑로
흥한타운2,2024-02-03,14700,59.935,3,1995,평거로139번길
진주강남동일동미라주,2024-02-03,28300,75.998,3,2021,진주대로891번길
한보은빛마을,2024-02-01,25500,84.86,5,2002,천수로
진주평거우방아이유쉘스카이팰리스,2024-02-03,42000,84.0198,7,2019,진양호로
금산e편한세상,2024-02-03,23000,84.9746,15,2008,금산순환로80번길
진주평거엘크루,2024-02-03,42700,72.6786,12,2016,새평거로
금산흥한골든빌,2024-02-03,17500,84.88,10,2002,금산로
제일풍경채,2024-02-01,41300,110.7705,11,2007,가좌안골길21번길
평거휴먼시아4단지,2024-02-02,29300,59.98,7,2011,새평거로
한주럭키타운,2024-02-05,21000,84.81,5,1990,진주대로
혁신도시엘에이치아파트9단지,2024-02-05,31800,59.97,10,2017,사들로
금산흥한골든빌,2024-02-02,13400,58.12,11,2002,금산로
일신,2024-02-01,15700,84.66,6,1991,하대로34번길
혁신도시엘에이치아파트9단지,2024-02-02,29900,59.97,2,2017,사들로
진주정촌대경파미르,2024-02-01,33000,84.9625,5,2019,삼일로106번길
신안주공2,2024-02-01,16000,59.8,13,1996,신안들말길
진주문산코아루,2024-02-01,28800,84.9867,18,2010,월아산로1117번길
동일스위트,2024-03-07,24500,84.9692,13,2008,공단로
진주혁신도시중흥에스-클래스센트럴시티3단지,2024-03-07,55300,84.9815,20,2020,에나로175번길
대동디지털황토,2024-03-25,26300,84.6814,4,2003,가호로44번길
현대,2024-03-16,16500,84.55,3,1989,천수로
현대,2024-03-16,16250,117.84,12,1991,모덕로181번길
진주초전푸르지오2단지,2024-03-26,43000,101.977,12,2010,초장로14번길
한주럭키타운,2024-03-20,19500,76.58,9,1990,진주대로
진주혁신도시중흥에스-클래스더프라임,2024-03-21,50700,84.9912,3,2019,소호로19번길
들말한보타운,2024-03-20,19500,59.8,5,1997,평거로39번길
동일스위트,2024-03-10,29200,131.3163,5,2008,공단로
진주혁신도시센텀리버파크,2024-03-09,35800,75.54,6,2013,사들로
화인,2024-03-27,9300,83.435,10,1994,상봉대룡길
한주타운,2024-03-25,22000,125.38,11,1992,진주대로1208번길
삼우빌라,2024-03-29,13000,119.15,1,1989,남강로539번길
동신,2024-03-30,5800,49.72,13,1992,광제산로
이지더원,2024-03-30,53800,113.588,7,2018,초장로
평거현대1,2024-03-26,21800,84.75,10,1993,평거로115번길
금호석류,2024-03-21,23900,84.87,1,1999,강남로
평거하우스토리,2024-03-27,46000,134.1,4,2009,진양호로239번길
진주혁신도시대방노블랜드더캐슬아파트,2024-03-26,61000,84.9474,21,2018,사들로
진주혁신도시중흥에스-클래스더퍼스트,2024-03-23,72000,99.864,6,2020,충의로
한양,2024-03-20,10200,81.36,14,1996,월아산로
진주혁신도시대방노블랜드더캐슬아파트,2024-03-30,58300,84.9474,23,2018,사들로
들말흥한타운,2024-03-29,30000,84.89,15,1998,석갑로
금산아이파크,2024-03-30,24300,100.94,11,2004,중천로
한보하이타운,2024-03-18,9800,55.01,4,1995,순환로553번길
동일스위트,2024-03-20,28800,84.9164,17,2008,공단로
진주혁신도시대방노블랜드더캐슬아파트,2024-03-30,62000,84.9899,10,2018,사들로
센트렐웰가,2024-03-24,42700,75.7795,6,2018,진주역로73번길
원정로얄팰리스,2024-03-20,26400,97.75,8,2005,진양호로225번길
한주럭키타운,2024-03-28,21800,76.58,7,1990,진주대로
상대한보타운,2024-03-27,23000,83.52,14,2002,도동천로
엠코타운더프라하,2024-03-24,42800,84.9651,21,2014,새평거로
주공그린빌,2024-03-27,19500,59.27,15,2005,내동로348번길
들말한보타운,2024-03-22,36000,120.66,8,1997,평거로39번길
현대,2024-03-16,16250,117.84,12,1991,모덕로181번길
상대한주그린,2024-03-28,11000,59.87,6,1999,선학산길
진주강남동일동미라주,2024-03-23,37500,84.9806,21,2021,진주대로891번길
초전해모로루비채4단지,2024-03-26,35800,84.9908,19,2014,초북로
혁신도시엘에이치아파트8단지,2024-03-23,30200,59.97,14,2015,사들로
현대,2024-03-26,20800,84.93,3,1996,하대로
태완노블리안,2024-03-25,7000,59.9801,8,2007,공치고개길
럭키강변,2024-03-30,14400,74.21,8,1991,남강로
진주혁신도시중흥에스-클래스더프라임,2024-03-24,51000,84.9858,6,2019,소호로19번길
이현하이클래스웰가,2024-03-22,28120,75.07,12,2008,진주대로
진주혁신도시중흥에스-클래스더프라임,2024-03-25,73000,110.6238,10,2019,소호로19번길
주공그린빌,2024-03-17,16500,51.74,5,2005,내동로348번길
건영아모리움,2024-03-27,28500,76.0213,12,2017,진양호로225번길
포레나신진주,2024-03-18,44800,84.9543,6,2019,진주역로96번길
진주혁신도시중흥에스-클래스센트럴시티3단지,2024-03-22,61000,99.8146,10,2020,에나로175번길
더퀸즈웰가,2024-03-07,39000,84.9163,2,2015,새평거로
신안주공2,2024-03-28,15200,59.8,13,1996,신안들말길
초전흥한,2024-03-13,22500,84.68,9,2001,초전남로
신안주공1,2024-03-20,27000,84.98,4,1998,신안들말길
대림,2024-03-29,16200,84.44,4,1995,말티고개로
힐스테이트초전,2024-03-18,44400,84.9196,30,2019,초북로
진주초장엠코타운더이스턴파크,2024-03-20,38000,101.5255,5,2014,초북로
흥한타운2,2024-03-26,16200,59.935,8,1995,평거로139번길
진주초전푸르지오1단지,2024-03-26,36500,84.77,17,2009,초장로14번길
서성파라토피아,2024-03-09,18400,147.33,8,1989,진주대로986번길
청구타운,2024-03-13,10800,59.99,1,1997,대신로475번길
한림풀에버,2024-03-24,42500,84.9644,8,2015,소호로
현대,2024-03-29,16400,84.945,7,1992,진양호로51번길
들말한보타운,2024-03-20,19500,59.8,5,1997,평거로39번길
한주한보,2024-03-26,18800,84.14,11,1995,망경로296번길
들말한보타운,2024-03-23,18800,59.8,14,1997,평거로39번길
들말흥한타운,2024-03-27,24700,84.89,2,1998,석갑로
현대,2024-03-16,16500,84.55,3,1989,천수로
진주혁신도시중흥에스-클래스더퍼스트,2024-03-30,72000,99.864,18,2020,충의로
진주정촌대경파미르,2024-03-20,32000,84.9426,10,2019,삼일로106번길
혁신도시엘에이치아파트9단지,2024-03-29,33200,59.97,21,2017,사들로
들말한보타운,2024-03-23,28700,84.98,8,1997,평거로39번길
초전해모로루비채2단지,2024-03-28,36000,84.9671,20,2014,초북로
진주혁신도시대방노블랜드더캐슬아파트,2024-03-22,60500,84.9899,6,2018,사들로
한보은빛마을,2024-03-08,29500,125.12,2,2002,천수로
시티프라디움,2024-03-19,43800,84.9941,9,2020,진주역로
현대,2024-03-28,18100,84.93,24,1996,하대로
하대주공,2024-03-29,10000,35.64,4,1982,상대로
센트렐웰가,2024-03-23,38000,59.4732,25,2018,진주역로73번길
동신,2024-03-11,7100,59.92,8,1992,광제산로
흥한타운2,2024-03-29,15700,59.935,14,1995,평거로139번길
진주혁신도시중흥에스-클래스더프라임,2024-03-29,52500,84.9912,20,2019,소호로19번길
대동디지털황토,2024-03-30,24000,84.6814,2,2003,가호로44번길
대성주택조합,2024-03-29,7500,62.46,4,1985,모덕로
동신,2024-03-18,6800,59.92,7,1992,광제산로
진주혁신도시중흥에스-클래스더퍼스트,2024-03-16,72400,99.864,9,2020,충의로
덕산,2024-03-13,9000,59.73,14,1995,서장대로178번길
진주혁신코오롱하늘채,2024-03-15,36300,84.95,3,2014,사들로
신안주공2,2024-03-26,15000,59.8,3,1996,신안들말길
이지더원,2024-03-09,64000,113.588,18,2018,초장로
흥한타운2,2024-03-26,14500,59.88,14,1995,평거로139번길
진주혁신도시중흥에스-클래스더프라임,2024-03-21,50700,84.9912,3,2019,소호로19번길
금산느티나무,2024-03-20,13000,59.42,14,2003,중천로
힐스테이트초전,2024-03-26,45200,84.9196,4,2019,초북로
한주럭키타운,2024-03-27,24300,84.81,9,1990,진주대로
진주혁신도시중흥에스-클래스더프라임,2024-03-22,52600,84.9912,24,2019,소호로19번길
월산아크로빌,2024-03-25,12000,84.7869,8,2005,공치고개길
진주혁신코오롱하늘채,2024-03-30,35000,84.95,4,2014,사들로
센트렐웰가,2024-03-24,47500,84.9222,12,2018,진주역로73번길
진주혁신도시중흥에스-클래스더프라임,2024-03-21,51500,84.9912,6,2019,소호로19번길
평거현대1,2024-03-26,21800,84.75,10,1993,평거로115번길
진주혁신도시중흥에스-클래스센트럴시티2단지,2024-03-22,51800,84.9815,6,2020,에나로
진주혁신도시중흥에스-클래스더퍼스트,2024-03-25,68200,99.864,10,2020,충의로
진주혁신도시중흥에스-클래스더퍼스트,2024-03-27,68000,99.864,2,2020,충의로
삼전프라자,2024-03-15,10900,59.94,7,1996,도동로
건우,2024-03-07,6900,49.05,3,1986,평거로264번길
진주평거엘크루,2024-03-28,46000,84.9195,10,2016,새평거로
한주파크맨션,2024-03-21,10800,59.4,11,1990,남강로
더퀸즈웰가,2024-03-07,39000,84.9163,2,2015,새평거로
진주초전푸르지오1단지,2024-03-24,42000,134.68,3,2009,초장로14번길
이현하이클래스웰가,2024-03-22,30700,84.07,7,2008,진주대로
한보은빛마을,2024-03-24,27100,109.17,9,2002,천수로
평거휴먼시아3단지,2024-03-10,39700,84.95,7,2011,새평거로
진주초전푸르지오2단지,2024-03-26,43000,101.977,12,2010,초장로14번길
평거현대1,2024-03-27,16000,59.4,11,1993,평거로115번길
진주초전푸르지오2단지,2024-03-20,40000,101.977,3,2010,초장로14번길
진주초전푸르지오2단지,2024-03-16,38500,101.977,1,2010,초장로14번길
신안주공3,2024-03-24,10400,39.99,3,1997,석갑로
진주초전푸르지오2단지,2024-03-16,47700,125.029,6,2010,초장로14번길
금산e편한세상,2024-03-24,27900,121.9893,14,2008,금산순환로80번길
원정로얄팰리스,2024-03-31,27800,97.75,10,2005,진양호로225번길
금산아이파크,2024-03-23,20500,84.17,5,2004,중천로
대동디지털황토,2024-03-30,26300,84.6814,4,2003,가호로44번길
금산흥한골든빌,2024-03-29,18000,84.88,9,2002,금산로
들말대경,2024-03-28,27000,84.99,7,1998,석갑로53번길
금산흥한골든빌,2024-03-25,12800,58.12,13,2002,금산로
대림,2024-03-26,12500,59.91,12,1995,말티고개로
스카이시티프라디움,2024-03-09,49300,84.9898,29,2019,개양로
신안주공3,2024-03-23,17350,59.8,3,1997,석갑로
진주혁신코오롱하늘채,2024-03-23,37500,84.95,16,2014,사들로
진주초전푸르지오2단지,2024-03-15,48000,125.029,22,2010,초장로14번길
동일스위트,2024-03-23,23600,71.7507,6,2008,공단로
센트렐웰가,2024-03-22,50000,84.9222,14,2018,진주역로73번길
상대주공,2024-03-19,8000,41.52,4,1980,상대로
덕산,2024-03-04,13600,84.96,20,1995,서장대로178번길
신안주공3,2024-03-16,15900,59.8,1,1997,석갑로
국민주택,2024-03-30,5000,33.39,6,1992,진양호로97번길
금산흥한골든빌,2024-03-22,14800,73.61,13,2002,금산로
현대,2024-03-11,13800,59.89,8,1996,하대로
금산느티나무,2024-03-26,18200,84.74,16,2003,중천로
주공그린빌,2024-03-30,20850,59.27,9,2005,내동로348번길
삼환나우빌,2024-03-16,52500,129.138,5,2009,진주대로829번길
현대성우트리팰리스,2024-03-16,30200,134.53,6,2006,진주대로879번길
한보타운,2024-03-24,14200,84.6,12,1993,진양호로97번길
진주혁신도시중흥에스-클래스더프라임,2024-03-30,51500,84.9912,2,2019,소호로19번길
진주평거우방아이유쉘스카이팰리스,2024-03-30,38500,84.2136,16,2019,진양호로
진주초전푸르지오2단지,2024-03-24,44500,125.029,6,2010,초장로14번길
가좌주공1차,2024-03-24,14900,49.94,2,1993,가호로
가좌주공1차,2024-03-25,15500,49.94,6,1993,가호로
금산흥한골든빌,2024-03-19,8000,48.31,6,2002,금산로
진주정촌대경파미르,2024-03-23,31000,84.9625,13,2019,삼일로106번길
센트렐웰가,2024-03-22,46900,84.9222,14,2018,진주역로73번길
진주혁신도시중흥에스-클래스더프라임,2024-03-29,52500,84.9912,20,2019,소호로19번길
두산위브,2024-03-16,24800,84.995,11,2009,중장로154번길
진주초전푸르지오2단지,2024-03-22,46500,101.977,3,2010,초장로14번길
미르젠,2024-03-20,13600,46.9,3,2017,하대로26번길
스카이시티프라디움,2024-03-16,47700,84.9898,36,2019,개양로
금산흥한골든빌,2024-03-24,11350,58.12,1,2002,금산로
혁신도시엘에이치아파트8단지,2024-03-17,30500,59.97,9,2015,사들로
한보(하대3차),2024-03-20,10900,58.5,4,1993,남강로
금산흥한골든빌,2024-03-21,18300,84.88,9,2002,금산로
진주혁신도시라온프라이빗아파트,2024-03-29,50900,84.8922,13,2017,대밭골로
한보은빛마을,2024-03-20,32500,109.17,6,2002,천수로
상대한보타운,2024-03-25,17000,75.06,1,2002,도동천로
현대,2024-03-20,30000,102.68,16,2000,진주대로815번길
스카이시티프라디움,2024-03-20,43900,84.9818,8,2019,개양로
한주타운,2024-03-25,14400,59.1,13,1992,진주대로1208번길
한림풀에버,2024-03-21,40500,84.9088,11,2015,소호로
더퀸즈웰가,2024-03-29,39000,84.7157,14,2015,새평거로
진주혁신도시중흥에스-클래스센트럴시티2단지,2024-03-20,51000,84.9815,13,2020,에나로
현대,2024-03-20,15300,59.96,10,1997,초전남로
초전해모로루비채2단지,2024-03-28,35400,84.9908,18,2014,초북로
주공그린빌,2024-03-11,19190,59.27,7,2005,내동로348번길
상대한보타운,2024-03-19,25250,83.52,10,2002,도동천로
동일스위트,2024-03-03,29200,131.3163,5,2008,공단로
현대,2024-03-25,19500,59.92,5,2000,진주대로815번길
이지더원,2024-03-14,39300,73.2086,26,2018,초장로
한주럭키타운,2024-03-20,19500,76.58,9,1990,진주대로
망경한보타운,2024-03-21,15500,84.82,5,1997,망경로
한보은빛마을,2024-03-22,27600,109.17,8,2002,천수로
현대,2024-03-19,19000,59.92,2,2000,진주대로815번길
초전해모로루비채2단지,2024-03-18,34000,84.9671,16,2014,초북로
스카이시티프라디움,2024-03-27,46500,84.991,12,2019,개양로
두산위브,2024-03-23,22400,84.994,13,2009,중장로154번길
현대,2024-03-22,18400,84.945,5,1992,진양호로51번길
초전해모로루비채4단지,2024-03-23,33500,84.9908,3,2014,초북로
힐스테이트초전,2024-03-19,42950,84.9351,10,2019,초북로
한보은빛마을,2024-03-21,28500,109.17,11,2002,천수로
진주푸르지오1단지,2024-03-24,22300,84.9726,6,2007,덕의길
두산위브,2024-03-20,26400,112.397,5,2009,중장로154번길
엠코타운더프라하,2024-03-25,42800,84.9651,21,2014,새평거로
더퀸즈웰가,2024-03-15,35000,65.6733,9,2015,새평거로
더퀸즈웰가,2024-03-15,53000,100.8805,13,2015,새평거로
진주푸르지오1단지,2024-03-22,22400,84.9414,4,2007,덕의길
포레나신진주,2024-03-22,44900,84.9543,21,2019,진주역로96번길
엠코타운더프라하,2024-03-08,43800,84.933,12,2014,새평거로
두산위브,2024-03-21,23400,84.994,8,2009,중장로154번길
삼전,2024-03-20,10500,81.38,4,1988,남강로
남강휴먼빌,2024-03-14,33500,84.9679,29,2010,순환로
금산아이파크,2024-03-11,15400,59.78,6,2004,중천로
주공그린빌,2024-03-13,16600,51.74,6,2005,내동로348번길
금산아이파크,2024-03-26,21700,84.17,13,2004,중천로
화진그린맨션,2024-03-20,8000,74.84,3,1989,상봉대룡길
주공그린빌,2024-03-24,16900,51.74,15,2005,내동로348번길
에스디푸른마을,2024-03-26,19700,84.993,7,2010,상봉대룡길
상봉2,2024-03-12,11500,61.77,4,1986,진주성로147번길
주공그린빌,2024-03-06,18100,59.27,3,2005,내동로348번길
주공그린빌,2024-03-04,19000,59.27,14,2005,내동로348번길
평거하우스토리,2024-03-01,61000,188.86,7,2009,진양호로239번길
진주정촌대경파미르,2024-03-26,25000,84.9426,12,2019,삼일로106번길
스카이시티프라디움,2024-03-23,49800,84.991,32,2019,개양로
현대,2024-03-18,17500,59.92,1,2000,진주대로815번길
힐스테이트초전,2024-03-26,43500,84.9196,5,2019,초북로
한주럭키타운,2024-03-08,22600,84.81,5,1990,진주대로
혁신도시엘에이치아파트9단지,2024-03-21,32650,59.97,16,2017,사들로
진주혁신도시중흥에스-클래스센트럴시티3단지,2024-03-16,55300,99.8146,29,2020,에나로175번길
한림풀에버,2024-03-15,40500,84.9644,11,2015,소호로
현대,2024-03-19,19500,84.945,1,1992,진양호로51번길
가좌주공1차,2024-03-12,15750,49.94,5,1993,가호로
경남빌라다동(240-0),2024-03-24,7500,77.92,4,1991,숙호산로
엠코타운더프라하,2024-03-19,47800,84.933,14,2014,새평거로
진주혁신코오롱하늘채,2024-03-17,35800,75.99,20,2014,사들로
한보타워(하대1차),2024-03-15,6000,37.66,5,1992,모덕로306번길
진주평거우방아이유쉘스카이팰리스,2024-03-14,45500,84.8954,33,2019,진양호로
엠코타운더프라하,2024-03-16,43400,84.933,23,2014,새평거로
현대,2024-03-11,17700,84.93,15,1996,하대로
주공그린빌,2024-03-13,18500,59.27,2,2005,내동로348번길
금산흥한골든빌,2024-03-13,6300,37.84,10,2002,금산로
현대성우트리팰리스,2024-03-22,26100,106.07,7,2006,진주대로879번길
진주초장엠코타운더이스턴파크,2024-03-20,31500,73.556,10,2014,초북로
평거현대2,2024-03-24,17300,59.92,10,1994,신안들말길
대동디지털황토,2024-03-17,24000,84.8805,8,2003,가호로44번길
진주혁신도시대방노블랜드더캐슬아파트,2024-03-13,71000,104.8302,9,2018,사들로
한주럭키타운,2024-03-01,19900,76.58,6,1990,진주대로
상대한보타운,2024-03-17,15600,59.88,16,2002,도동천로
진주혁신도시중흥에스-클래스더퍼스트,2024-03-18,87000,113.4763,10,2020,충의로
현대,2024-03-23,12500,72.98,1,1991,모덕로181번길
쌍용,2024-03-10,14000,59.99,10,1996,말티고개로108번길
주공그린빌,2024-03-11,27500,84.9,10,2005,내동로348번길
흥한타운2,2024-03-17,15700,59.935,5,1995,평거로139번길
신안주공1,2024-03-25,24000,84.53,15,1998,신안들말길
국민3차,2024-03-14,3800,59.35,4,1990,남강로1069번길
현대,2024-03-16,13100,84.99,6,1991,모덕로181번길
쌍용,2024-03-20,16000,84.96,19,1996,말티고개로108번길
진주혁신도시중흥에스-클래스센트럴시티3단지,2024-03-12,53300,84.8046,30,2020,에나로175번길
(신안)대림맨션,2024-03-18,9100,78.31,5,1988,천수로298번길
휴앤인엘리시움,2024-03-07,41500,84.7831,24,2019,에나로
진주혁신도시중흥에스-클래스더퍼스트,2024-03-06,70500,99.864,12,2020,충의로
들말대경,2024-03-23,24000,76.23,5,1998,석갑로53번길
초전흥한,2024-03-24,23700,84.68,7,2001,초전남로
진주혁신도시대방노블랜드더캐슬아파트,2024-03-01,60800,84.9899,5,2018,사들로
현대,2024-03-14,22300,84.955,10,1997,초전남로
한림풀에버,2024-03-23,42500,84.9644,15,2015,소호로
스카이시티프라디움,2024-03-08,46800,84.9898,28,2019,개양로
한보타운,2024-03-14,10300,59.94,14,1993,진양호로97번길
힐스테이트초전,2024-03-16,45800,84.9196,21,2019,초북로
진주초장엠코타운더이스턴파크,2024-03-14,35500,84.977,18,2014,초북로
초전해모로루비채2단지,2024-03-23,36100,84.9671,2,2014,초북로
초전해모로루비채4단지,2024-03-09,36800,84.9908,18,2014,초북로
진주혁신도시센텀리버파크,2024-03-10,38500,75.76,18,2013,사들로
진주혁신도시대방노블랜드더캐슬아파트,2024-03-04,69000,103.3591,19,2018,사들로
동일스위트,2024-03-07,24500,84.9692,13,2008,공단로
금산e편한세상,2024-03-21,23300,84.9746,11,2008,금산순환로80번길
신안주공3,2024-03-22,15000,59.8,15,1997,석갑로
화광비발디,2024-03-22,17500,84.6132,9,2007,중천로67번길
금산흥한골든빌,2024-03-22,11800,58.12,4,2002,금산로
가호에일린의뜰,2024-03-12,39800,84.9982,10,2012,강변길
현대,2024-03-05,24500,134.82,9,1996,하대로
서성파라토피아,2024-03-21,14500,126.36,7,1989,진주대로986번길
혁신도시엘에이치아파트8단지,2024-03-14,31000,59.97,13,2015,사들로
평거휴먼시아3단지,2024-03-14,36300,84.95,1,2011,새평거로
흥한타운1,2024-03-05,26000,149.325,5,1993,진양호로328번길
진주혁신도시중흥에스-클래스더프라임,2024-03-18,52500,84.9912,7,2019,소호로19번길
한보,2024-03-20,12500,59.8837,3,1994,진주대로
혁신도시엘에이치아파트8단지,2024-03-05,31000,59.97,19,2015,사들로
초전해모로루비채4단지,2024-03-09,36250,84.9908,6,2014,초북로
진주혁신도시중흥에스-클래스센트럴시티2단지,2024-03-21,83000,117.7407,22,2020,에나로
진주혁신도시중흥에스-클래스더프라임,2024-03-21,50700,84.9912,3,2019,소호로19번길
초전흥한,2024-03-15,15800,59.85,4,2001,초전남로
현대,2024-03-07,14300,84.99,6,1991,모덕로181번길
가좌주공1차,2024-03-21,14000,49.94,11,1993,가호로
현대,2024-03-13,14000,59.89,3,1996,하대로
화인,2024-03-13,9200,72.75,2,1994,상봉대룡길
칠암한주타운,2024-03-20,16200,59.98,8,1995,강남로
대경아르떼빌,2024-03-07,8450,31.02,2,2002,동부로67번길
두산위브,2024-03-17,20900,84.994,2,2009,중장로154번길
금산느티나무,2024-03-13,14000,59.42,14,2003,중천로
신안주공3,2024-03-11,17700,59.8,13,1997,석갑로
들말대경,2024-03-09,27700,84.99,6,1998,석갑로53번길
진주강남동일동미라주,2024-03-15,34300,84.9831,13,2021,진주대로891번길
신안주공2,2024-03-14,12000,49.97,3,1996,신안들말길
진주초장엠코타운더이스턴파크,2024-03-10,35000,84.977,4,2014,초북로
혁신도시엘에이치아파트8단지,2024-03-20,30000,59.97,19,2015,사들로
이현하이클래스웰가,2024-03-13,50000,148.01,8,2008,진주대로
더퀸즈웰가,2024-03-16,41700,84.9163,14,2015,새평거로
흥한,2024-03-20,11500,84.99,4,1990,선학산길
망경한보타운,2024-03-11,18000,84.82,22,1997,망경로
하영무지개맨션,2024-03-02,10700,83.7,9,1993,진양호로
한보타워,2024-03-03,11800,83.25,1,1991,남강로491번길
주공그린빌,2024-03-18,15700,59.27,1,2005,내동로348번길
금산느티나무,2024-03-13,13500,59.42,9,2003,중천로
흥한타운1,2024-03-10,12700,59.73,9,1993,진양호로328번길
한림풀에버,2024-03-03,42000,84.9644,4,2015,소호로
들말대경,2024-03-18,18600,59.595,11,1998,석갑로53번길
진주문산파란채,2024-03-07,21800,84.8829,13,2010,월아산로1048번길
흥한타운2,2024-03-12,15700,59.935,13,1995,평거로139번길
한성빌라,2024-03-09,9500,76.28,2,2001,대신로307번길
더퀸즈웰가,2024-03-08,35900,65.6733,13,2015,새평거로
들말한보타운,2024-03-04,26700,84.98,3,1997,평거로39번길
금호석류,2024-03-15,20000,59.99,15,1999,강남로
현대,2024-03-16,16800,84.99,15,1991,모덕로181번길
대림맨션,2024-03-11,16500,118.99,2,1989,돗골로
초전해모로루비채4단지,2024-03-09,36800,84.9908,18,2014,초북로
그린타운,2024-03-08,10900,84.6,7,1992,석갑로156번길
신익무지개,2024-03-13,8000,54.24,3,1987,숙호산로
현대,2024-03-13,21500,84.93,12,1996,하대로
진주혁신도시중흥에스-클래스더프라임,2024-03-17,56500,97.7268,17,2019,소호로19번길
센트렐웰가,2024-03-02,36700,59.8868,17,2018,진주역로73번길
신안주공3,2024-03-12,15600,59.8,7,1997,석갑로
현대금빛마을,2024-03-18,7800,59.28,15,2000,진산로
상봉2,2024-03-15,10500,61.77,3,1986,진주성로147번길
현대금빛마을,2024-03-16,7100,59.28,10,2000,진산로
주공그린빌,2024-03-13,19300,59.27,17,2005,내동로348번길
평거하우스토리,2024-03-06,61000,188.86,7,2009,진양호로239번길
진주혁신코오롱하늘채,2024-03-08,39950,84.95,17,2014,사들로
현대,2024-03-13,27800,84.98,4,2000,진주대로815번길
초전흥한,2024-03-01,27500,103.99,8,2001,초전남로
들말대경,2024-03-09,19400,59.595,14,1998,석갑로53번길
현대,2024-03-12,13400,59.96,1,1997,초전남로
진주정촌대경파미르,2024-03-06,26200,66.6161,4,2019,삼일로106번길
주공그린빌,2024-03-17,28000,84.9,18,2005,내동로348번길
더퀸즈웰가,2024-03-05,38700,75.4984,7,2015,새평거로
평거휴먼시아4단지,2024-03-12,34800,84.95,6,2011,새평거로
엠코타운더프라하,2024-03-09,42000,84.9651,23,2014,새평거로
들말흥한타운,2024-03-08,16500,59.871,1,1998,석갑로
진주정촌대경파미르,2024-03-05,27500,66.1957,20,2019,삼일로106번길
진흥더루벤스,2024-03-11,21500,84.9865,12,2009,금산로
쌍용,2024-03-11,15350,84.96,13,1996,말티고개로108번길
센트렐웰가,2024-03-15,43000,75.5364,32,2018,진주역로73번길
하영무지개맨션,2024-03-08,9850,72.18,2,1993,진양호로
현대,2024-03-14,18000,84.93,1,1996,하대로
진주혁신도시대방노블랜드더캐슬아파트,2024-03-02,59200,84.9474,8,2018,사들로
금산흥한골든빌,2024-03-15,11000,58.12,2,2002,금산로
한림풀에버,2024-03-14,35000,67.1597,6,2015,소호로
평거대화리네르빌,2024-03-15,16000,68.88,13,2004,순환로559번길
흥한타운2,2024-03-15,17100,59.935,14,1995,평거로139번길
한보,2024-03-13,15700,84.9575,10,1994,진주대로
주공그린빌,2024-03-09,18000,51.74,9,2005,내동로348번길
현대,2024-03-09,15800,59.96,14,1997,초전남로
흥한타운2,2024-03-07,15000,59.935,7,1995,평거로139번길
엠코타운더프라하,2024-03-10,44800,84.9651,26,2014,새평거로
진주혁신도시중흥에스-클래스더프라임,2024-03-02,52600,84.9912,15,2019,소호로19번길
센트렐웰가,2024-03-15,51200,84.9222,12,2018,진주역로73번길
현대금빛마을,2024-03-15,7600,59.28,15,2000,진산로
혁신도시엘에이치아파트9단지,2024-03-09,31500,59.97,12,2017,사들로
들말한보타운,2024-03-11,28500,84.98,11,1997,평거로39번길
혁신도시엘에이치아파트8단지,2024-03-08,28500,59.97,10,2015,사들로
금산느티나무,2024-03-09,16500,74.88,6,2003,중천로
금산흥한골든빌,2024-03-04,12400,58.12,14,2002,금산로
혁신도시엘에이치아파트9단지,2024-03-13,32700,59.97,20,2017,사들로
진주혁신도시센텀리버파크,2024-03-09,35800,75.54,6,2013,사들로
가좌주공1차,2024-03-09,12100,38.64,5,1993,가호로
두산위브,2024-03-12,23200,84.994,7,2009,중장로154번길
가좌주공1차,2024-03-09,16000,49.94,14,1993,가호로
초전흥한,2024-03-13,16150,59.85,4,2001,초전남로
가좌주공1차,2024-03-07,12500,41.3,7,1993,가호로
진주강남동일동미라주,2024-03-07,35400,84.9831,24,2021,진주대로891번길
일동,2024-03-09,11450,59.86,15,1994,초전북로
진주혁신도시라온프라이빗아파트,2024-03-13,47500,84.8922,6,2017,대밭골로
한보힐타워,2024-03-12,8000,55.89,2,1992,상대로143번길
한보타워(하대1차),2024-03-03,8200,53.32,2,1992,모덕로306번길
한보은빛마을,2024-03-08,29500,125.12,2,2002,천수로
남강휴먼빌,2024-03-12,39000,133.0285,4,2010,순환로
두산위브,2024-03-01,26600,113.801,19,2009,중장로154번길
쌍용,2024-03-08,16800,84.96,13,1996,말티고개로108번길
진흥더루벤스,2024-03-11,21500,84.9865,12,2009,금산로
현대금빛마을,2024-03-08,12400,84.876,11,2000,진산로
원정로얄팰리스,2024-03-07,26200,76.25,15,2005,진양호로225번길
초전해모로루비채2단지,2024-03-11,32500,74.9798,15,2014,초북로
초전해모로루비채4단지,2024-03-05,33500,84.9908,2,2014,초북로
센트렐웰가,2024-03-06,51950,84.8133,16,2018,진주역로73번길
더퀸즈웰가,2024-03-02,32500,58.7908,12,2015,새평거로
진주강남동일동미라주,2024-03-09,32000,75.998,14,2021,진주대로891번길
스카이시티프라디움,2024-03-04,48200,84.9898,14,2019,개양로
평거휴먼시아4단지,2024-03-04,35500,84.91,5,2011,새평거로
진주혁신코오롱하늘채,2024-03-11,39000,84.95,19,2014,사들로
현대,2024-03-01,21000,59.92,11,2000,진주대로815번길
신안주공3,2024-03-01,15700,59.8,14,1997,석갑로
진주센트럴자이,2024-03-06,35900,84.956,18,2013,도동천로
현대,2024-03-03,35500,134.84,9,2000,진주대로815번길
진주혁신도시중흥에스-클래스더프라임,2024-03-04,58000,97.7268,16,2019,소호로19번길
이현주공,2024-03-04,17500,59.3,3,1983,서장대로
평거휴먼시아4단지,2024-03-02,26900,59.98,2,2011,새평거로
혁신도시엘에이치아파트9단지,2024-03-09,32500,59.97,25,2017,사들로
평거주공1차,2024-03-01,9900,39.3,5,1988,진양호로185번길
엠코타운더프라하,2024-03-04,92500,153.29,30,2014,새평거로
금산흥한골든빌,2024-03-08,12650,58.12,12,2002,금산로
혁신도시엘에이치아파트8단지,2024-03-02,29800,59.97,4,2015,사들로
진주정촌대경파미르,2024-03-05,31500,84.9426,6,2019,삼일로106번길
진주푸르지오2단지,2024-03-04,17900,59.924,2,2007,덕의길
금산흥한골든빌,2024-03-07,18800,84.88,14,2002,금산로
흥한스위트,2024-03-05,12800,59.73,8,1998,신안로
평거현대2,2024-03-02,34800,146.17,15,1994,신안들말길
금호석류,2024-03-03,21700,59.99,2,1999,강남로
망경한보타운,2024-03-03,11700,59.44,8,1997,망경로
삼호그린맨션,2024-03-02,13500,77.69,5,1992,망경로296번길
청구타운,2024-03-01,14900,59.99,5,1997,대신로475번길
힐스테이트초전,2024-03-08,42900,84.9196,20,2019,초북로
흥한타운1,2024-03-05,31000,149.325,10,1993,진양호로328번길
가좌주공2차,2024-03-02,12800,38.64,14,1993,가호로
한림풀에버,2024-03-02,39800,84.9644,1,2015,소호로
진주문산파란채,2024-03-08,22001,84.9015,7,2010,월아산로1048번길
혁신도시엘에이치5단지,2024-03-07,33700,75.99,10,2014,충의로
힐스테이트초전,2024-03-06,42000,84.9196,24,2019,초북로
임광,2024-03-07,6700,55.25,1,1989,모덕로
삼전프라자,2024-03-04,17200,84.555,6,1996,도동로
이현한주맨션,2024-03-07,7650,59.49,2,1987,서장대로278번길
진주혁신도시중흥에스-클래스센트럴시티3단지,2024-03-07,55300,84.9815,20,2020,에나로175번길
현대금빛마을,2024-03-06,14800,84.876,11,2000,진산로
혁신도시엘에이치5단지,2024-03-05,33000,84.95,2,2014,충의로
금산e편한세상,2024-03-02,22900,84.9746,7,2008,금산순환로80번길
금산느티나무,2024-03-03,14500,74.88,3,2003,중천로
하대한양,2024-03-04,5200,29.47,3,2000,하대로40번길
신안주공1,2024-03-01,26300,84.98,9,1998,신안들말길
금산흥한골든빌,2024-03-01,7900,48.31,10,2002,금산로
시티프라디움,2024-03-05,43800,84.9941,10,2020,진주역로
진주혁신도시센텀리버파크,2024-03-05,41800,84.95,3,2013,사들로
대경,2024-03-05,9500,59.85,13,1992,도동로264번길
이현하이클래스웰가,2024-03-01,31000,84.07,13,2008,진주대로
진주초장엠코타운더이스턴파크,2024-03-02,33100,73.556,11,2014,초북로
더퀸즈웰가,2024-03-03,32700,58.4018,19,2015,새평거로
한양,2024-03-04,11300,81.36,4,1996,월아산로
동신,2024-03-05,7000,59.92,8,1992,광제산로
현대,2024-03-02,15500,84.99,9,1991,모덕로181번길
신안주공3,2024-03-01,16300,59.8,15,1997,석갑로
현대금빛마을,2024-03-04,10500,84.876,13,2000,진산로
평거휴먼시아3단지,2024-03-03,37500,84.98,5,2011,새평거로
삼호가든맨션,2024-03-01,9800,84.63,5,1988,신안로164번길
일동,2024-03-04,10500,59.86,4,1994,초전북로
현대,2024-03-01,12400,72.98,14,1991,모덕로181번길
힐스테이트초전,2024-03-03,43500,84.9196,15,2019,초북로
센트렐웰가,2024-03-02,50000,84.9222,16,2018,진주역로73번길
평거휴먼시아4단지,2024-03-01,34500,84.98,5,2011,새평거로
진주초장엠코타운더이스턴파크,2024-03-01,39000,101.828,22,2014,초북로
센트렐웰가,2024-03-01,48200,84.9222,6,2018,진주역로73번길
석류맨션,2024-03-05,6000,49.86,2,1987,공단로44번길
진주혁신도시중흥에스-클래스더퍼스트,2024-04-23,71000,99.9097,17,2020,충의로
신안주공1,2024-04-17,26500,84.98,15,1998,신안들말길
한보(하대3차),2024-04-22,14550,74.4,7,1993,남강로
대동디지털황토,2024-04-06,26000,84.6814,15,2003,가호로44번길
현대,2024-04-29,10800,82.56,1,1985,강남로255번길
현대,2024-04-29,10800,82.56,1,1985,강남로255번길
한보타운,2024-04-22,13420,84.6,15,1993,진양호로97번길
가좌주공1차,2024-04-25,10500,38.64,5,1993,가호로
혁신도시엘에이치아파트8단지,2024-04-29,28300,59.97,4,2015,사들로
두산위브,2024-04-07,23000,84.991,17,2009,중장로154번길
동일스위트,2024-04-22,26000,84.9692,15,2008,공단로
금산아이파크,2024-04-30,20200,84.17,5,2004,중천로
초전해모로루비채2단지,2024-04-29,37500,84.9671,19,2014,초북로
엠코타운더프라하,2024-04-03,45300,84.933,10,2014,새평거로
금호석류,2024-04-24,28500,84.87,14,1999,강남로
진주혁신코오롱하늘채,2024-04-27,37000,84.95,5,2014,사들로
대화리네르빌,2024-04-30,21600,82.3136,6,2007,진주대로
센트렐웰가,2024-04-21,43500,75.7795,10,2018,진주역로73번길
센트렐웰가,2024-04-24,36300,59.8868,9,2018,진주역로73번길
진주혁신도시센텀리버파크,2024-04-29,39000,84.95,6,2013,사들로
우신파크맨션,2024-04-28,10900,84.64,13,1992,숙호산로
금산느티나무,2024-04-22,17800,74.88,8,2003,중천로
현대,2024-04-29,30500,102.68,15,2000,진주대로815번길
진주혁신도시중흥에스-클래스센트럴시티3단지,2024-04-06,49000,84.8046,17,2020,에나로175번길
진주혁신도시중흥에스-클래스더프라임,2024-04-26,69800,110.6238,5,2019,소호로19번길
포레나신진주,2024-04-29,45000,84.9515,16,2019,진주역로96번길
초전해모로루비채2단지,2024-04-29,37500,84.9671,19,2014,초북로
스카이시티프라디움,2024-04-27,47000,84.9818,14,2019,개양로
시티프라디움,2024-04-08,46800,84.9909,28,2020,진주역로
우신파크맨션,2024-04-24,13400,83.64,8,1992,숙호산로
칠암한주타운,2024-04-17,15400,59.98,19,1995,강남로
망경한보타운,2024-04-29,19000,119.24,4,1997,망경로
혁신도시엘에이치아파트9단지,2024-04-28,32800,59.97,25,2017,사들로
진주문산파란채,2024-04-17,20500,84.9015,4,2010,월아산로1048번길
시티프라디움,2024-04-08,46800,84.9909,28,2020,진주역로
평거현대1,2024-04-25,16000,59.4,11,1993,평거로115번길
메이힐스,2024-04-18,28500,84.7604,1,2018,진양호로239번길
포레나신진주,2024-04-21,45000,84.9515,32,2019,진주역로96번길
상대한보타운,2024-04-25,29200,119.88,8,2002,도동천로
진주혁신도시중흥에스-클래스더퍼스트,2024-04-25,72800,99.864,18,2020,충의로
금산느티나무,2024-04-23,13550,59.42,16,2003,중천로
초전해모로루비채2단지,2024-04-30,37000,84.9671,16,2014,초북로
진주강남동일동미라주,2024-04-18,36000,84.9831,25,2021,진주대로891번길
도동대림,2024-04-17,18000,84.23,11,1992,하대로40번길
주공그린빌,2024-04-23,18700,59.27,17,2005,내동로348번길
진주강남동일동미라주,2024-04-18,36500,84.9806,8,2021,진주대로891번길
현대,2024-04-20,13400,59.89,16,1996,하대로
한보타워(하대1차),2024-04-19,10450,58.54,8,1992,모덕로306번길
진주혁신도시중흥에스-클래스센트럴시티3단지,2024-04-19,52300,84.8046,8,2020,에나로175번길
진주혁신도시중흥에스-클래스센트럴시티3단지,2024-04-20,57400,84.9815,15,2020,에나로175번길
이현하이클래스웰가,2024-04-26,26500,75.07,5,2008,진주대로
진주우방아이유쉘,2024-04-30,33800,84.9578,3,2017,삼일로
현대,2024-04-22,19000,84.55,4,1989,천수로
이현하이클래스웰가,2024-04-24,26000,75.07,20,2008,진주대로
진주문산파란채,2024-04-26,21000,84.9015,9,2010,월아산로1048번길
들말한보타운,2024-04-15,18700,59.8,4,1997,평거로39번길
진주푸르지오1단지,2024-04-26,22200,84.9726,2,2007,덕의길
평거휴먼시아3단지,2024-04-26,39100,84.95,4,2011,새평거로
가좌주공1차,2024-04-25,10500,38.64,5,1993,가호로
한보힐타워,2024-04-24,7900,55.89,7,1992,상대로143번길
진주혁신도시중흥에스-클래스더퍼스트,2024-04-27,73000,99.864,8,2020,충의로
현대,2024-04-26,13600,59.89,4,1996,하대로
평거주공1차,2024-04-20,12200,39.69,4,1988,진양호로185번길
평거주공1차,2024-04-16,11000,39.3,1,1988,진양호로185번길
센트렐웰가,2024-04-15,36700,59.4732,13,2018,진주역로73번길
진흥더루벤스,2024-04-28,24700,122.956,13,2009,금산로
진주혁신코오롱하늘채,2024-04-10,41000,84.95,13,2014,사들로
대림맨션,2024-04-25,17400,119.08,4,1989,돗골로
진주혁신도시대방노블랜드더캐슬아파트,2024-04-16,58500,84.9474,5,2018,사들로
금산느티나무,2024-04-19,17000,74.88,10,2003,중천로
가좌주공2차,2024-04-20,17700,49.94,10,1993,가호로
진주혁신도시대방노블랜드더캐슬아파트,2024-04-13,68600,103.3591,8,2018,사들로
흥한타운,2024-04-17,12400,59.88,8,1995,대신로243번길
진주혁신도시대방노블랜드더캐슬아파트,2024-04-13,71000,103.9623,13,2018,사들로
화인,2024-04-30,9100,83.435,15,1994,상봉대룡길
화인,2024-04-30,8000,65.07,11,1994,상봉대룡길
엠코타운더프라하,2024-04-24,83500,153.29,2,2014,새평거로
시티프라디움,2024-04-08,46800,84.9909,28,2020,진주역로
진주혁신도시중흥에스-클래스더프라임,2024-04-29,58500,97.7268,8,2019,소호로19번길
센트렐웰가,2024-04-21,48500,84.8133,9,2018,진주역로73번길
금산흥한골든빌,2024-04-30,8600,48.31,9,2002,금산로
이현주공,2024-04-17,11000,55.8,3,1983,서장대로
한주파크맨션,2024-04-25,14500,76.44,3,1990,남강로
한보타운,2024-04-22,13500,84.6,15,1993,진양호로97번길
평거주공1차,2024-04-30,10000,39.69,3,1988,진양호로185번길
현대,2024-04-29,10800,82.56,1,1985,강남로255번길
망경한보타운,2024-04-18,12900,59.44,19,1997,망경로
대경,2024-04-24,8500,59.85,13,1992,도동로264번길
혁신도시엘에이치아파트8단지,2024-04-25,31200,59.97,16,2015,사들로
이지더원,2024-04-24,43300,84.9614,16,2018,초장로
센트렐웰가,2024-04-23,49300,84.9222,15,2018,진주역로73번길
한림풀에버,2024-04-25,40800,84.9088,3,2015,소호로
진주혁신도시중흥에스-클래스센트럴시티3단지,2024-04-12,62000,99.8146,30,2020,에나로175번길
한등하이츠빌라,2024-04-29,21400,117.64,5,1997,진양호로97번길
금호석류,2024-04-27,20500,59.99,5,1999,강남로
쌍용,2024-04-29,15400,84.96,12,1996,말티고개로108번길
진주혁신도시센텀리버파크,2024-04-20,39000,84.95,6,2013,사들로
현대,2024-04-23,13900,72.98,4,1991,모덕로181번길
진주혁신도시센텀리버파크,2024-04-17,41500,84.95,10,2013,사들로
스카이시티프라디움,2024-04-16,46600,84.991,9,2019,개양로
진주정촌대경파미르,2024-04-13,31000,84.9625,16,2019,삼일로106번길
현대,2024-04-21,23300,84.955,11,1997,초전남로
진주초장엠코타운더이스턴파크,2024-04-18,35800,84.977,5,2014,초북로
진주혁신도시중흥에스-클래스더프라임,2024-04-25,53200,84.9912,11,2019,소호로19번길
금산아이파크,2024-04-15,16200,59.78,12,2004,중천로
초전해모로루비채2단지,2024-04-05,35500,84.9671,14,2014,초북로
칠암한주타운,2024-04-15,17600,59.98,19,1995,강남로
들말한보타운,2024-04-20,38000,120.66,7,1997,평거로39번길
신안주공3,2024-04-30,16000,59.8,4,1997,석갑로
두산위브,2024-04-20,23500,84.991,7,2009,중장로154번길
칠암한주타운,2024-04-17,15400,59.98,19,1995,강남로
신익무지개,2024-04-26,6400,40.56,2,1987,숙호산로
엠코타운더프라하,2024-04-29,64500,118.6034,18,2014,새평거로
들말대경,2024-04-18,28500,84.99,9,1998,석갑로53번길
진주평거우방아이유쉘스카이팰리스,2024-04-29,46000,84.8954,29,2019,진양호로
현대,2024-04-20,20200,84.93,9,1996,하대로
대림,2024-04-26,14300,72.238,1,1991,도동천로
진주혁신도시중흥에스-클래스더프라임,2024-04-09,59000,97.7268,20,2019,소호로19번길
스카이시티프라디움,2024-04-27,47000,84.9818,14,2019,개양로
들말흥한타운,2024-04-24,29500,99.85,5,1998,석갑로
진흥더루벤스,2024-04-15,20000,84.9861,1,2009,금산로
금산아이파크,2024-04-22,16000,59.78,7,2004,중천로
가좌주공1차,2024-04-19,15400,49.94,14,1993,가호로
가좌주공1차,2024-04-27,11500,38.64,9,1993,가호로
신안주공2,2024-04-26,12400,49.97,8,1996,신안들말길
벽산블루밍(구)동신,2024-04-29,7700,52.53,4,1993,진양호로125번길
망경한보타운,2024-04-20,14500,84.82,3,1997,망경로
평거휴먼시아3단지,2024-04-19,38000,84.97,5,2011,새평거로
금산흥한골든빌,2024-04-23,15100,84.88,5,2002,금산로
엠코타운더프라하,2024-04-23,87500,153.29,25,2014,새평거로
현대,2024-04-18,24000,134.82,8,1996,하대로
혁신도시엘에이치5단지,2024-04-27,37000,84.95,12,2014,충의로
진주푸르지오1단지,2024-04-20,23800,84.9414,13,2007,덕의길
동서훼밀리,2024-04-23,8200,55.89,8,1992,선학산길
동성가든타워,2024-04-11,11200,59.4,12,1994,진주대로
금호석류,2024-04-27,26300,84.87,19,1999,강남로
화진그린맨션,2024-04-29,6850,67.45,3,1989,상봉대룡길
금산아이파크,2024-04-16,21400,84.17,12,2004,중천로
스카이시티프라디움,2024-04-16,47000,84.991,12,2019,개양로
동일스위트,2024-04-18,24500,84.9692,3,2008,공단로
진주혁신코오롱하늘채,2024-04-25,38900,84.95,10,2014,사들로
동일스위트,2024-04-22,26000,84.9692,15,2008,공단로
동일스위트,2024-04-12,23000,71.7507,18,2008,공단로
엠코타운더프라하,2024-04-24,42800,84.9651,26,2014,새평거로
혁신도시엘에이치아파트8단지,2024-04-29,28300,59.97,4,2015,사들로
현대,2024-04-29,10800,82.56,1,1985,강남로255번길
들말대경,2024-04-22,18600,59.595,12,1998,석갑로53번길
더퀸즈웰가,2024-04-29,32500,58.4018,11,2015,새평거로
진주혁신도시중흥에스-클래스더프라임,2024-04-22,53000,84.9858,18,2019,소호로19번길
들말흥한타운,2024-04-28,37000,125.61,3,1998,석갑로
주공그린빌,2024-04-21,20000,59.27,10,2005,내동로348번길
상대한주그린,2024-04-29,10900,59.87,6,1999,선학산길
주공그린빌,2024-04-19,25300,84.9,4,2005,내동로348번길
현대,2024-04-18,17600,84.93,1,1996,하대로
하영무지개맨션,2024-04-26,9000,83.7,3,1993,진양호로
더퀸즈웰가,2024-04-22,39000,75.6705,14,2015,새평거로
주공그린빌,2024-04-06,26800,84.9,12,2005,내동로348번길
들말한보타운,2024-04-27,20200,59.8,3,1997,평거로39번길
진주정촌대경파미르,2024-04-12,29800,84.9426,6,2019,삼일로106번길
더퀸즈웰가,2024-04-19,41900,84.7157,24,2015,새평거로
진주혁신도시라온프라이빗아파트,2024-04-13,50200,84.9087,10,2017,대밭골로
진주혁신도시중흥에스-클래스더퍼스트,2024-04-23,69200,99.864,5,2020,충의로
진주혁신도시중흥에스-클래스센트럴시티2단지,2024-04-22,62500,99.8723,7,2020,에나로
한림풀에버,2024-04-22,36100,67.3717,6,2015,소호로
삼성,2024-04-19,15850,59.886,5,1996,동부로43번길
현대금빛마을,2024-04-28,11800,84.876,11,2000,진산로
금산느티나무,2024-04-26,12100,59.42,12,2003,중천로
혁신도시엘에이치아파트9단지,2024-04-28,29400,59.97,3,2017,사들로
진주푸르지오2단지,2024-04-16,25800,115.1967,11,2007,덕의길
힐스테이트초전,2024-04-06,43500,84.9351,8,2019,초북로
신안주공1,2024-04-09,28000,84.53,4,1998,신안들말길
대주엘리시안,2024-04-16,12000,59.857,10,2016,동부로1959번길
평거휴먼시아4단지,2024-04-25,35400,84.95,8,2011,새평거로
한림풀에버,2024-04-27,43000,84.9088,13,2015,소호로
남강휴먼빌,2024-04-27,32300,84.9679,28,2010,순환로
현대,2024-04-19,14500,84.99,15,1991,모덕로181번길
혁신도시엘에이치아파트8단지,2024-04-27,30000,59.97,12,2015,사들로
진주초전푸르지오2단지,2024-04-21,45000,125.029,6,2010,초장로14번길
혁신도시엘에이치아파트8단지,2024-04-22,30000,59.97,9,2015,사들로
주공그린빌,2024-04-26,16800,51.74,11,2005,내동로348번길
초전흥한,2024-04-24,20400,76.91,13,2001,초전남로
더퀸즈웰가,2024-04-10,43700,84.9163,27,2015,새평거로
대영,2024-04-26,14000,84.86,3,1992,말티고개로
평거현대1,2024-04-20,15650,59.4,1,1993,평거로115번길
진주초전푸르지오1단지,2024-04-19,36300,84.77,4,2009,초장로14번길
주공그린빌,2024-04-13,18400,59.27,3,2005,내동로348번길
월드트레비앙,2024-04-20,19500,84.58,4,2005,돗골로106번길
평거현대1,2024-04-26,13600,59.81,14,1993,평거로115번길
동국강변타워2,2024-04-11,15700,83.75,15,1992,돗골로19번길
현대,2024-04-10,28000,181.59,17,1996,하대로
진흥더루벤스,2024-04-23,23800,122.956,14,2009,금산로
더퀸즈웰가,2024-04-22,39000,75.6705,9,2015,새평거로
힐스테이트초전,2024-04-10,46900,91.2066,28,2019,초북로
초전해모로루비채2단지,2024-04-25,34000,74.9798,13,2014,초북로
엠코타운더프라하,2024-04-12,40900,84.933,4,2014,새평거로
이현하이클래스웰가,2024-04-17,29500,84.07,2,2008,진주대로
평거휴먼시아3단지,2024-04-18,30000,84.95,2,2011,새평거로
진주초장엠코타운더이스턴파크,2024-04-24,33000,73.556,4,2014,초북로
신안주공2,2024-04-21,16700,59.8,6,1996,신안들말길
그린타운,2024-04-20,13500,68.9,1,1992,석갑로156번길
들말흥한타운,2024-04-20,28800,84.89,7,1998,석갑로
혁신도시엘에이치아파트8단지,2024-04-23,30500,59.96,7,2015,사들로
진주문산코아루,2024-04-25,37000,114.9123,12,2010,월아산로1117번길
신우파크빌,2024-04-22,18100,84.97,7,2001,도동로263번길
금산흥한골든빌,2024-04-20,5500,37.84,15,2002,금산로
혁신도시엘에이치아파트9단지,2024-04-14,32800,59.97,11,2017,사들로
신안주공3,2024-04-24,16300,59.8,11,1997,석갑로
가좌주공1차,2024-04-10,15650,49.94,2,1993,가호로
이현진주그린빌라,2024-04-20,8900,59.89,3,1996,숙호산로
금산흥한골든빌,2024-04-22,14500,73.61,7,2002,금산로
금산흥한골든빌,2024-04-20,15200,73.61,9,2002,금산로
금산느티나무,2024-04-12,15700,74.88,1,2003,중천로
현대,2024-04-19,23000,134.82,3,1996,하대로
일신,2024-04-21,14900,84.78,9,1991,하대로34번길
임광,2024-04-13,11200,58.58,9,1989,모덕로
금산아이파크,2024-04-16,22500,84.17,18,2004,중천로
혁신도시엘에이치아파트8단지,2024-04-16,30200,59.97,12,2015,사들로
진주푸르지오1단지,2024-04-09,22900,84.9726,15,2007,덕의길
한보(하대3차),2024-04-22,14600,74.4,7,1993,남강로
덕산,2024-04-17,16700,84.96,9,1995,서장대로178번길
이지더원,2024-04-08,55000,113.588,13,2018,초장로
신안원정그린빌,2024-04-15,20000,78.54,1,2002,촉석로50번길
현대금빛마을,2024-04-11,10500,84.876,3,2000,진산로
진주혁신도시중흥에스-클래스더퍼스트,2024-04-21,72000,99.864,20,2020,충의로
현대,2024-04-17,17200,84.945,1,1992,진양호로51번길
쌍용,2024-04-23,16500,84.96,13,1996,말티고개로108번길
진주혁신코오롱하늘채,2024-04-01,36300,84.95,4,2014,사들로
진주혁신코오롱하늘채,2024-04-10,37000,84.95,10,2014,사들로
가호에일린의뜰,2024-04-04,33800,77.8216,10,2012,강변길
진주문산파란채,2024-04-18,21900,84.9015,10,2010,월아산로1048번길
포레나신진주,2024-04-14,46000,84.9515,17,2019,진주역로96번길
혁신도시엘에이치아파트9단지,2024-04-18,32000,59.97,8,2017,사들로
이지더원,2024-04-22,35000,73.2086,3,2018,초장로
신진주역세권우미린더시그니처,2024-04-22,49058,84.986,11,2024,진주역로
진주혁신도시대방노블랜드더캐슬아파트,2024-04-13,69000,103.3591,19,2018,사들로
금산흥한골든빌,2024-04-19,20300,84.88,7,2002,금산로
현대,2024-04-10,17250,59.96,9,1997,초전남로
더퀸즈웰가,2024-04-22,43000,84.9163,25,2015,새평거로
신안주공1,2024-04-11,27000,84.91,15,1998,신안들말길
진주혁신도시중흥에스-클래스센트럴시티2단지,2024-04-04,63000,99.8723,15,2020,에나로
진주혁신도시대방노블랜드더캐슬아파트,2024-04-01,71000,84.9899,17,2018,사들로
초전해모로루비채4단지,2024-04-14,37300,84.9671,11,2014,초북로
건일,2024-04-10,4800,51.61,5,1987,상대로119번길
한보하이타운,2024-04-16,16400,84.51,9,1995,순환로553번길
현대금빛마을,2024-04-22,7000,59.28,4,2000,진산로
남강카누빌1,2024-04-17,15400,101.64,5,2001,모덕로
미르젠,2024-04-10,13800,50.94,2,2017,하대로26번길
도동대림,2024-04-16,18700,84.23,8,1992,하대로40번길
순화가밀라씨티빌,2024-04-18,2000,14.63,2,2003,북장대로35번길
벽산블루밍(구)동신,2024-04-08,7050,52.53,3,1993,진양호로125번길
한보은빛마을,2024-04-12,22000,84.86,1,2002,천수로
가좌주공1차,2024-04-17,16500,49.94,15,1993,가호로
평거휴먼시아4단지,2024-04-04,35300,84.95,8,2011,새평거로
이지더원,2024-04-16,46900,84.9614,19,2018,초장로
진주혁신도시센텀리버파크,2024-04-17,37000,84.95,11,2013,사들로
가좌주공1차,2024-04-06,15400,49.94,8,1993,가호로
진주센트럴자이,2024-04-16,34500,84.5289,15,2013,도동천로
금산e편한세상,2024-04-19,27100,125.5173,7,2008,금산순환로80번길
힐스테이트초전,2024-04-20,43300,84.9351,25,2019,초북로
현대,2024-04-19,14900,70.96,11,1989,천수로
진주혁신도시대방노블랜드더캐슬아파트,2024-04-10,60000,84.9474,19,2018,사들로
진주강남동일동미라주,2024-04-01,38000,84.9806,19,2021,진주대로891번길
화광비발디,2024-04-01,17000,84.6132,17,2007,중천로67번길
동일스위트,2024-04-11,20000,71.7507,19,2008,공단로
진주정촌대경파미르,2024-04-17,26000,66.6161,3,2019,삼일로106번길
힐스테이트초전,2024-04-20,45000,84.9196,19,2019,초북로
들말흥한타운,2024-04-20,28800,84.89,12,1998,석갑로
신안주공3,2024-04-17,13300,49.96,14,1997,석갑로
더퀸즈웰가,2024-04-20,35900,66.3912,22,2015,새평거로
현대,2024-04-14,15400,84.945,2,1992,진양호로51번길
스카이시티프라디움,2024-04-18,45700,84.991,4,2019,개양로
들말대경,2024-04-13,19200,59.595,13,1998,석갑로53번길
힐스테이트초전,2024-04-18,44800,84.9196,22,2019,초북로
진주혁신도시중흥에스-클래스센트럴시티3단지,2024-04-21,51500,84.8046,30,2020,에나로175번길
진주혁신도시중흥에스-클래스센트럴시티3단지,2024-04-21,51500,84.8046,30,2020,에나로175번길
진주평거엘크루,2024-04-20,43000,72.6786,14,2016,새평거로
국민주택,2024-04-16,4300,33.39,2,1992,진양호로97번길
두산위브,2024-04-13,20900,84.995,2,2009,중장로154번길
진주평거우방아이유쉘스카이팰리스,2024-04-14,47000,84.0198,35,2019,진양호로
혁신도시엘에이치아파트9단지,2024-04-20,32600,59.97,15,2017,사들로
들말흥한타운,2024-04-13,18900,59.871,8,1998,석갑로
상대한보타운,2024-04-01,24450,84.99,13,2002,도동천로
혁신도시엘에이치5단지,2024-04-20,32800,75.99,13,2014,충의로
혁신도시엘에이치아파트9단지,2024-04-10,32500,59.97,7,2017,사들로
금산흥한골든빌,2024-04-15,14900,73.61,8,2002,금산로
진주초전푸르지오1단지,2024-04-15,37400,84.77,6,2009,초장로14번길
포레나신진주,2024-04-14,46000,84.9515,17,2019,진주역로96번길
초전해모로루비채2단지,2024-04-19,34700,84.9671,11,2014,초북로
진주혁신도시중흥에스-클래스더퍼스트,2024-04-09,70000,99.9097,5,2020,충의로
더퀸즈웰가,2024-04-07,35000,65.6733,30,2015,새평거로
동성가든타워,2024-04-19,10500,59.4,18,1994,진주대로
진주정촌대경파미르,2024-04-19,31500,84.9426,6,2019,삼일로106번길
청구타운,2024-04-15,14200,59.99,2,1997,대신로475번길
더퀸즈웰가,2024-04-19,35400,66.3912,15,2015,새평거로
진주혁신코오롱하늘채,2024-04-19,38300,84.95,12,2014,사들로
청구타운,2024-04-12,15000,59.99,5,1997,대신로475번길
한보타운,2024-04-16,10300,59.94,17,1993,진양호로97번길
더퀸즈웰가,2024-04-19,35400,66.3912,15,2015,새평거로
들말흥한타운,2024-04-19,18000,59.871,2,1998,석갑로
신안주공1,2024-04-19,21000,84.98,8,1998,신안들말길
진주혁신도시중흥에스-클래스더프라임,2024-04-07,67000,110.6238,3,2019,소호로19번길
주공그린빌,2024-04-10,16450,51.74,4,2005,내동로348번길
원정로얄팰리스,2024-04-15,25000,97.75,5,2005,진양호로225번길
진주정촌대경파미르,2024-04-10,29300,84.9426,9,2019,삼일로106번길
망경한보타운,2024-04-03,17500,84.82,11,1997,망경로
더퀸즈웰가,2024-04-10,36200,66.3912,15,2015,새평거로
대림맨션,2024-04-19,8200,63.75,5,1987,서장대로393번길
대림,2024-04-16,16000,84.44,7,1995,말티고개로
삼호가든맨션,2024-04-19,9750,84.63,3,1988,신안로164번길
현대,2024-04-10,14150,59.89,21,1996,하대로
평거휴먼시아3단지,2024-04-10,40000,84.95,13,2011,새평거로
삼전프라자,2024-04-02,11800,59.94,6,1996,도동로
한보타워(하대1차),2024-04-17,6500,34.81,11,1992,모덕로306번길
대영,2024-04-15,15000,84.86,5,1992,말티고개로
삼전,2024-04-15,9500,81.38,4,1988,남강로
엠코타운더프라하,2024-04-18,36900,67.2755,18,2014,새평거로
삼전프라자,2024-04-05,13500,84.555,3,1996,도동로
진주강남동일동미라주,2024-04-18,32950,84.9831,7,2021,진주대로891번길
초전흥한,2024-04-18,20500,84.68,2,2001,초전남로
한주파크맨션,2024-04-13,10500,59.4,9,1990,남강로
한보타운,2024-04-13,12300,84.87,18,1993,진양호로97번길
성창조합주택,2024-04-13,9500,65.61,1,1985,모덕로
신안주공3,2024-04-08,16400,59.8,15,1997,석갑로
진주혁신도시중흥에스-클래스더프라임,2024-04-10,63500,110.6238,2,2019,소호로19번길
남강휴먼빌,2024-04-10,42000,133.0285,24,2010,순환로
진주혁신도시중흥에스-클래스더프라임,2024-04-16,56800,97.7268,9,2019,소호로19번길
신안주공1,2024-04-17,26500,84.98,15,1998,신안들말길
진주혁신코오롱하늘채,2024-04-17,38900,84.95,17,2014,사들로
혁신도시엘에이치아파트9단지,2024-04-14,33400,59.97,21,2017,사들로
대동디지털황토,2024-04-17,20500,59.9762,15,2003,가호로44번길
초전흥한,2024-04-03,21700,84.68,1,2001,초전남로
쌍용,2024-04-06,15500,59.99,12,1996,말티고개로108번길
남강휴먼빌,2024-04-05,42500,133.0285,8,2010,순환로
대림,2024-04-16,12850,59.91,10,1995,말티고개로
혁신도시엘에이치아파트8단지,2024-04-12,32000,59.96,6,2015,사들로
흥한타운2,2024-04-17,15600,59.88,15,1995,평거로139번길
들말대경,2024-04-06,18400,59.595,13,1998,석갑로53번길
초전해모로루비채2단지,2024-04-17,33000,84.9908,15,2014,초북로
힐스테이트초전,2024-04-14,48000,91.2066,26,2019,초북로
진주평거엘크루,2024-04-15,43500,72.6786,15,2016,새평거로
벽산블루밍(구)동신,2024-04-16,11400,72.86,9,1993,진양호로125번길
신안주공3,2024-04-07,13800,49.96,6,1997,석갑로
진주정촌대경파미르,2024-04-03,31000,84.9625,11,2019,삼일로106번길
센트렐웰가,2024-04-10,36200,59.45,18,2018,진주역로73번길
센트렐웰가,2024-04-14,48000,84.9222,15,2018,진주역로73번길
금산흥한골든빌,2024-04-11,15700,73.61,11,2002,금산로
진주혁신도시중흥에스-클래스센트럴시티3단지,2024-04-07,54800,84.9815,19,2020,에나로175번길
진주혁신도시중흥에스-클래스더프라임,2024-04-01,52900,84.9912,13,2019,소호로19번길
진주혁신도시대방노블랜드더캐슬아파트,2024-04-16,75000,103.9623,14,2018,사들로
혁신도시엘에이치아파트8단지,2024-04-11,30000,59.97,8,2015,사들로
금산흥한골든빌,2024-04-15,15500,84.88,3,2002,금산로
대림,2024-04-12,9800,59.91,7,1995,말티고개로
초전해모로루비채4단지,2024-04-16,36250,84.9908,6,2014,초북로
주공그린빌,2024-04-15,20000,59.27,13,2005,내동로348번길
한림풀에버,2024-04-13,41000,84.9088,14,2015,소호로
진주정촌대경파미르,2024-04-13,31000,84.9625,16,2019,삼일로106번길
진주정촌대경파미르,2024-04-13,31900,84.9625,5,2019,삼일로106번길
진주평거우방아이유쉘스카이팰리스,2024-04-15,45000,84.0198,27,2019,진양호로
신안주공3,2024-04-05,15000,59.8,2,1997,석갑로
현대,2024-04-01,16600,84.99,2,1991,모덕로181번길
상대한보타운,2024-04-15,17700,75.06,7,2002,도동천로
일동,2024-04-08,10050,59.86,17,1994,초전북로
진주롯데인벤스,2024-04-15,37500,146.83,10,2008,향교로
진주센트럴자이,2024-04-09,33350,84.956,9,2013,도동천로
엠코타운더프라하,2024-04-03,45300,84.933,10,2014,새평거로
엠코타운더프라하,2024-04-14,61800,101.5684,23,2014,새평거로
금산흥한골든빌,2024-04-04,11900,58.12,13,2002,금산로
진흥더루벤스,2024-04-01,22200,84.9861,15,2009,금산로
진흥더루벤스,2024-04-10,21300,84.9865,5,2009,금산로
금산흥한골든빌,2024-04-12,7500,48.31,2,2002,금산로
진주혁신도시중흥에스-클래스센트럴시티3단지,2024-04-06,49000,84.8046,17,2020,에나로175번길
상대주공,2024-04-10,7000,41.52,5,1980,상대로
진주혁신코오롱하늘채,2024-04-06,35400,75.99,8,2014,사들로
진흥더루벤스,2024-04-04,23500,122.956,11,2009,금산로
진주혁신도시센텀리버파크,2024-04-15,41950,84.95,18,2013,사들로
진주혁신도시중흥에스-클래스더퍼스트,2024-04-06,72500,99.864,13,2020,충의로
현대금빛마을,2024-04-15,11500,84.876,8,2000,진산로
대화리네르빌,2024-04-03,21800,82.3136,7,2007,진주대로
금호석류,2024-04-12,25500,84.87,9,1999,강남로
평거휴먼시아3단지,2024-04-06,46000,84.95,13,2011,새평거로
금산흥한골든빌,2024-04-01,11900,58.12,10,2002,금산로
한주한보,2024-04-11,13500,59.73,14,1995,망경로296번길
혁신도시엘에이치아파트9단지,2024-04-08,32200,59.97,8,2017,사들로
진주혁신도시대방노블랜드더캐슬아파트,2024-04-14,61600,84.9899,7,2018,사들로
스카이시티프라디움,2024-04-06,46800,84.991,29,2019,개양로
진주혁신도시중흥에스-클래스더퍼스트,2024-04-13,68300,99.864,6,2020,충의로
현대금빛마을,2024-04-13,7900,59.28,4,2000,진산로
센트렐웰가,2024-04-13,46000,84.9222,3,2018,진주역로73번길
시티프라디움,2024-04-06,45000,84.9909,11,2020,진주역로
신안주공2,2024-04-07,10500,39.99,1,1996,신안들말길
진주혁신도시중흥에스-클래스더프라임,2024-04-02,53700,84.9858,24,2019,소호로19번길
센트렐웰가,2024-04-13,48700,84.9914,29,2018,진주역로73번길
이현주공,2024-04-15,12000,49.22,3,1983,서장대로
평거현대1,2024-04-12,13500,59.4,11,1993,평거로115번길
흥한타운2,2024-04-12,15500,59.935,10,1995,평거로139번길
경남주택금산7차,2024-04-05,8400,84.97,9,1993,금산순환로
한보타운,2024-04-01,9200,59.94,4,1993,진양호로97번길
진주문산파란채,2024-04-08,22000,84.8829,9,2010,월아산로1048번길
초전해모로루비채2단지,2024-04-01,35800,84.9908,8,2014,초북로
현대성우트리팰리스,2024-04-09,27000,134.53,11,2006,진주대로879번길
현대,2024-04-10,17250,59.96,9,1997,초전남로
시티프라디움,2024-04-08,46800,84.9909,28,2020,진주역로
현대,2024-04-09,21500,59.92,12,2000,진주대로815번길
대동디지털황토,2024-04-06,26000,84.6814,15,2003,가호로44번길
금산흥한골든빌,2024-04-11,5600,37.84,1,2002,금산로
진주강남동일동미라주,2024-04-02,37500,84.9806,23,2021,진주대로891번길
한보,2024-04-06,12900,59.8837,3,1994,진주대로
들말대경,2024-04-06,17800,59.595,12,1998,석갑로53번길
평거휴먼시아3단지,2024-04-08,37000,84.98,4,2011,새평거로
초전해모로루비채4단지,2024-04-05,35600,84.9908,21,2014,초북로
진주초장엠코타운더이스턴파크,2024-04-04,40400,101.828,21,2014,초북로
더퀸즈웰가,2024-04-06,39000,75.6705,1,2015,새평거로
평거대화리네르빌,2024-04-10,17600,68.88,9,2004,순환로559번길
금호석류,2024-04-06,26800,84.87,14,1999,강남로
더퀸즈웰가,2024-04-03,31700,58.4018,8,2015,새평거로
한보타운,2024-04-03,14300,84.6,12,1993,진양호로97번길
현대,2024-04-02,18500,84.93,2,1996,하대로
센트렐웰가,2024-04-09,50600,84.9914,17,2018,진주역로73번길
고려,2024-04-05,6000,59.4,8,1994,동부로
들말대경,2024-04-07,18800,59.595,10,1998,석갑로53번길
신안주공3,2024-04-04,16200,59.8,7,1997,석갑로
평거현대2,2024-04-05,16000,59.92,5,1994,신안들말길
진주정촌대경파미르,2024-04-05,32000,84.9426,10,2019,삼일로106번길
삼호맨션,2024-04-08,8300,56.26,2,1990,하대로106번길
신안주공2,2024-04-03,12350,49.97,15,1996,신안들말길
두산위브,2024-04-07,23000,84.991,17,2009,중장로154번길
신진주역세권우미린더시그니처,2024-04-07,47040,84.9888,13,2024,진주역로
혁신도시엘에이치아파트8단지,2024-04-04,28300,59.97,4,2015,사들로
힐스테이트초전,2024-04-06,39900,84.9196,2,2019,초북로
메이힐스,2024-04-06,29000,84.7604,5,2018,진양호로239번길
혁신도시엘에이치아파트9단지,2024-04-03,28900,59.97,1,2017,사들로
두산위브,2024-04-05,22000,84.995,12,2009,중장로154번길
진주혁신도시중흥에스-클래스센트럴시티2단지,2024-04-07,59000,99.8723,19,2020,에나로
칠암대덕,2024-04-04,13700,59.97,2,2004,진주대로942번길
들말대경,2024-04-06,18400,59.595,13,1998,석갑로53번길
한주타운,2024-04-01,17200,84.63,5,1992,진주대로1208번길
스카이시티프라디움,2024-04-06,46000,84.991,15,2019,개양로
진주우방아이유쉘,2024-04-06,32400,84.9578,12,2017,삼일로
신안주공3,2024-04-04,17100,59.8,5,1997,석갑로
금산흥한골든빌,2024-04-03,12200,58.12,11,2002,금산로
동신,2024-04-01,11000,84.37,3,1990,진양호로125번길
진주혁신코오롱하늘채,2024-04-04,38000,84.95,7,2014,사들로
한보타운,2024-04-05,9200,59.94,4,1993,진양호로97번길
금호석류,2024-04-04,25750,84.87,8,1999,강남로
진주혁신도시대방노블랜드더캐슬아파트,2024-04-05,77300,84.9474,20,2018,사들로
아르피오빌,2024-04-04,8700,58.55,6,2004,북장대로63번길
가호에일린의뜰,2024-04-01,39900,84.9982,5,2012,강변길
초전해모로루비채4단지,2024-04-02,36950,84.9908,18,2014,초북로
동일스위트,2024-04-01,20000,71.7507,19,2008,공단로
한보(하대3차),2024-04-02,14900,84.97,7,1993,남강로
흥한,2024-04-04,8400,84.99,3,1990,선학산길
진주우방아이유쉘,2024-04-04,31000,84.9578,5,2017,삼일로
쌍용,2024-04-01,14800,84.96,5,1996,말티고개로108번길
벽산블루밍(구)동신,2024-04-02,8300,52.53,9,1993,진양호로125번길
금산e편한세상,2024-04-03,29200,121.9893,20,2008,금산순환로80번길
금산흥한골든빌,2024-04-03,8400,48.31,4,2002,금산로
진주혁신도시중흥에스-클래스더프라임,2024-04-03,52000,84.9912,6,2019,소호로19번길
평거휴먼시아4단지,2024-04-03,35000,84.98,5,2011,새평거로
상대주공,2024-04-01,7000,40.99,5,1980,상대로
스카이시티프라디움,2024-04-03,46500,84.9818,10,2019,개양로
진주혁신도시센텀리버파크,2024-04-02,40200,84.95,10,2013,사들로
이현하이클래스웰가,2024-04-02,32200,84.07,17,2008,진주대로
이지더원,2024-04-02,54500,113.588,15,2018,초장로
이지더원,2024-04-02,43500,84.9614,13,2018,초장로
일반성에이원,2024-04-02,9000,59.9461,2,2016,동부로
진주혁신도시중흥에스-클래스더프라임,2024-04-01,50000,84.9858,3,2019,소호로19번길
더퀸즈웰가,2024-04-01,35000,75.6705,5,2015,새평거로
남강휴먼빌,2024-05-27,33000,84.9679,10,2010,순환로
진주초장엠코타운더이스턴파크,2024-05-24,32500,73.6669,8,2014,초북로
동일스위트,2024-05-12,22200,71.7507,7,2008,공단로
동신,2024-05-10,7200,59.92,9,1992,광제산로
상대한주그린,2024-05-04,15500,84.89,6,1999,선학산길
진주혁신도시중흥에스-클래스더퍼스트,2024-05-28,76000,99.9097,16,2020,충의로
진주초장엠코타운더이스턴파크,2024-05-14,32000,84.9915,3,2014,초북로
진주혁신도시중흥에스-클래스더퍼스트,2024-05-28,76000,99.9097,16,2020,충의로
이현하이클래스웰가,2024-05-30,27000,75.07,19,2008,진주대로
진주혁신도시중흥에스-클래스더퍼스트,2024-05-28,76000,99.9097,16,2020,충의로
대림,2024-05-30,10500,59.91,10,1995,말티고개로
더퀸즈웰가,2024-05-31,53500,100.6401,21,2015,새평거로
진주우방아이유쉘,2024-05-31,30000,84.9578,17,2017,삼일로
평거휴먼시아3단지,2024-05-31,42200,84.95,14,2011,새평거로
진주혁신도시대방노블랜드더캐슬아파트,2024-05-29,60800,84.9474,9,2018,사들로
신안주공3,2024-05-28,13850,49.96,6,1997,석갑로
대주엘리시안,2024-05-25,12500,58.284,9,2016,동부로1959번길
현대,2024-05-22,16500,84.945,9,1992,진양호로51번길
금산흥한골든빌,2024-05-30,12800,73.61,14,2002,금산로
현대,2024-05-24,14500,84.99,5,1991,모덕로181번길
대림,2024-05-28,13500,72.238,14,1991,도동천로
진주혁신도시중흥에스-클래스더퍼스트,2024-05-27,70000,99.864,6,2020,충의로
힐스테이트초전,2024-05-26,40900,84.9351,2,2019,초북로
두산위브,2024-05-27,33500,170.356,2,2009,중장로154번길
진주초장엠코타운더이스턴파크,2024-05-24,32000,73.556,7,2014,초북로
흥한타운1,2024-05-22,23800,149.325,4,1993,진양호로328번길
휴앤인엘리시움,2024-05-31,54500,117.768,4,2019,에나로
대림,2024-05-31,8300,72.61,6,1989,남강로
주공그린빌,2024-05-29,18400,59.27,4,2005,내동로348번길
주공그린빌,2024-05-29,17400,51.74,18,2005,내동로348번길
진주평거우방아이유쉘스카이팰리스,2024-05-21,44600,84.2136,21,2019,진양호로
시티프라디움,2024-05-18,47000,84.9941,26,2020,진주역로
센트렐웰가,2024-05-30,39800,75.3872,1,2018,진주역로73번길
혁신도시엘에이치아파트9단지,2024-05-31,32000,59.97,9,2017,사들로
삼전3,2024-05-12,11000,75.73,3,1989,하대로106번길
힐스테이트초전,2024-05-27,44400,84.9196,20,2019,초북로
상평동신,2024-05-27,5000,28.56,15,1997,돗골로117번길
동국강변타워2,2024-05-14,12100,83.75,13,1992,돗골로19번길
진주혁신도시중흥에스-클래스더프라임,2024-05-24,59000,97.7268,14,2019,소호로19번길
진주문산코아루,2024-05-18,30300,84.9867,12,2010,월아산로1117번길
진주문산코아루,2024-05-23,32400,84.591,7,2010,월아산로1117번길
초전해모로루비채4단지,2024-05-26,37450,84.9671,8,2014,초북로
두산위브,2024-05-28,24000,84.991,19,2009,중장로154번길
스카이시티프라디움,2024-05-31,43500,84.9818,4,2019,개양로
진주혁신도시센텀리버파크,2024-05-31,40000,84.83,15,2013,사들로
센트렐웰가,2024-05-31,43300,75.7795,7,2018,진주역로73번길
진주혁신도시대방노블랜드더캐슬아파트,2024-05-22,63000,84.9899,19,2018,사들로
진주우방아이유쉘,2024-05-31,30500,84.9578,5,2017,삼일로
현대,2024-05-27,22750,84.955,6,1997,초전남로
현대,2024-05-31,13400,59.89,6,1996,하대로
진주혁신도시중흥에스-클래스더프라임,2024-05-31,53000,84.9912,7,2019,소호로19번길
이현하이클래스웰가,2024-05-12,29700,84.98,19,2008,진주대로
진주혁신도시대방노블랜드더캐슬아파트,2024-05-17,70000,103.3591,10,2018,사들로
가좌주공1차,2024-05-27,16000,49.94,13,1993,가호로
금산e편한세상,2024-05-25,27000,121.9893,4,2008,금산순환로80번길
청구타운,2024-05-22,16100,59.99,5,1997,대신로475번길
신안주공2,2024-05-31,17300,59.8,11,1996,신안들말길
엠코타운더프라하,2024-05-29,61500,100.8222,16,2014,새평거로
벽산블루밍(구)동신,2024-05-30,8600,59.76,15,1993,진양호로125번길
진주혁신도시대방노블랜드더캐슬아파트,2024-05-10,69500,103.9623,6,2018,사들로
스카이시티프라디움,2024-05-24,46750,84.991,30,2019,개양로
두산위브,2024-05-17,22200,84.994,6,2009,중장로154번길
진주혁신도시대방노블랜드더캐슬아파트,2024-05-26,65200,104.8302,2,2018,사들로
평거현대2,2024-05-18,17200,59.92,12,1994,신안들말길
진주초장엠코타운더이스턴파크,2024-05-31,31500,73.6669,3,2014,초북로
진주혁신도시중흥에스-클래스더프라임,2024-05-30,57300,97.7268,10,2019,소호로19번길
한주한보,2024-05-13,13000,59.73,18,1995,망경로296번길
상대한보타운,2024-05-24,18500,75.06,6,2002,도동천로
벽산블루밍(구)동신,2024-05-28,9800,59.76,16,1993,진양호로125번길
삼성,2024-05-22,16700,59.886,11,1996,동부로43번길
진주혁신도시중흥에스-클래스더퍼스트,2024-05-23,68400,99.864,3,2020,충의로
평거휴먼시아4단지,2024-05-31,26500,59.98,8,2011,새평거로
센트렐웰가,2024-05-24,46000,75.3872,30,2018,진주역로73번길
덕산,2024-05-25,10000,59.73,7,1995,서장대로178번길
이현하이클래스웰가,2024-05-30,27000,75.07,19,2008,진주대로
들말대경,2024-05-25,17200,59.595,4,1998,석갑로53번길
한보(하대3차),2024-05-29,9500,58.5,15,1993,남강로
진주혁신도시중흥에스-클래스센트럴시티3단지,2024-05-29,60000,99.8146,31,2020,에나로175번길
진주정촌대경파미르,2024-05-21,30000,84.9426,14,2019,삼일로106번길
진주푸르지오1단지,2024-05-31,23000,84.9414,13,2007,덕의길
진주혁신도시중흥에스-클래스더퍼스트,2024-05-25,71500,99.864,20,2020,충의로
진주초장엠코타운더이스턴파크,2024-05-24,32500,73.6669,8,2014,초북로
남강휴먼빌,2024-05-27,33000,84.9679,10,2010,순환로
진주혁신도시중흥에스-클래스더퍼스트,2024-05-29,74000,99.864,11,2020,충의로
혁신도시엘에이치5단지,2024-05-25,37000,84.95,5,2014,충의로
한림풀에버,2024-05-08,41300,84.9644,19,2015,소호로
진주혁신도시중흥에스-클래스센트럴시티4단지,2024-05-19,54900,84.9815,12,2020,에나로175번길
포레나신진주,2024-05-24,45000,84.9515,17,2019,진주역로96번길
금산흥한골든빌,2024-05-25,15800,84.88,5,2002,금산로
두산위브,2024-05-26,22300,84.994,17,2009,중장로154번길
힐스테이트초전,2024-05-28,46400,84.9196,19,2019,초북로
그린타운,2024-05-19,11500,68.9,10,1992,석갑로156번길
진주초전푸르지오1단지,2024-05-29,42900,121.144,19,2009,초장로14번길
진주문산코아루,2024-05-22,35000,84.9867,10,2010,월아산로1117번길
흥한타운1,2024-05-22,23800,149.325,4,1993,진양호로328번길
혁신도시엘에이치아파트8단지,2024-05-28,30000,59.97,12,2015,사들로
진주혁신도시대방노블랜드더캐슬아파트,2024-05-15,71000,103.3591,10,2018,사들로
스카이시티프라디움,2024-05-10,47000,84.991,27,2019,개양로
신안주공2,2024-05-15,14500,49.97,3,1996,신안들말길
혁신도시엘에이치아파트9단지,2024-05-31,33000,59.97,19,2017,사들로
진주혁신도시중흥에스-클래스센트럴시티3단지,2024-05-27,53000,84.9815,27,2020,에나로175번길
한보타운,2024-05-31,15000,84.6,13,1993,진양호로97번길
진주정촌대경파미르,2024-05-12,30000,76.253,5,2019,삼일로106번길
진주혁신도시중흥에스-클래스더퍼스트,2024-05-28,76000,99.9097,16,2020,충의로
신안주공1,2024-05-14,23000,84.98,3,1998,신안들말길
센트렐웰가,2024-05-24,46000,75.3872,30,2018,진주역로73번길
진주강남동일동미라주,2024-05-25,40000,84.9806,34,2021,진주대로891번길
대경강남타운,2024-05-14,13250,59.81,8,1997,진주대로891번길
신익무지개,2024-05-29,5300,54.24,4,1987,숙호산로
진주초장엠코타운더이스턴파크,2024-05-31,35000,101.828,23,2014,초북로
들말흥한타운,2024-05-30,21050,59.871,11,1998,석갑로
한주럭키타운,2024-05-21,28000,123.33,4,1990,진주대로
금산흥한골든빌,2024-05-27,18900,84.88,13,2002,금산로
경남빌라다동(240-0),2024-05-11,6300,66.24,6,1991,숙호산로
가좌주공1차,2024-05-29,11700,38.64,10,1993,가호로
망경한보타운,2024-05-27,13100,59.44,15,1997,망경로
진주혁신도시중흥에스-클래스더프라임,2024-05-23,52000,84.9858,6,2019,소호로19번길
금산흥한골든빌,2024-05-08,16000,84.88,12,2002,금산로
진주초전푸르지오1단지,2024-05-30,55700,162.517,15,2009,초장로14번길
두산위브,2024-05-17,30000,139.31,9,2009,중장로154번길
대경그린파크,2024-05-29,11500,59.85,13,1994,순환로573번길
한주타운,2024-05-20,17500,74.95,12,1992,진주대로1208번길
국민주택,2024-05-20,4900,33.39,4,1992,진양호로97번길
초전해모로루비채4단지,2024-05-24,44000,100.8994,10,2014,초북로
진주혁신도시중흥에스-클래스센트럴시티4단지,2024-05-23,50000,84.8046,4,2020,에나로175번길
혁신도시엘에이치5단지,2024-05-25,38900,84.95,7,2014,충의로
금산e편한세상,2024-05-29,26000,121.9893,10,2008,금산순환로80번길
힐스테이트초전,2024-05-25,43700,84.9196,31,2019,초북로
진주혁신도시라온프라이빗아파트,2024-05-24,49000,84.8922,3,2017,대밭골로
더퀸즈웰가,2024-05-21,36700,65.6733,19,2015,새평거로
진주혁신도시대방노블랜드더캐슬아파트,2024-05-20,74000,103.9623,12,2018,사들로
진주푸르지오1단지,2024-05-30,24900,115.1967,4,2007,덕의길
엠코타운더프라하,2024-05-23,68000,119.7937,11,2014,새평거로
더퀸즈웰가,2024-05-28,36900,65.6733,21,2015,새평거로
금산흥한골든빌,2024-05-29,10500,58.12,1,2002,금산로
동일스위트,2024-05-10,28500,84.9692,13,2008,공단로
진주혁신도시중흥에스-클래스센트럴시티4단지,2024-05-16,53800,84.8046,23,2020,에나로175번길
진주혁신코오롱하늘채,2024-05-24,39000,84.95,7,2014,사들로
진주초전푸르지오2단지,2024-05-27,44000,125.029,3,2010,초장로14번길
현대,2024-05-26,19300,84.945,9,1992,진양호로51번길
일반성에이원,2024-05-17,9800,59.9461,7,2016,동부로
들말한보타운,2024-05-20,25200,84.98,2,1997,평거로39번길
평거현대1,2024-05-29,14990,59.4,15,1993,평거로115번길
동일스위트,2024-05-12,22200,71.7507,7,2008,공단로
진주초전푸르지오2단지,2024-05-22,43000,125.029,4,2010,초장로14번길
금호석류,2024-05-23,39500,155.81,2,1999,강남로
평거하우스토리,2024-05-22,38500,108.57,3,2009,진양호로239번길
동일스위트,2024-05-04,19000,59.9647,2,2008,공단로
혁신도시엘에이치아파트8단지,2024-05-11,30500,59.97,5,2015,사들로
주공그린빌,2024-05-28,16500,51.74,6,2005,내동로348번길
금산아이파크,2024-05-09,22400,84.17,16,2004,중천로
진주초전푸르지오2단지,2024-05-24,44200,101.977,20,2010,초장로14번길
금산느티나무,2024-05-14,16400,74.88,10,2003,중천로
진주혁신도시대방노블랜드더캐슬아파트,2024-05-18,68900,103.3591,19,2018,사들로
진주혁신도시중흥에스-클래스더퍼스트,2024-05-11,74000,99.864,17,2020,충의로
진주혁신도시대방노블랜드더캐슬아파트,2024-05-13,65000,103.3591,2,2018,사들로
이현주공,2024-05-23,13500,49.22,3,1983,서장대로
동신,2024-05-18,13300,84.6,1,1992,광제산로
진주혁신도시중흥에스-클래스더프라임,2024-05-21,57700,97.7268,4,2019,소호로19번길
한보타워,2024-05-27,17000,83.93,11,1991,남강로491번길
한주파크맨션,2024-05-03,12000,76.44,11,1990,남강로
한보타운,2024-05-28,11000,59.94,16,1993,진양호로97번길
한보타운,2024-05-28,11000,59.94,16,1993,진양호로97번길
한보은빛마을,2024-05-04,23000,84.86,1,2002,천수로
신안국제맨션,2024-05-27,5500,44.85,3,1987,석갑로
하대주공,2024-05-22,7000,36.2,1,1982,상대로
진주혁신도시대방노블랜드더캐슬아파트,2024-05-20,59700,84.9474,7,2018,사들로
동신,2024-05-21,5500,49.72,1,1992,광제산로
진주혁신도시중흥에스-클래스더프라임,2024-05-10,46000,84.9858,8,2019,소호로19번길
금산흥한골든빌,2024-05-22,5900,37.84,15,2002,금산로
더퀸즈웰가,2024-05-20,31300,58.7908,20,2015,새평거로
센트렐웰가,2024-05-27,52000,84.9914,31,2018,진주역로73번길
허브플러스빌,2024-05-03,16000,81.5,3,2004,대신로299번길
센트렐웰가,2024-05-17,49000,84.9222,12,2018,진주역로73번길
더퀸즈웰가,2024-05-07,56900,100.6401,7,2015,새평거로
평거휴먼시아4단지,2024-05-08,27500,59.98,5,2011,새평거로
이현한주맨션,2024-05-23,9000,83.24,3,1987,서장대로278번길
진주정촌대경파미르,2024-05-27,30000,84.9426,3,2019,삼일로106번길
고려맨션,2024-05-23,6500,80.73,6,1991,서장대로178번길
한보타워,2024-05-25,14400,80.9,7,1991,남강로491번길
진주문산파란채,2024-05-15,20800,84.9015,4,2010,월아산로1048번길
진주문산코아루,2024-05-17,29500,84.9844,16,2010,월아산로1117번길
진주혁신도시중흥에스-클래스더프라임,2024-05-18,52500,84.9912,2,2019,소호로19번길
망경한보타운,2024-05-10,17000,84.82,4,1997,망경로
진주초장엠코타운더이스턴파크,2024-05-22,31300,73.556,4,2014,초북로
진주초장엠코타운더이스턴파크,2024-05-10,35300,84.977,6,2014,초북로
신안주공3,2024-05-22,15000,59.8,2,1997,석갑로
진주혁신도시센텀리버파크,2024-05-10,40600,84.95,10,2013,사들로
진주정촌대경파미르,2024-05-07,33000,84.9426,5,2019,삼일로106번길
금산흥한골든빌,2024-05-10,11300,58.12,2,2002,금산로
상대한주그린,2024-05-04,15500,84.89,6,1999,선학산길
평거주공1차,2024-05-15,9200,39.69,5,1988,진양호로185번길
스카이시티프라디움,2024-05-11,50500,84.9898,25,2019,개양로
상봉2,2024-05-19,7800,53.85,5,1986,진주성로147번길
혁신도시엘에이치아파트9단지,2024-05-18,32000,59.97,15,2017,사들로
신안주공2,2024-05-17,11900,49.97,7,1996,신안들말길
들말대경,2024-05-10,17700,59.595,15,1998,석갑로53번길
한주한보,2024-05-04,15500,59.73,7,1995,망경로296번길
망경한보타운,2024-05-22,19000,84.82,9,1997,망경로
진주혁신도시중흥에스-클래스더퍼스트,2024-05-11,68000,99.864,3,2020,충의로
더퀸즈웰가,2024-05-23,30000,58.7908,12,2015,새평거로
한주타운,2024-05-21,16400,74.95,15,1992,진주대로1208번길
진주혁신도시대방노블랜드더캐슬아파트,2024-05-07,57800,84.9899,4,2018,사들로
신안주공3,2024-05-13,16500,59.8,14,1997,석갑로
진주혁신도시중흥에스-클래스더퍼스트,2024-05-10,71000,99.864,6,2020,충의로
새진주맨션,2024-05-19,8200,66.6,3,1986,모덕로64번길
금호석류,2024-05-22,26000,84.87,11,1999,강남로
진주혁신도시중흥에스-클래스센트럴시티4단지,2024-05-16,61500,99.8146,20,2020,에나로175번길
가좌주공1차,2024-05-20,8000,38.64,10,1993,가호로
현대,2024-05-22,21000,59.92,16,2000,진주대로815번길
현대,2024-05-11,18800,84.93,10,1996,하대로
한림풀에버,2024-05-03,42000,84.9644,10,2015,소호로
초전해모로루비채4단지,2024-05-15,43500,100.8994,5,2014,초북로
스카이시티프라디움,2024-05-22,46300,84.9898,4,2019,개양로
이지더원,2024-05-22,36780,73.2086,8,2018,초장로
진주혁신도시중흥에스-클래스센트럴시티4단지,2024-05-13,52700,84.9815,11,2020,에나로175번길
현대금빛마을,2024-05-22,10300,84.876,7,2000,진산로
진주혁신도시중흥에스-클래스더퍼스트,2024-05-15,81700,113.4763,3,2020,충의로
진주혁신도시중흥에스-클래스더퍼스트,2024-05-11,69000,99.864,9,2020,충의로
초전해모로루비채2단지,2024-05-17,35400,84.9671,6,2014,초북로
진주혁신도시대방노블랜드더캐슬아파트,2024-05-12,59000,84.9899,5,2018,사들로
제일풍경채,2024-05-22,38400,110.7705,5,2007,가좌안골길21번길
주공그린빌,2024-05-10,19500,59.27,15,2005,내동로348번길
신안주공1,2024-05-22,23000,74.83,2,1998,신안들말길
포레나신진주,2024-05-06,47300,84.9515,18,2019,진주역로96번길
신안주공3,2024-05-17,16500,59.8,15,1997,석갑로
혁신도시엘에이치아파트8단지,2024-05-07,29500,59.96,11,2015,사들로
진주혁신코오롱하늘채,2024-05-12,35700,84.95,3,2014,사들로
상대한보타운,2024-05-20,25500,83.52,5,2002,도동천로
센트렐웰가,2024-05-17,37000,59.8868,32,2018,진주역로73번길
대동,2024-05-22,6400,55.97,2,1979,도동천로184번길
들말대경,2024-05-21,17700,59.595,10,1998,석갑로53번길
현대금빛마을,2024-05-22,12000,84.876,15,2000,진산로
현대,2024-05-17,14700,71.175,9,1992,진양호로51번길
현대,2024-05-20,15700,59.96,14,1997,초전남로
진주초장엠코타운더이스턴파크,2024-05-20,29750,59.9983,4,2014,초북로
금산아이파크,2024-05-06,15500,59.78,8,2004,중천로
금산느티나무,2024-05-14,13550,59.42,16,2003,중천로
럭키강변,2024-05-12,14900,74.21,11,1991,남강로
두산위브,2024-05-09,23800,112.897,2,2009,중장로154번길
금산아이파크,2024-05-04,25000,100.94,13,2004,중천로
망경한보타운,2024-05-07,12300,59.44,17,1997,망경로
이현하이클래스웰가,2024-05-10,31500,84.07,18,2008,진주대로
주공그린빌,2024-05-20,17800,51.74,16,2005,내동로348번길
신안국제맨션,2024-05-21,4300,54.2,5,1987,석갑로
삼호그린맨션,2024-05-21,11000,77.69,5,1992,망경로296번길
한보하이타운,2024-05-11,14700,78.81,21,1995,순환로553번길
이현하이클래스웰가,2024-05-11,52700,176.73,16,2008,진주대로
동서훼밀리,2024-05-10,6800,55.89,10,1992,선학산길
혁신도시엘에이치5단지,2024-05-12,38000,84.95,13,2014,충의로
주공그린빌,2024-05-13,26400,84.9,14,2005,내동로348번길
가좌주공1차,2024-05-11,13100,41.3,15,1993,가호로
진주혁신도시센텀리버파크,2024-05-14,40000,75.76,22,2013,사들로
대영,2024-05-05,12500,84.86,3,1992,말티고개로
동신,2024-05-18,7200,59.92,9,1992,광제산로
한림풀에버,2024-05-06,41000,84.9644,11,2015,소호로
주공그린빌,2024-05-20,16500,51.74,3,2005,내동로348번길
현대,2024-05-10,27800,84.98,11,2000,진주대로815번길
삼호맨션,2024-05-15,10900,76.55,3,1990,하대로106번길
진주정촌대경파미르,2024-05-10,30000,76.253,8,2019,삼일로106번길
진주정촌대경파미르,2024-05-08,29000,76.253,10,2019,삼일로106번길
현대,2024-05-11,17500,59.92,2,2000,진주대로815번길
대경,2024-05-17,25000,83.304,13,2000,가호로
신안주공1,2024-05-12,22000,84.98,2,1998,신안들말길
힐스테이트초전,2024-05-19,44700,84.9196,9,2019,초북로
신안주공1,2024-05-14,25500,84.91,3,1998,신안들말길
진주혁신도시대방노블랜드더캐슬아파트,2024-05-06,57000,84.9899,5,2018,사들로
진주정촌대경파미르,2024-05-18,31500,84.9426,10,2019,삼일로106번길
진주혁신도시중흥에스-클래스더프라임,2024-05-18,53000,84.9912,8,2019,소호로19번길
한림풀에버,2024-05-13,42700,84.9088,10,2015,소호로
진주정촌대경파미르,2024-05-10,34100,84.9625,16,2019,삼일로106번길
힐스테이트초전,2024-05-18,43500,84.9196,27,2019,초북로
진주평거우방아이유쉘스카이팰리스,2024-05-13,40650,84.2136,8,2019,진양호로
현대,2024-05-04,21500,59.92,17,2000,진주대로815번길
한주럭키타운,2024-05-06,23400,84.56,8,1990,진주대로
금호석류,2024-05-14,26000,84.87,20,1999,강남로
진흥더루벤스,2024-05-16,24000,122.1795,13,2009,금산로
신안주공2,2024-05-17,13700,49.97,11,1996,신안들말길
동신,2024-05-10,5400,49.72,5,1992,광제산로
진주혁신도시중흥에스-클래스센트럴시티4단지,2024-05-14,52500,84.8046,26,2020,에나로175번길
진주혁신도시대방노블랜드더캐슬아파트,2024-05-17,69000,103.3591,19,2018,사들로
신안주공1,2024-05-12,26700,84.98,5,1998,신안들말길
남강휴먼빌,2024-05-17,31900,84.9499,22,2010,순환로
들말대경,2024-05-03,31000,123.255,5,1998,석갑로53번길
진주초전푸르지오2단지,2024-05-16,44800,125.029,21,2010,초장로14번길
한주타운,2024-05-14,18700,84.63,15,1992,진주대로1208번길
더퀸즈웰가,2024-05-07,38700,75.4984,10,2015,새평거로
삼환나우빌,2024-05-07,52500,129.138,6,2009,진주대로829번길
한림풀에버,2024-05-14,35800,67.3717,6,2015,소호로
대동디지털황토,2024-05-14,26000,84.8805,12,2003,가호로44번길
진흥더루벤스,2024-05-12,24000,122.1795,6,2009,금산로
화광비발디,2024-05-16,17000,84.6132,6,2007,중천로67번길
신안주공2,2024-05-09,12700,49.97,6,1996,신안들말길
현대,2024-05-03,19970,59.92,10,2000,진주대로815번길
벽산블루밍(구)동신,2024-05-06,14000,72.86,15,1993,진양호로125번길
미르젠,2024-05-07,18000,81.81,2,2017,하대로26번길
건영아모리움,2024-05-15,28200,78.8694,18,2017,진양호로225번길
초전흥한,2024-05-07,26200,103.99,2,2001,초전남로
칠암한주타운,2024-05-15,19700,84.725,16,1995,강남로
가좌주공1차,2024-05-15,13000,41.3,7,1993,가호로
진주혁신도시중흥에스-클래스센트럴시티3단지,2024-05-05,50000,84.8046,4,2020,에나로175번길
현대,2024-05-15,25800,84.98,5,2000,진주대로815번길
망경한보타운,2024-05-04,17100,84.82,6,1997,망경로
평거대화리네르빌,2024-05-14,22500,84.71,15,2004,순환로559번길
진주혁신도시중흥에스-클래스센트럴시티4단지,2024-05-14,52500,84.8046,26,2020,에나로175번길
스카이시티프라디움,2024-05-06,48800,84.9898,19,2019,개양로
진주초장엠코타운더이스턴파크,2024-05-03,29500,59.9983,16,2014,초북로
금산흥한골든빌,2024-05-09,11500,58.12,6,2002,금산로
진흥더루벤스,2024-05-01,21000,84.9861,4,2009,금산로
평거현대1,2024-05-11,14900,59.4,13,1993,평거로115번길
이현주공,2024-05-05,13000,49.22,5,1983,서장대로
진주혁신도시중흥에스-클래스더프라임,2024-05-09,50000,84.9912,8,2019,소호로19번길
진주혁신도시중흥에스-클래스더프라임,2024-05-09,50000,84.9912,8,2019,소호로19번길
혁신도시엘에이치아파트9단지,2024-05-14,29000,59.97,2,2017,사들로
진주혁신도시라온프라이빗아파트,2024-05-13,42700,79.0385,5,2017,대밭골로
엠코타운더프라하,2024-05-13,38000,84.9651,16,2014,새평거로
한주럭키타운,2024-05-11,23400,84.81,6,1990,진주대로
제일풍경채,2024-05-04,41500,110.7705,4,2007,가좌안골길21번길
가좌주공1차,2024-05-04,17000,49.94,10,1993,가호로
평거휴먼시아3단지,2024-05-07,35900,84.97,7,2011,새평거로
신안주공3,2024-05-13,15000,49.96,7,1997,석갑로
엠코타운더프라하,2024-05-13,38000,84.9651,16,2014,새평거로
주공그린빌,2024-05-03,15800,51.74,2,2005,내동로348번길
금산흥한골든빌,2024-05-08,16700,84.88,12,2002,금산로
일동,2024-05-13,10400,59.86,9,1994,초전북로
혁신도시엘에이치5단지,2024-05-04,35000,84.95,2,2014,충의로
가좌주공1차,2024-05-12,15750,49.94,2,1993,가호로
진주혁신도시대방노블랜드더캐슬아파트,2024-05-12,69000,103.3591,19,2018,사들로
진주평거우방아이유쉘스카이팰리스,2024-05-11,44600,84.2136,31,2019,진양호로
진주센트럴자이,2024-05-09,55500,120.527,17,2013,도동천로
신안주공1,2024-05-06,24000,84.98,9,1998,신안들말길
대경강변맨션,2024-05-09,12400,84.96,2,1991,남강로503번길
진주평거우방아이유쉘스카이팰리스,2024-05-12,44500,84.8954,6,2019,진양호로
주공그린빌,2024-05-09,19400,59.27,9,2005,내동로348번길
남강카누빌1,2024-05-11,15800,95.71,6,2001,모덕로
진주초장엠코타운더이스턴파크,2024-05-10,35300,84.977,6,2014,초북로
금산아이파크,2024-05-10,15900,59.78,1,2004,중천로
초전해모로루비채2단지,2024-05-08,35000,84.9671,4,2014,초북로
이현하이클래스웰가,2024-05-01,30000,84.78,3,2008,진주대로
이현하이클래스웰가,2024-05-03,24200,75.07,2,2008,진주대로
진주혁신도시중흥에스-클래스더프라임,2024-05-09,50000,84.9912,8,2019,소호로19번길
현대,2024-05-06,15500,59.96,4,1997,초전남로
현대,2024-05-10,19000,84.55,4,1989,천수로
들말한보타운,2024-05-07,26000,84.98,4,1997,평거로39번길
한보은빛마을,2024-05-03,24500,84.86,4,2002,천수로
한보은빛마을,2024-05-03,24500,84.86,4,2002,천수로
금산느티나무,2024-05-04,16200,74.88,11,2003,중천로
대경아르떼빌,2024-05-07,10200,38.09,2,2002,동부로67번길
화인,2024-05-02,8500,65.07,10,1994,상봉대룡길
가좌주공2차,2024-05-10,12500,44.94,2,1993,가호로
평거하우스토리,2024-05-10,46000,134.1,4,2009,진양호로239번길
금산흥한골든빌,2024-05-08,16000,84.88,12,2002,금산로
금산흥한골든빌,2024-05-08,5650,37.84,8,2002,금산로
동성가든타워,2024-05-09,10700,59.4,13,1994,진주대로
청구타운,2024-05-07,13700,59.99,10,1997,대신로475번길
현대,2024-05-07,14000,84.99,4,1991,모덕로181번길
신안주공3,2024-05-07,14000,59.8,1,1997,석갑로
벽산블루밍(구)동신,2024-05-07,10000,59.76,16,1993,진양호로125번길
엠코타운더프라하,2024-05-01,46000,84.9651,22,2014,새평거로
스카이시티프라디움,2024-05-06,46500,84.991,9,2019,개양로
엠코타운더프라하,2024-05-01,71000,118.6034,28,2014,새평거로
진주혁신도시중흥에스-클래스더퍼스트,2024-05-02,69800,99.864,2,2020,충의로
가좌주공1차,2024-05-08,13000,41.3,7,1993,가호로
가좌주공1차,2024-05-08,14000,49.94,13,1993,가호로
망경한보타운,2024-05-02,16250,84.82,4,1997,망경로
상대주공,2024-05-04,6800,40.99,3,1980,상대로
대동,2024-05-06,6600,55.97,5,1979,도동천로184번길
혁신도시엘에이치아파트8단지,2024-05-07,30700,59.97,17,2015,사들로
대림,2024-05-02,16000,136.3,12,1993,향교로115번길
가좌주공1차,2024-05-02,15900,49.94,13,1993,가호로
혁신도시엘에이치아파트8단지,2024-05-07,31300,59.97,13,2015,사들로
진주정촌대경파미르,2024-05-01,32200,84.9625,9,2019,삼일로106번길
진주정촌대경파미르,2024-05-07,29000,76.253,20,2019,삼일로106번길
대화강변마을,2024-05-02,15800,80.38,7,1998,도동천로
칠암한주타운,2024-05-04,21000,108.84,17,1995,강남로
쌍용,2024-05-07,16800,84.96,13,1996,말티고개로108번길
포레나신진주,2024-05-04,43900,84.9543,36,2019,진주역로96번길
현대,2024-05-07,30000,103.94,11,2000,진주대로815번길
진주롯데인벤스,2024-05-07,39500,146.83,11,2008,향교로
진주푸르지오1단지,2024-05-03,22000,84.9414,3,2007,덕의길
이현하이클래스웰가,2024-05-03,30500,84.98,15,2008,진주대로
한림풀에버,2024-05-06,34000,67.1597,3,2015,소호로
진주혁신도시중흥에스-클래스센트럴시티3단지,2024-05-03,63500,99.8146,30,2020,에나로175번길
현대금빛마을,2024-05-04,9500,84.876,12,2000,진산로
진주문산파란채,2024-05-03,21500,84.9015,4,2010,월아산로1048번길
한림풀에버,2024-05-02,41500,84.9088,3,2015,소호로
진주정촌대경파미르,2024-05-06,27300,66.1957,19,2019,삼일로106번길
진주푸르지오1단지,2024-05-05,23200,84.9414,9,2007,덕의길
신안주공3,2024-05-05,11600,39.99,15,1997,석갑로
진주센트럴자이,2024-05-06,33000,84.5289,3,2013,도동천로
힐스테이트초전,2024-05-02,42800,84.9196,2,2019,초북로
초전해모로루비채2단지,2024-05-05,37500,84.9671,19,2014,초북로
남강휴먼빌,2024-05-04,32000,84.9499,24,2010,순환로
현대금빛마을,2024-05-03,6600,59.28,13,2000,진산로
금산느티나무,2024-05-03,11500,59.42,11,2003,중천로
이현주공,2024-05-01,13700,49.22,3,1983,서장대로
이현하이클래스웰가,2024-05-01,30000,84.07,11,2008,진주대로
현대,2024-05-02,19400,84.55,12,1989,천수로
원정로얄팰리스,2024-05-01,22200,76.25,7,2005,진양호로225번길
신안주공1,2024-05-02,22500,84.98,2,1998,신안들말길
신안주공3,2024-05-01,15000,49.96,8,1997,석갑로
힐스테이트초전,2024-06-10,43000,84.9351,19,2019,초북로
진주혁신도시중흥에스-클래스센트럴시티4단지,2024-06-18,56000,84.9815,9,2020,에나로175번길
스카이시티프라디움,2024-06-21,46800,84.9818,13,2019,개양로
동일스위트,2024-06-19,24500,84.725,3,2008,공단로
현대금빛마을,2024-06-07,11700,84.876,12,2000,진산로
진주혁신도시대방노블랜드더캐슬아파트,2024-06-29,60500,84.9474,3,2018,사들로
동일스위트,2024-06-19,24500,84.725,3,2008,공단로
평거휴먼시아4단지,2024-06-24,27000,59.98,6,2011,새평거로
혁신도시엘에이치아파트8단지,2024-06-26,28500,59.97,17,2015,사들로
남강휴먼빌,2024-06-24,33100,84.9499,28,2010,순환로
진주초전푸르지오1단지,2024-06-20,39200,84.77,16,2009,초장로14번길
금호석류,2024-06-25,25500,84.87,9,1999,강남로
한주한보,2024-06-20,14800,59.73,12,1995,망경로296번길
진주초전푸르지오1단지,2024-06-27,36800,84.77,20,2009,초장로14번길
진주정촌대경파미르,2024-06-29,28500,76.253,15,2019,삼일로106번길
벽산블루밍(구)동신,2024-06-26,10700,59.76,4,1993,진양호로125번길
들말대경,2024-06-25,27500,84.99,9,1998,석갑로53번길
진주혁신도시중흥에스-클래스센트럴시티2단지,2024-06-16,60500,99.8723,10,2020,에나로
한림풀에버,2024-06-27,41500,84.9088,13,2015,소호로
현대,2024-06-29,20500,59.92,14,2000,진주대로815번길
현대,2024-06-12,17500,84.93,1,1996,하대로
진주혁신도시중흥에스-클래스센트럴시티3단지,2024-06-28,51000,84.8046,7,2020,에나로175번길
혁신도시엘에이치아파트9단지,2024-06-22,33400,59.97,13,2017,사들로
엠코타운더프라하,2024-06-25,44500,84.9651,29,2014,새평거로
더퀸즈웰가,2024-06-27,32500,58.7908,19,2015,새평거로
주공그린빌,2024-06-27,17500,59.27,2,2005,내동로348번길
주공그린빌,2024-06-27,24000,84.9,2,2005,내동로348번길
스카이시티프라디움,2024-06-21,46800,84.9818,13,2019,개양로
더퀸즈웰가,2024-06-22,43500,84.7157,7,2015,새평거로
이현하이클래스웰가,2024-06-17,27000,75.07,14,2008,진주대로
진주혁신도시라온프라이빗아파트,2024-06-25,51000,84.9087,7,2017,대밭골로
진주혁신도시중흥에스-클래스센트럴시티4단지,2024-06-28,56000,84.9815,9,2020,에나로175번길
진주초전푸르지오1단지,2024-06-30,50600,134.68,8,2009,초장로14번길
포레나신진주,2024-06-12,44500,84.9543,31,2019,진주역로96번길
진주혁신도시대방노블랜드더캐슬아파트,2024-06-14,61800,84.9474,19,2018,사들로
신안주공3,2024-06-18,14300,59.8,1,1997,석갑로
센트렐웰가,2024-06-26,53500,84.8133,26,2018,진주역로73번길
진주초장엠코타운더이스턴파크,2024-06-30,31800,73.556,17,2014,초북로
신안주공3,2024-06-18,14560,59.8,15,1997,석갑로
신안주공3,2024-06-18,14580,59.8,14,1997,석갑로
신안주공3,2024-06-18,14900,59.8,15,1997,석갑로
이현하이클래스웰가,2024-06-30,26700,75.07,17,2008,진주대로
시티프라디움,2024-06-29,47700,84.9909,21,2020,진주역로
진주초전푸르지오1단지,2024-06-20,39200,84.77,16,2009,초장로14번길
이현하이클래스웰가,2024-06-25,46900,148.01,7,2008,진주대로
진주혁신도시대방노블랜드더캐슬아파트,2024-06-25,62500,84.9899,20,2018,사들로
현대금빛마을,2024-06-21,10000,59.28,10,2000,진산로
진주혁신도시대방노블랜드더캐슬아파트,2024-06-27,62000,84.9474,7,2018,사들로
진주혁신코오롱하늘채,2024-06-23,39000,84.95,16,2014,사들로
진주초장엠코타운더이스턴파크,2024-06-05,30700,73.556,25,2014,초북로
그린타운,2024-06-29,10900,68.9,2,1992,석갑로156번길
현대,2024-06-30,21400,59.92,5,2000,진주대로815번길
스카이시티프라디움,2024-06-20,48000,84.991,25,2019,개양로
진주혁신도시중흥에스-클래스더프라임,2024-06-28,52000,84.9912,3,2019,소호로19번길
진주강남동일동미라주,2024-06-27,32300,75.998,10,2021,진주대로891번길
평거휴먼시아3단지,2024-06-19,40500,84.97,14,2011,새평거로
힐스테이트초전,2024-06-29,44000,84.9196,26,2019,초북로
금산흥한골든빌,2024-06-21,12500,58.12,10,2002,금산로
한림풀에버,2024-06-21,36000,67.3717,9,2015,소호로
진주푸르지오1단지,2024-06-17,22200,84.9414,3,2007,덕의길
진주평거엘크루,2024-06-10,49200,84.9195,12,2016,새평거로
두산위브,2024-06-27,30000,138.043,15,2009,중장로154번길
스카이시티프라디움,2024-06-12,50000,84.991,17,2019,개양로
혁신도시엘에이치아파트8단지,2024-06-26,30500,59.97,6,2015,사들로
센트렐웰가,2024-06-22,50000,84.9222,20,2018,진주역로73번길
초전해모로루비채2단지,2024-06-24,33000,84.9671,21,2014,초북로
한보은빛마을,2024-06-29,27800,109.17,10,2002,천수로
이지더원,2024-06-23,36000,73.2086,4,2018,초장로
혁신도시엘에이치아파트8단지,2024-06-22,31000,59.97,18,2015,사들로
진주혁신도시중흥에스-클래스센트럴시티4단지,2024-06-13,54500,84.9815,18,2020,에나로175번길
혁신도시엘에이치아파트8단지,2024-06-12,28800,59.97,11,2015,사들로
두산위브,2024-06-28,21500,84.994,4,2009,중장로154번길
힐스테이트초전,2024-06-21,43700,84.9196,21,2019,초북로
흥한타운,2024-06-22,17800,84.95,5,1995,대신로243번길
동일스위트,2024-06-12,27400,84.725,17,2008,공단로
진주센트럴자이,2024-06-23,36100,84.956,17,2013,도동천로
가좌주공1차,2024-06-18,14700,49.94,5,1993,가호로
혁신도시엘에이치5단지,2024-06-29,35000,84.95,18,2014,충의로
진주혁신도시중흥에스-클래스센트럴시티4단지,2024-06-20,55000,84.9815,15,2020,에나로175번길
가좌주공1차,2024-06-29,12000,38.64,8,1993,가호로
일동,2024-06-26,10500,59.86,13,1994,초전북로
상봉1,2024-06-20,8000,41.389,3,1976,창렬로
한보힐타워,2024-06-30,8000,55.89,4,1992,상대로143번길
흥한,2024-06-18,8900,84.75,5,1990,선학산길
상평동신,2024-06-27,7600,40.56,6,1997,돗골로117번길
진주혁신도시대방노블랜드더캐슬아파트,2024-06-14,60000,84.9474,9,2018,사들로
가좌주공2차,2024-06-26,13400,41.3,4,1993,가호로
덕산,2024-06-17,13300,75.75,5,1995,서장대로178번길
진주혁신도시중흥에스-클래스센트럴시티2단지,2024-06-14,52700,84.9815,8,2020,에나로
신안주공2,2024-06-16,11650,39.99,6,1996,신안들말길
한주럭키타운,2024-06-24,23400,84.81,6,1990,진주대로
진주혁신도시중흥에스-클래스더퍼스트,2024-06-19,85000,113.4763,2,2020,충의로
신안주공2,2024-06-21,15300,59.8,2,1996,신안들말길
엠코타운더프라하,2024-06-14,47450,84.933,35,2014,새평거로
엠코타운더프라하,2024-06-28,47000,84.933,34,2014,새평거로
초전흥한,2024-06-20,23500,84.68,11,2001,초전남로
망경한보타운,2024-06-20,12100,59.44,20,1997,망경로
시티프라디움,2024-06-22,45700,84.9909,36,2020,진주역로
진주문산코아루,2024-06-21,27500,84.9867,6,2010,월아산로1117번길
평거휴먼시아4단지,2024-06-29,35000,84.98,12,2011,새평거로
제일풍경채,2024-06-12,55500,138.9363,4,2007,가좌안골길21번길
스카이시티프라디움,2024-06-21,50000,84.9898,23,2019,개양로
센트렐웰가,2024-06-19,50000,84.8133,30,2018,진주역로73번길
혁신도시엘에이치아파트8단지,2024-06-29,29900,59.97,7,2015,사들로
현대,2024-06-26,15700,59.96,5,1997,초전남로
칠암한주타운,2024-06-24,19500,108.84,7,1995,강남로
현대,2024-06-22,21800,59.92,20,2000,진주대로815번길
초전해모로루비채4단지,2024-06-24,38000,84.9908,10,2014,초북로
대영,2024-06-24,10900,65.97,13,1992,말티고개로
망경한보타운,2024-06-19,19900,84.82,11,1997,망경로
더퀸즈웰가,2024-06-23,34500,66.3912,5,2015,새평거로
진주혁신도시센텀리버파크,2024-06-21,41000,84.95,9,2013,사들로
주공그린빌,2024-06-18,19500,59.27,8,2005,내동로348번길
가좌주공1차,2024-06-23,11500,38.64,10,1993,가호로
센트렐웰가,2024-06-19,49200,84.9222,8,2018,진주역로73번길
평거현대1,2024-06-22,22800,84.75,14,1993,평거로115번길
진주초전푸르지오2단지,2024-06-19,43000,101.977,4,2010,초장로14번길
동신,2024-06-15,10150,84.6,9,1992,광제산로
가좌주공1차,2024-06-28,14300,41.3,11,1993,가호로
진주혁신도시중흥에스-클래스센트럴시티3단지,2024-06-27,50250,84.8046,10,2020,에나로175번길
금산e편한세상,2024-06-21,28300,121.9893,8,2008,금산순환로80번길
진주혁신코오롱하늘채,2024-06-14,37000,75.84,6,2014,사들로
대림,2024-06-22,16500,84.44,14,1995,말티고개로
한림풀에버,2024-06-27,36000,67.3717,9,2015,소호로
주공그린빌,2024-06-27,20000,59.27,12,2005,내동로348번길
남강휴먼빌,2024-06-15,41500,120.5794,24,2010,순환로
진주혁신도시중흥에스-클래스더프라임,2024-06-04,57300,97.7268,7,2019,소호로19번길
신안주공2,2024-06-12,12200,49.97,10,1996,신안들말길
하영무지개맨션,2024-06-25,12000,83.7,12,1993,진양호로
초전흥한,2024-06-14,24200,103.99,3,2001,초전남로
진주혁신도시대방노블랜드더캐슬아파트,2024-06-27,62000,84.9899,5,2018,사들로
더퀸즈웰가,2024-06-23,40000,84.7157,2,2015,새평거로
신진주라비에데시앙,2024-06-07,46560,84.9786,7,2024,개양로
흥한타운2,2024-06-22,15000,59.935,9,1995,평거로139번길
대경,2024-06-12,26000,83.304,13,2000,가호로
주공그린빌,2024-06-26,19300,59.27,18,2005,내동로348번길
금산흥한골든빌,2024-06-25,7850,48.31,2,2002,금산로
송학맨션,2024-06-08,15300,83.26,2,1984,동진로119번길
엠코타운더프라하,2024-06-13,34000,67.2755,2,2014,새평거로
대동디지털황토,2024-06-15,27500,84.6814,10,2003,가호로44번길
센트렐웰가,2024-06-25,44000,75.3872,11,2018,진주역로73번길
금광팰리스,2024-06-03,19000,84.732,7,2011,진양호로570번길
동신,2024-06-14,6500,59.92,4,1992,광제산로
가호에일린의뜰,2024-06-03,41500,84.9982,16,2012,강변길
엠코타운더프라하,2024-06-15,42900,84.933,29,2014,새평거로
진주빌라맨션,2024-06-25,6800,82.3,5,1989,서장대로213번길
포레나신진주,2024-06-06,48000,84.9515,10,2019,진주역로96번길
가좌주공1차,2024-06-17,16500,49.94,13,1993,가호로
신안주공1,2024-06-19,26000,84.98,6,1998,신안들말길
금산흥한골든빌,2024-06-24,5800,37.84,3,2002,금산로
동국한양빌라,2024-06-25,8000,73.26,2,1992,월아산로
더퀸즈웰가,2024-06-10,42800,84.9163,17,2015,새평거로
힐스테이트초전,2024-06-22,47400,91.2066,31,2019,초북로
삼성,2024-06-14,16000,59.886,2,1996,동부로43번길
칠암한주타운,2024-06-25,21000,108.84,17,1995,강남로
한보타운,2024-06-20,14500,84.6,15,1993,진양호로97번길
한주럭키타운,2024-06-19,20500,76.58,11,1990,진주대로
이현하이클래스웰가,2024-06-20,36000,110.1,5,2008,진주대로
진주혁신도시센텀리버파크,2024-06-25,36900,84.95,2,2013,사들로
이현하이클래스웰가,2024-06-20,28000,84.98,1,2008,진주대로
한림풀에버,2024-06-24,42200,84.9088,9,2015,소호로
들말한보타운,2024-06-16,21700,59.8,12,1997,평거로39번길
신안주공1,2024-06-01,25000,84.98,6,1998,신안들말길
한림풀에버,2024-06-07,35000,67.1597,5,2015,소호로
대영,2024-06-16,9600,65.97,1,1992,말티고개로
진주혁신코오롱하늘채,2024-06-14,38200,84.95,12,2014,사들로
한보힐타워,2024-06-15,8500,59.88,6,1992,상대로143번길
금산느티나무,2024-06-03,13500,59.42,7,2003,중천로
금산흥한골든빌,2024-06-24,11800,58.12,9,2002,금산로
한보타운,2024-06-20,9400,59.94,12,1993,진양호로97번길
초전해모로루비채4단지,2024-06-18,43700,100.8994,10,2014,초북로
들말대경,2024-06-07,18300,59.595,8,1998,석갑로53번길
평거현대2,2024-06-18,25200,84.832,11,1994,신안들말길
대동디지털황토,2024-06-23,20800,59.9762,12,2003,가호로44번길
더퀸즈웰가,2024-06-11,42600,84.9163,30,2015,새평거로
힐스테이트초전,2024-06-16,43500,84.9196,6,2019,초북로
혁신도시엘에이치아파트9단지,2024-06-10,30000,59.97,3,2017,사들로
평거휴먼시아4단지,2024-06-01,36200,84.95,10,2011,새평거로
진주초장엠코타운더이스턴파크,2024-06-11,36000,84.977,20,2014,초북로
한보은빛마을,2024-06-21,27000,109.17,8,2002,천수로
신안주공1,2024-06-11,25200,74.83,9,1998,신안들말길
센트렐웰가,2024-06-12,48000,84.9914,3,2018,진주역로73번길
진주푸르지오1단지,2024-06-16,23750,84.9414,7,2007,덕의길
진주혁신도시센텀리버파크,2024-06-18,40900,84.95,16,2013,사들로
동명,2024-06-05,15800,59.8092,7,2007,돗골로
진주초전푸르지오1단지,2024-06-17,39600,84.77,18,2009,초장로14번길
에스디푸른마을,2024-06-13,18800,84.945,2,2010,상봉대룡길
진주푸르지오1단지,2024-06-20,27800,115.1967,10,2007,덕의길
평거현대2,2024-06-21,17000,59.92,5,1994,신안들말길
동서훼밀리,2024-06-05,7200,55.89,8,1992,선학산길
혁신도시엘에이치아파트9단지,2024-06-22,30000,59.97,17,2017,사들로
금산흥한골든빌,2024-06-21,12500,58.12,10,2002,금산로
금산흥한골든빌,2024-06-21,8700,48.31,3,2002,금산로
진주혁신도시중흥에스-클래스더프라임,2024-06-21,54500,84.9858,7,2019,소호로19번길
건영아모리움,2024-06-21,31400,78.466,18,2017,진양호로225번길
주공그린빌,2024-06-08,16500,51.74,7,2005,내동로348번길
문산한양하이빌,2024-06-07,13700,59.1,8,2001,월아산로
힐스테이트초전,2024-06-10,43000,84.9351,19,2019,초북로
두산위브,2024-06-20,21500,84.994,1,2009,중장로154번길
진주혁신도시중흥에스-클래스센트럴시티2단지,2024-06-14,84500,117.7407,20,2020,에나로
더퀸즈웰가,2024-06-14,38500,75.6705,7,2015,새평거로
평거현대2,2024-06-19,15000,59.92,4,1994,신안들말길
신안주공3,2024-06-15,16000,59.8,13,1997,석갑로
두산위브,2024-06-15,23500,84.994,14,2009,중장로154번길
평거휴먼시아4단지,2024-06-08,38800,84.95,4,2011,새평거로
들말한보타운,2024-06-03,26500,84.98,4,1997,평거로39번길
한주한보,2024-06-12,15000,59.73,11,1995,망경로296번길
신안주공2,2024-06-15,12700,49.97,5,1996,신안들말길
혁신도시엘에이치아파트8단지,2024-06-15,28500,59.97,2,2015,사들로
현대,2024-06-08,13000,82.56,9,1985,강남로255번길
센트렐웰가,2024-06-20,43700,75.7795,17,2018,진주역로73번길
진주푸르지오1단지,2024-06-16,21500,84.9414,2,2007,덕의길
진주혁신도시라온프라이빗아파트,2024-06-04,49300,84.8922,25,2017,대밭골로
금산흥한골든빌,2024-06-11,5900,37.84,7,2002,금산로
대경,2024-06-17,23000,83.304,4,2000,가호로
동신,2024-06-14,11700,84.37,2,1990,진양호로125번길
금산느티나무,2024-06-18,16900,74.88,12,2003,중천로
초전해모로루비채4단지,2024-06-09,36750,84.9671,13,2014,초북로
금산흥한골든빌,2024-06-07,15650,73.61,11,2002,금산로
한보타운,2024-06-14,8700,59.94,8,1993,진양호로97번길
금산흥한골든빌,2024-06-03,13300,73.61,3,2002,금산로
한보타운,2024-06-12,9800,59.94,3,1993,진양호로97번길
혁신도시엘에이치아파트9단지,2024-06-10,29500,59.97,4,2017,사들로
진주혁신도시중흥에스-클래스더퍼스트,2024-06-19,69700,99.9097,3,2020,충의로
초전해모로루비채2단지,2024-06-01,33800,84.9671,2,2014,초북로
동진주맨션,2024-06-11,7500,59.19,2,1985,동진로
흥한타운2,2024-06-09,15500,59.935,2,1995,평거로139번길
진주혁신도시대방노블랜드더캐슬아파트,2024-06-18,75500,84.9899,20,2018,사들로
이현하이클래스웰가,2024-06-17,27000,75.07,14,2008,진주대로
칠암대덕,2024-06-17,13800,59.97,5,2004,진주대로942번길
혁신도시엘에이치아파트9단지,2024-06-18,31000,59.97,8,2017,사들로
진주평거엘크루,2024-06-14,48200,84.9195,14,2016,새평거로
들말흥한타운,2024-06-15,17750,59.871,2,1998,석갑로
진주정촌대경파미르,2024-06-11,27500,66.6161,17,2019,삼일로106번길
혁신도시엘에이치아파트8단지,2024-06-12,30200,59.97,12,2015,사들로
스카이시티프라디움,2024-06-12,49300,84.991,33,2019,개양로
망경한보타운,2024-06-13,13200,59.44,7,1997,망경로
진주혁신도시라온프라이빗아파트,2024-06-03,46000,84.8922,25,2017,대밭골로
이현하이클래스웰가,2024-06-18,40000,176.73,3,2008,진주대로
금산흥한골든빌,2024-06-13,11300,58.12,2,2002,금산로
진주정촌대경파미르,2024-06-11,33600,84.9426,12,2019,삼일로106번길
진주혁신도시중흥에스-클래스센트럴시티4단지,2024-06-09,54500,84.9815,21,2020,에나로175번길
진주센트럴자이,2024-06-18,36000,84.5289,17,2013,도동천로
금산흥한골든빌,2024-06-15,14000,73.61,7,2002,금산로
현대,2024-06-03,12500,59.89,20,1996,하대로
대동디지털황토,2024-06-06,26700,84.6814,6,2003,가호로44번길
금산느티나무,2024-06-17,12000,59.42,12,2003,중천로
진주정촌대경파미르,2024-06-17,30000,84.9426,1,2019,삼일로106번길
혁신도시엘에이치아파트8단지,2024-06-11,25100,59.97,1,2015,사들로
한보힐타워,2024-06-15,8500,59.88,6,1992,상대로143번길
금산흥한골든빌,2024-06-15,8700,48.31,4,2002,금산로
일신,2024-06-14,12750,75.78,7,1991,하대로34번길
금산흥한골든빌,2024-06-15,13000,58.12,14,2002,금산로
럭키강변,2024-06-11,16300,74.21,5,1991,남강로
금산아이파크,2024-06-17,18400,59.78,7,2004,중천로
현대,2024-06-17,24800,84.98,1,2000,진주대로815번길
금산흥한골든빌,2024-06-13,10000,58.12,3,2002,금산로
대경,2024-06-07,24400,83.304,3,2000,가호로
진주혁신도시중흥에스-클래스더프라임,2024-06-17,54000,97.7268,1,2019,소호로19번길
주공그린빌,2024-06-07,17900,59.27,3,2005,내동로348번길
주공그린빌,2024-06-13,15970,51.74,15,2005,내동로348번길
주공그린빌,2024-06-06,17000,51.74,17,2005,내동로348번길
센트렐웰가,2024-06-12,44000,75.5364,15,2018,진주역로73번길
가호에일린의뜰,2024-06-01,40800,84.9982,5,2012,강변길
진주혁신코오롱하늘채,2024-06-15,35700,75.84,18,2014,사들로
대동디지털황토,2024-06-06,26700,84.6814,6,2003,가호로44번길
대동디지털황토,2024-06-14,26500,84.8805,1,2003,가호로44번길
현대,2024-06-15,18500,59.92,3,2000,진주대로815번길
한보은빛마을,2024-06-12,26100,109.17,5,2002,천수로
스카이시티프라디움,2024-06-11,46700,84.9818,6,2019,개양로
진주혁신도시중흥에스-클래스센트럴시티4단지,2024-06-15,51500,84.9815,15,2020,에나로175번길
힐스테이트초전,2024-06-08,46800,84.9196,31,2019,초북로
더퀸즈웰가,2024-06-11,53300,100.6401,14,2015,새평거로
진주혁신도시중흥에스-클래스더퍼스트,2024-06-01,67900,99.864,4,2020,충의로
진주문산파란채,2024-06-10,25000,84.8829,13,2010,월아산로1048번길
진주평거엘크루,2024-06-08,39200,72.6786,2,2016,새평거로
진주혁신도시대방노블랜드더캐슬아파트,2024-06-04,59400,84.9474,18,2018,사들로
진주혁신도시중흥에스-클래스센트럴시티4단지,2024-06-12,52500,84.9815,6,2020,에나로175번길
엠코타운더프라하,2024-06-04,43000,84.933,28,2014,새평거로
현대금빛마을,2024-06-07,11700,84.876,12,2000,진산로
더퀸즈웰가,2024-06-13,53300,100.6401,14,2015,새평거로
가호에일린의뜰,2024-06-10,40250,84.9982,21,2012,강변길
현대,2024-06-05,20000,59.92,19,2000,진주대로815번길
진주혁신도시중흥에스-클래스센트럴시티3단지,2024-06-06,57700,84.9815,27,2020,에나로175번길
대림,2024-06-09,10500,59.91,3,1995,말티고개로
진주초전푸르지오2단지,2024-06-10,41000,101.977,17,2010,초장로14번길
하영무지개맨션,2024-06-11,8900,57.3,4,1993,진양호로
진주혁신도시중흥에스-클래스더프라임,2024-06-03,54000,84.9858,11,2019,소호로19번길
진주혁신도시중흥에스-클래스더프라임,2024-06-12,54500,97.7268,2,2019,소호로19번길
신안주공2,2024-06-07,14800,59.8,6,1996,신안들말길
들말대경,2024-06-01,32000,123.255,7,1998,석갑로53번길
금산흥한골든빌,2024-06-10,12850,58.12,5,2002,금산로
상대한보타운,2024-06-01,29500,146.24,3,2002,도동천로
초전흥한,2024-06-01,24600,84.68,6,2001,초전남로
진주정촌대경파미르,2024-06-12,30000,84.9426,4,2019,삼일로106번길
진주혁신코오롱하늘채,2024-06-11,40000,84.95,19,2014,사들로
엠코타운더프라하,2024-06-02,87500,153.2116,25,2014,새평거로
진주초전푸르지오2단지,2024-06-07,43800,101.977,6,2010,초장로14번길
금산아이파크,2024-06-02,14700,59.78,3,2004,중천로
촉석맨션,2024-06-12,8700,66.58,2,1980,솔밭로92번길
진주혁신도시중흥에스-클래스더프라임,2024-06-03,53200,84.9912,9,2019,소호로19번길
주공그린빌,2024-06-12,18000,59.27,15,2005,내동로348번길
엠코타운더프라하,2024-06-07,87800,153.29,17,2014,새평거로
진주혁신코오롱하늘채,2024-06-03,39300,84.95,8,2014,사들로
한림풀에버,2024-06-11,35150,67.1597,24,2015,소호로
힐스테이트초전,2024-06-10,43100,84.9196,17,2019,초북로
진주강남동일동미라주,2024-06-05,37700,84.9806,12,2021,진주대로891번길
진주혁신도시중흥에스-클래스센트럴시티3단지,2024-06-10,52500,84.9815,21,2020,에나로175번길
휴앤인엘리시움,2024-06-07,41500,84.8578,22,2019,에나로
금산느티나무,2024-06-08,11800,59.42,7,2003,중천로
진주푸르지오1단지,2024-06-08,27400,115.1967,6,2007,덕의길
한림풀에버,2024-06-07,35000,67.1597,10,2015,소호로
메이힐스,2024-06-10,27000,84.7604,3,2018,진양호로239번길
들말흥한타운,2024-06-08,19000,59.871,5,1998,석갑로
진주문산파란채,2024-06-06,21200,84.8829,10,2010,월아산로1048번길
건영아모리움,2024-06-07,31200,78.466,12,2017,진양호로225번길
동일스위트,2024-06-07,25300,84.9164,16,2008,공단로
들말한보타운,2024-06-03,29500,84.98,12,1997,평거로39번길
이지더원,2024-06-04,37400,73.2086,19,2018,초장로
진주초전푸르지오1단지,2024-06-03,36200,84.77,3,2009,초장로14번길
휴앤인엘리시움,2024-06-04,41300,84.7831,27,2019,에나로
센트렐웰가,2024-06-08,47900,84.9222,9,2018,진주역로73번길
들말흥한타운,2024-06-01,19000,59.871,5,1998,석갑로
힐스테이트초전,2024-06-05,47500,91.2066,29,2019,초북로
힐스테이트초전,2024-06-04,46700,91.0451,21,2019,초북로
진주혁신도시센텀리버파크,2024-06-06,39800,75.54,12,2013,사들로
신안주공2,2024-06-06,12650,49.97,9,1996,신안들말길
혁신도시엘에이치아파트8단지,2024-06-03,30750,59.97,22,2015,사들로
힐스테이트초전,2024-06-07,44000,84.9351,16,2019,초북로
대동디지털황토,2024-06-06,26700,84.6814,6,2003,가호로44번길
신안주공2,2024-06-04,15500,59.8,15,1996,신안들말길
도운,2024-06-06,7100,54.9,2,1986,남강로
신안주공2,2024-06-07,10000,39.99,8,1996,신안들말길
금호석류,2024-06-06,47500,155.81,18,1999,강남로
동신,2024-06-07,6000,59.92,2,1992,광제산로
금산아이파크,2024-06-02,25800,100.94,7,2004,중천로
진주혁신도시중흥에스-클래스센트럴시티3단지,2024-06-01,50000,84.9815,25,2020,에나로175번길
혁신도시엘에이치아파트9단지,2024-06-05,31000,59.97,6,2017,사들로
진주강남동일동미라주,2024-06-01,33000,84.9831,8,2021,진주대로891번길
가좌주공1차,2024-06-05,13700,44.94,15,1993,가호로
금산아이파크,2024-06-05,20000,84.17,6,2004,중천로
혁신도시엘에이치아파트9단지,2024-06-05,29500,59.97,2,2017,사들로
현대,2024-06-02,26000,84.98,8,2000,진주대로815번길
센트렐웰가,2024-06-04,53000,84.9222,13,2018,진주역로73번길
현대,2024-06-03,13500,84.99,6,1991,모덕로181번길
이현하이클래스웰가,2024-06-01,36800,110.1,7,2008,진주대로
국민3차,2024-06-04,6300,59.35,1,1990,남강로1069번길
흥한타운1,2024-06-03,13200,59.73,10,1993,진양호로328번길
금산느티나무,2024-06-03,18100,84.74,7,2003,중천로
평거휴먼시아4단지,2024-06-04,26600,59.98,5,2011,새평거로
신익무지개,2024-06-03,3800,54.24,5,1987,숙호산로
남강휴먼빌,2024-06-04,39000,133.0285,16,2010,순환로
진주혁신코오롱하늘채,2024-06-03,35300,84.95,1,2014,사들로
금산e편한세상,2024-06-01,26100,121.9893,3,2008,금산순환로80번길
들말흥한타운,2024-06-01,30500,125.61,2,1998,석갑로
들말흥한타운,2024-06-02,18700,59.871,3,1998,석갑로
혁신도시엘에이치아파트9단지,2024-06-01,33000,59.97,19,2017,사들로
혁신도시엘에이치아파트9단지,2024-06-01,31400,59.97,16,2017,사들로
진주문산파란채,2024-07-19,18000,84.8829,2,2010,월아산로1048번길
진주초전푸르지오2단지,2024-07-08,57000,134.969,24,2010,초장로14번길
초전해모로루비채2단지,2024-07-18,35000,84.9671,4,2014,초북로
동신,2024-07-17,11800,78.34,8,1992,광제산로
진주초전푸르지오2단지,2024-07-25,43700,101.977,9,2010,초장로14번길
초전해모로루비채4단지,2024-07-28,37000,84.9908,14,2014,초북로
임광,2024-07-03,8500,55.25,10,1989,모덕로
엠코타운더프라하,2024-07-11,44100,84.933,18,2014,새평거로
벽산블루밍(구)동신,2024-07-23,16200,84.96,10,1993,진양호로125번길
진주혁신도시라온프라이빗아파트,2024-07-29,49500,84.8922,15,2017,대밭골로
신안주공2,2024-07-18,11800,49.97,15,1996,신안들말길
덕산,2024-07-26,12500,75.75,7,1995,서장대로178번길
현대,2024-07-31,20500,84.93,11,1996,하대로
모란,2024-07-25,7750,56.8,3,1982,솔밭로
진주혁신도시라온프라이빗아파트,2024-07-27,52700,84.8922,4,2017,대밭골로
주공그린빌,2024-07-26,25100,84.9,10,2005,내동로348번길
주공그린빌,2024-07-29,19800,59.27,12,2005,내동로348번길
진주혁신코오롱하늘채,2024-07-26,38000,84.95,12,2014,사들로
진주혁신도시중흥에스-클래스더퍼스트,2024-07-31,75000,99.9097,14,2020,충의로
센트렐웰가,2024-07-23,38000,59.45,26,2018,진주역로73번길
진주혁신코오롱하늘채,2024-07-11,39200,84.95,17,2014,사들로
상대한보타운,2024-07-31,18300,75.06,5,2002,도동천로
한주럭키타운,2024-07-20,34000,123.33,13,1990,진주대로
진주혁신도시중흥에스-클래스더프라임,2024-07-14,55000,84.9912,13,2019,소호로19번길
금산아이파크,2024-07-23,18400,59.78,7,2004,중천로
주공그린빌,2024-07-18,19300,59.27,18,2005,내동로348번길
혁신도시엘에이치아파트8단지,2024-07-20,30000,59.97,4,2015,사들로
진주혁신도시중흥에스-클래스센트럴시티4단지,2024-07-22,65300,99.8146,13,2020,에나로175번길
평거현대1,2024-07-31,23500,84.75,10,1993,평거로115번길
한주럭키타운,2024-07-19,23000,84.81,9,1990,진주대로
진주초장엠코타운더이스턴파크,2024-07-17,35700,84.977,2,2014,초북로
혁신도시엘에이치아파트8단지,2024-07-19,32200,59.97,13,2015,사들로
진주혁신도시대방노블랜드더캐슬아파트,2024-07-21,64000,84.9899,7,2018,사들로
진주혁신도시중흥에스-클래스센트럴시티4단지,2024-07-20,65000,99.8723,32,2020,에나로175번길
현대,2024-07-30,23100,84.955,14,1997,초전남로
진주혁신코오롱하늘채,2024-07-11,39200,84.95,17,2014,사들로
벽산블루밍(구)동신,2024-07-22,9500,52.53,5,1993,진양호로125번길
힐스테이트초전,2024-07-30,46500,91.0451,6,2019,초북로
스카이시티프라디움,2024-07-28,48600,84.9898,9,2019,개양로
진주강남동일동미라주,2024-07-31,34100,84.9831,7,2021,진주대로891번길
한림풀에버,2024-07-31,42000,84.9088,15,2015,소호로
진주푸르지오2단지,2024-07-19,23500,84.9726,6,2007,덕의길
상평동신,2024-07-25,7500,40.56,2,1997,돗골로117번길
대화리네르빌,2024-07-18,21500,82.3136,6,2007,진주대로
진주혁신도시중흥에스-클래스더퍼스트,2024-07-19,73000,99.9097,16,2020,충의로
현대,2024-07-26,36000,127.69,9,2000,진주대로815번길
현대,2024-07-24,27700,84.98,10,2000,진주대로815번길
혁신도시엘에이치아파트9단지,2024-07-31,34500,59.97,22,2017,사들로
현대,2024-07-24,31000,103.94,5,2000,진주대로815번길
진주혁신도시센텀리버파크,2024-07-31,43500,84.88,7,2013,사들로
삼성,2024-07-20,20200,84.93,9,1996,동부로43번길
진주정촌대경파미르,2024-07-13,30000,84.9426,2,2019,삼일로106번길
신안주공2,2024-07-26,14500,49.97,13,1996,신안들말길
한림풀에버,2024-07-31,43300,84.9088,11,2015,소호로
진주평거엘크루,2024-07-23,50500,84.9195,9,2016,새평거로
진주혁신도시중흥에스-클래스센트럴시티4단지,2024-07-19,64500,99.8146,32,2020,에나로175번길
초전해모로루비채2단지,2024-07-30,34500,84.9908,7,2014,초북로
진주초장엠코타운더이스턴파크,2024-07-15,32630,73.556,14,2014,초북로
혁신도시엘에이치아파트8단지,2024-07-26,27900,59.97,2,2015,사들로
들말흥한타운,2024-07-25,36200,125.61,6,1998,석갑로
진주혁신도시중흥에스-클래스더퍼스트,2024-07-20,70000,99.864,3,2020,충의로
진주혁신도시라온프라이빗아파트,2024-07-29,49500,84.8922,15,2017,대밭골로
센트렐웰가,2024-07-22,38000,59.4732,22,2018,진주역로73번길
상대주공,2024-07-26,6400,42.12,5,1980,상대로
진주초장엠코타운더이스턴파크,2024-07-20,32300,73.6669,24,2014,초북로
힐스테이트초전,2024-07-27,44500,84.9196,11,2019,초북로
이현하이클래스웰가,2024-07-28,36500,110.1,26,2008,진주대로
남강휴먼빌,2024-07-29,30000,84.9499,12,2010,순환로
진주초전푸르지오2단지,2024-07-25,43700,101.977,9,2010,초장로14번길
진주문산파란채,2024-07-19,18000,84.8829,2,2010,월아산로1048번길
진주혁신도시센텀리버파크,2024-07-15,40500,84.95,15,2013,사들로
진주초전푸르지오1단지,2024-07-25,47800,134.68,15,2009,초장로14번길
진주초장엠코타운더이스턴파크,2024-07-22,32800,73.6669,15,2014,초북로
더퀸즈웰가,2024-07-20,32500,58.7908,20,2015,새평거로
신안주공3,2024-07-25,17000,59.8,14,1997,석갑로
포레나신진주,2024-07-09,46900,84.9515,17,2019,진주역로96번길
석류맨션,2024-07-16,6800,59.58,2,1987,공단로44번길
금산아이파크,2024-07-10,25700,115.68,6,2004,중천로
삼성,2024-07-10,19300,84.93,13,1996,동부로43번길
평거현대2,2024-07-25,18300,59.92,5,1994,신안들말길
들말흥한타운,2024-07-23,35800,125.61,4,1998,석갑로
상대주공,2024-07-30,6900,41.52,5,1980,상대로
진주혁신도시라온프라이빗아파트,2024-07-09,50800,84.9087,15,2017,대밭골로
진주혁신도시센텀리버파크,2024-07-20,42500,84.95,12,2013,사들로
한림풀에버,2024-07-28,35700,67.3717,18,2015,소호로
초전해모로루비채4단지,2024-07-28,37000,84.9908,14,2014,초북로
포레나신진주,2024-07-09,46900,84.9515,17,2019,진주역로96번길
들말대경,2024-07-22,27000,84.99,4,1998,석갑로53번길
혁신도시엘에이치아파트8단지,2024-07-30,31300,59.97,10,2015,사들로
진주혁신도시라온프라이빗아파트,2024-07-29,50500,84.8922,20,2017,대밭골로
진주우방아이유쉘,2024-07-25,31900,84.9578,14,2017,삼일로
한보은빛마을,2024-07-17,24600,84.86,11,2002,천수로
진주혁신도시라온프라이빗아파트,2024-07-29,52000,84.8922,19,2017,대밭골로
진주혁신도시중흥에스-클래스더프라임,2024-07-17,55000,84.9912,13,2019,소호로19번길
진주혁신도시라온프라이빗아파트,2024-07-17,51400,84.8922,15,2017,대밭골로
신안주공2,2024-07-23,14400,49.97,5,1996,신안들말길
들말한보타운,2024-07-24,39400,120.66,10,1997,평거로39번길
평거휴먼시아4단지,2024-07-20,28800,59.98,13,2011,새평거로
혁신도시엘에이치아파트9단지,2024-07-27,33500,59.97,12,2017,사들로
진주혁신코오롱하늘채,2024-07-13,40000,84.95,19,2014,사들로
미르젠,2024-07-25,14500,52.47,6,2017,하대로26번길
더퀸즈웰가,2024-07-26,39000,75.6705,25,2015,새평거로
힐스테이트초전,2024-07-28,44250,84.9351,7,2019,초북로
더퀸즈웰가,2024-07-23,55000,100.6401,29,2015,새평거로
혁신도시엘에이치아파트8단지,2024-07-30,31000,59.97,14,2015,사들로
망경한보타운,2024-07-26,14300,76.34,4,1997,망경로
하영그린맨션,2024-07-09,12200,82.65,10,1992,진양호로97번길
망경한보타운,2024-07-22,13400,76.34,11,1997,망경로
혁신도시엘에이치아파트9단지,2024-07-14,32500,59.97,14,2017,사들로
혁신도시엘에이치아파트8단지,2024-07-27,30000,59.97,8,2015,사들로
초전해모로루비채4단지,2024-07-25,36000,84.9908,19,2014,초북로
한보타워,2024-07-26,12450,79.26,6,1991,남강로491번길
신안주공2,2024-07-26,11400,39.99,4,1996,신안들말길
혁신도시엘에이치아파트8단지,2024-07-30,31300,59.97,10,2015,사들로
금산아이파크,2024-07-24,25000,115.68,9,2004,중천로
센트렐웰가,2024-07-27,52000,84.9914,24,2018,진주역로73번길
금산흥한골든빌,2024-07-20,15500,73.61,12,2002,금산로
한림풀에버,2024-07-22,42200,84.9644,23,2015,소호로
센트렐웰가,2024-07-14,52000,84.9222,21,2018,진주역로73번길
문산한양하이빌,2024-07-31,13000,79.0,5,2001,월아산로
혁신도시엘에이치아파트9단지,2024-07-31,29200,59.97,1,2017,사들로
하영그린맨션,2024-07-16,11900,82.65,8,1992,진양호로97번길
진주혁신도시센텀리버파크,2024-07-25,40250,84.95,9,2013,사들로
신안주공2,2024-07-18,11800,49.97,15,1996,신안들말길
들말대경,2024-07-26,24000,76.23,7,1998,석갑로53번길
금산흥한골든빌,2024-07-21,15000,73.61,7,2002,금산로
진주초전푸르지오1단지,2024-07-31,45500,134.68,13,2009,초장로14번길
신안주공3,2024-07-29,17200,59.8,5,1997,석갑로
동신,2024-07-16,6300,59.92,3,1992,광제산로
신안주공2,2024-07-19,13000,59.8,4,1996,신안들말길
현대,2024-07-19,17100,71.175,8,1992,진양호로51번길
흥한스위트,2024-07-25,12800,59.73,10,1998,신안로
벽산블루밍(구)동신,2024-07-23,16200,84.96,10,1993,진양호로125번길
현대,2024-07-25,19300,84.945,4,1992,진양호로51번길
한양,2024-07-03,8900,59.97,11,1996,월아산로
주공그린빌,2024-07-22,19000,59.27,11,2005,내동로348번길
주공그린빌,2024-07-05,22700,84.9,1,2005,내동로348번길
금호석류,2024-07-23,24000,84.87,3,1999,강남로
일동,2024-07-26,10900,59.86,9,1994,초전북로
주공그린빌,2024-07-29,20000,59.27,13,2005,내동로348번길
진주정촌대경파미르,2024-07-20,30900,84.9426,3,2019,삼일로106번길
혁신도시엘에이치아파트9단지,2024-07-21,31000,59.97,22,2017,사들로
진주혁신도시중흥에스-클래스더프라임,2024-07-22,52000,84.9912,5,2019,소호로19번길
진주정촌대경파미르,2024-07-24,29300,76.253,10,2019,삼일로106번길
들말대경,2024-07-24,34000,123.255,14,1998,석갑로53번길
스카이시티프라디움,2024-07-20,52900,84.9898,33,2019,개양로
가좌주공1차,2024-07-23,16450,49.94,8,1993,가호로
한보타운,2024-07-29,13400,84.6,15,1993,진양호로97번길
센트렐웰가,2024-07-24,53000,84.9222,23,2018,진주역로73번길
진주초전푸르지오1단지,2024-07-16,52000,162.517,7,2009,초장로14번길
가좌주공1차,2024-07-24,13200,41.3,13,1993,가호로
진주문산코아루,2024-07-13,37700,114.9123,8,2010,월아산로1117번길
동일스위트,2024-07-30,22200,71.7507,7,2008,공단로
진주초전푸르지오2단지,2024-07-05,57800,134.969,12,2010,초장로14번길
진주혁신도시중흥에스-클래스더프라임,2024-07-17,55000,84.9912,13,2019,소호로19번길
가호에일린의뜰,2024-07-27,36000,77.8216,15,2012,강변길
신안주공3,2024-07-30,14500,49.96,9,1997,석갑로
대동디지털황토,2024-07-27,21500,59.9762,14,2003,가호로44번길
진주센트럴자이,2024-07-23,33100,84.5289,6,2013,도동천로
남강휴먼빌,2024-07-29,42000,133.0285,9,2010,순환로
대림,2024-07-22,10500,72.61,4,1989,남강로
진주혁신도시센텀리버파크,2024-07-23,40000,84.95,4,2013,사들로
센트렐웰가,2024-07-24,46200,75.5364,33,2018,진주역로73번길
진주혁신도시센텀리버파크,2024-07-22,41500,84.95,12,2013,사들로
들말대경,2024-07-15,24500,76.23,14,1998,석갑로53번길
현대,2024-07-24,20200,59.92,5,2000,진주대로815번길
더퀸즈웰가,2024-07-16,36000,65.6733,18,2015,새평거로
진주강남동일동미라주,2024-07-10,35000,75.998,30,2021,진주대로891번길
평거휴먼시아4단지,2024-07-06,35700,84.95,9,2011,새평거로
삼전프라자,2024-07-29,14200,76.545,3,1996,도동로
진주혁신도시중흥에스-클래스더퍼스트,2024-07-15,73500,99.864,14,2020,충의로
진주푸르지오1단지,2024-07-25,27500,115.1967,13,2007,덕의길
들말한보타운,2024-07-18,24800,76.61,14,1997,평거로39번길
상대한보타운,2024-07-10,23000,83.52,5,2002,도동천로
들말한보타운,2024-07-15,20550,59.8,10,1997,평거로39번길
진흥더루벤스,2024-07-08,25000,122.956,19,2009,금산로
대림,2024-07-19,10000,59.91,7,1995,말티고개로
하영그린맨션,2024-07-12,11400,82.65,4,1992,진양호로97번길
진주혁신도시중흥에스-클래스센트럴시티4단지,2024-07-19,59000,84.9815,23,2020,에나로175번길
엠코타운더프라하,2024-07-11,44100,84.933,18,2014,새평거로
금산느티나무,2024-07-12,12800,59.42,8,2003,중천로
진주혁신도시중흥에스-클래스더프라임,2024-07-23,57800,97.7268,1,2019,소호로19번길
진주혁신도시중흥에스-클래스센트럴시티3단지,2024-07-19,64300,99.8146,13,2020,에나로175번길
진주초장엠코타운더이스턴파크,2024-07-23,32500,73.556,8,2014,초북로
평거휴먼시아3단지,2024-07-17,39800,84.95,8,2011,새평거로
센트렐웰가,2024-07-13,50800,84.9222,23,2018,진주역로73번길
제일풍경채,2024-07-20,47500,138.9363,8,2007,가좌안골길21번길
센트렐웰가,2024-07-05,50000,84.9222,32,2018,진주역로73번길
한주파크맨션,2024-07-10,11400,59.4,7,1990,남강로
혁신도시엘에이치5단지,2024-07-21,36900,84.95,12,2014,충의로
힐스테이트초전,2024-07-27,43000,84.9351,2,2019,초북로
들말흥한타운,2024-07-19,23500,77.391,12,1998,석갑로
센트렐웰가,2024-07-27,38000,59.45,26,2018,진주역로73번길
신안주공2,2024-07-24,14500,49.97,13,1996,신안들말길
혁신도시엘에이치아파트8단지,2024-07-26,28500,59.97,4,2015,사들로
진주정촌대경파미르,2024-07-13,30000,84.9426,3,2019,삼일로106번길
진주초전푸르지오1단지,2024-07-27,38000,84.77,17,2009,초장로14번길
들말흥한타운,2024-07-23,28000,77.391,10,1998,석갑로
평거휴먼시아4단지,2024-07-24,27900,59.98,8,2011,새평거로
진주초전푸르지오1단지,2024-07-24,46800,134.68,1,2009,초장로14번길
진주혁신도시센텀리버파크,2024-07-18,39100,84.95,5,2013,사들로
엠코타운더프라하,2024-07-22,59800,100.8222,29,2014,새평거로
두산위브,2024-07-14,23900,84.994,15,2009,중장로154번길
진주혁신도시센텀리버파크,2024-07-25,39000,84.95,5,2013,사들로
진주혁신도시중흥에스-클래스센트럴시티3단지,2024-07-15,60000,99.8723,7,2020,에나로175번길
진주혁신도시라온프라이빗아파트,2024-07-20,50000,84.9087,15,2017,대밭골로
대흥빌라,2024-07-02,9200,72.26,2,1988,평거로284번길
혁신도시엘에이치아파트8단지,2024-07-25,30000,59.97,25,2015,사들로
초전해모로루비채2단지,2024-07-18,35000,84.9671,4,2014,초북로
한주타운,2024-07-17,17000,84.63,12,1992,진주대로1208번길
진주혁신도시중흥에스-클래스더퍼스트,2024-07-21,72200,99.9097,17,2020,충의로
더퀸즈웰가,2024-07-25,38300,75.4984,11,2015,새평거로
현대성우트리팰리스,2024-07-01,25000,106.07,7,2006,진주대로879번길
힐스테이트초전,2024-07-23,44700,84.9196,16,2019,초북로
현대,2024-07-18,23500,84.96,1,2000,진주대로815번길
혁신도시엘에이치아파트9단지,2024-07-25,32500,59.97,11,2017,사들로
혁신도시엘에이치아파트9단지,2024-07-19,33400,59.97,16,2017,사들로
한림풀에버,2024-07-25,37200,67.1597,22,2015,소호로
현대,2024-07-13,15000,59.96,10,1997,초전남로
진주혁신도시센텀리버파크,2024-07-25,40250,84.95,9,2013,사들로
평거휴먼시아3단지,2024-07-01,36000,84.95,12,2011,새평거로
들말대경,2024-07-01,29500,123.255,11,1998,석갑로53번길
혁신도시엘에이치아파트9단지,2024-07-15,33700,59.97,23,2017,사들로
대동디지털황토,2024-07-14,21400,59.9762,10,2003,가호로44번길
현대,2024-07-14,13800,59.89,4,1996,하대로
진주초장엠코타운더이스턴파크,2024-07-17,35700,84.977,2,2014,초북로
주공그린빌,2024-07-08,18000,51.74,15,2005,내동로348번길
진주혁신도시중흥에스-클래스더퍼스트,2024-07-16,74000,99.864,13,2020,충의로
현대금빛마을,2024-07-24,11500,84.876,8,2000,진산로
한보힐타워,2024-07-13,7600,55.89,1,1992,상대로143번길
포레나신진주,2024-07-07,47500,84.9515,26,2019,진주역로96번길
상대주공,2024-07-15,6800,40.99,2,1980,상대로
가호에일린의뜰,2024-07-17,36300,77.8216,20,2012,강변길
이지더원,2024-07-24,46800,84.9614,23,2018,초장로
금호석류,2024-07-23,33000,84.87,12,1999,강남로
진주문산코아루,2024-07-24,28500,84.9867,9,2010,월아산로1117번길
엠코타운더프라하,2024-07-23,45800,84.9651,26,2014,새평거로
상봉2,2024-07-19,8150,53.85,1,1986,진주성로147번길
진주강남동일동미라주,2024-07-16,36500,84.9806,10,2021,진주대로891번길
엠코타운더프라하,2024-07-23,45800,84.9651,26,2014,새평거로
진주혁신도시중흥에스-클래스더프라임,2024-07-13,62000,97.7268,8,2019,소호로19번길
남강휴먼빌,2024-07-19,31900,84.9376,12,2010,순환로
흥한타운1,2024-07-15,31500,149.325,7,1993,진양호로328번길
평거휴먼시아4단지,2024-07-11,27200,59.98,5,2011,새평거로
대화리네르빌,2024-07-18,22000,82.3136,5,2007,진주대로
상봉1,2024-07-17,8000,40.44,3,1976,창렬로
주공그린빌,2024-07-19,19000,59.27,15,2005,내동로348번길
월산아크로빌,2024-07-01,12500,84.7869,4,2005,공치고개길
혁신도시엘에이치5단지,2024-07-04,32800,75.84,11,2014,충의로
청구타운,2024-07-18,14750,59.99,4,1997,대신로475번길
진주푸르지오2단지,2024-07-22,33800,139.6609,20,2007,덕의길
혁신도시엘에이치아파트8단지,2024-07-11,31000,59.96,9,2015,사들로
하대주공,2024-07-23,7000,35.64,1,1982,상대로
진주혁신도시중흥에스-클래스더퍼스트,2024-07-11,73000,99.864,9,2020,충의로
하대주공,2024-07-10,9500,44.3,4,1982,상대로
진주혁신도시중흥에스-클래스센트럴시티4단지,2024-07-08,51400,84.9815,6,2020,에나로175번길
신안국제맨션,2024-07-22,4000,40.04,4,1987,석갑로
들말대경,2024-07-03,19000,59.595,12,1998,석갑로53번길
진주초장엠코타운더이스턴파크,2024-07-15,32630,73.556,14,2014,초북로
하대주공,2024-07-09,6500,36.2,5,1982,상대로
진주혁신도시라온프라이빗아파트,2024-07-10,48500,84.8922,6,2017,대밭골로
힐스테이트초전,2024-07-15,46900,91.2066,32,2019,초북로
힐스테이트초전,2024-07-16,44500,84.9196,8,2019,초북로
진주혁신도시중흥에스-클래스더프라임,2024-07-22,72500,110.6238,15,2019,소호로19번길
신안주공2,2024-07-11,12650,49.97,11,1996,신안들말길
진주혁신도시중흥에스-클래스센트럴시티3단지,2024-07-15,51000,84.8046,9,2020,에나로175번길
진주강남동일동미라주,2024-07-12,43000,109.9586,3,2021,진주대로891번길
진주혁신도시중흥에스-클래스더퍼스트,2024-07-06,73000,99.9097,18,2020,충의로
주공그린빌,2024-07-20,20700,59.27,15,2005,내동로348번길
주공그린빌,2024-07-20,20700,59.27,15,2005,내동로348번길
한림풀에버,2024-07-16,43000,84.9088,15,2015,소호로
혁신도시엘에이치아파트9단지,2024-07-14,32500,59.97,14,2017,사들로
진주혁신도시중흥에스-클래스더프라임,2024-07-06,53000,84.9858,5,2019,소호로19번길
힐스테이트초전,2024-07-02,47700,91.2066,26,2019,초북로
평거현대1,2024-07-12,28900,114.59,11,1993,평거로115번길
진주혁신도시중흥에스-클래스센트럴시티4단지,2024-07-21,57800,84.9815,11,2020,에나로175번길
진주혁신도시중흥에스-클래스센트럴시티4단지,2024-07-21,57800,84.9815,11,2020,에나로175번길
혁신도시엘에이치아파트9단지,2024-07-20,33500,59.97,14,2017,사들로
한보,2024-07-18,12500,84.9575,2,1994,진주대로
한림풀에버,2024-07-15,41800,84.9644,21,2015,소호로
진주혁신코오롱하늘채,2024-07-11,39200,84.95,17,2014,사들로
혁신도시엘에이치아파트8단지,2024-07-16,31900,59.98,19,2015,사들로
진주강남동일동미라주,2024-07-13,39800,84.9806,17,2021,진주대로891번길
동신,2024-07-20,11800,78.34,8,1992,광제산로
도동대림,2024-07-10,13700,73.375,12,1992,하대로40번길
센트렐웰가,2024-07-10,37300,59.8868,26,2018,진주역로73번길
진주혁신도시중흥에스-클래스더퍼스트,2024-07-01,70000,99.864,3,2020,충의로
망경한보타운,2024-07-06,15000,84.82,1,1997,망경로
진주초전푸르지오1단지,2024-07-16,43500,121.144,3,2009,초장로14번길
진주초장엠코타운더이스턴파크,2024-07-19,30900,73.6669,6,2014,초북로
현대,2024-07-18,23800,101.97,5,1996,하대로
진주혁신도시중흥에스-클래스센트럴시티4단지,2024-07-12,62000,99.8146,7,2020,에나로175번길
혁신도시엘에이치5단지,2024-07-10,32480,75.84,3,2014,충의로
한보은빛마을,2024-07-12,30000,125.12,2,2002,천수로
진주혁신도시중흥에스-클래스센트럴시티4단지,2024-07-06,54900,84.9815,9,2020,에나로175번길
진주푸르지오2단지,2024-07-19,23500,84.9726,6,2007,덕의길
임광,2024-07-15,10500,55.25,4,1989,모덕로
진주푸르지오1단지,2024-07-15,27800,115.1967,19,2007,덕의길
진주평거우방아이유쉘스카이팰리스,2024-07-16,41700,84.0198,9,2019,진양호로
엠코타운더프라하,2024-07-14,41700,84.933,3,2014,새평거로
가호에일린의뜰,2024-07-19,40000,84.9982,16,2012,강변길
한림풀에버,2024-07-14,40500,84.9088,7,2015,소호로
현대,2024-07-14,14800,59.96,1,1997,초전남로
하영그린맨션,2024-07-16,11900,82.65,8,1992,진양호로97번길
신진주라비에데시앙,2024-07-11,47935,84.9301,5,2024,개양로
청구타운,2024-07-09,29000,134.97,8,1997,대신로475번길
진주정촌대경파미르,2024-07-09,26900,66.1957,19,2019,삼일로106번길
진주초장엠코타운더이스턴파크,2024-07-09,38500,101.5255,3,2014,초북로
금산e편한세상,2024-07-19,20900,84.9746,3,2008,금산순환로80번길
혁신도시엘에이치아파트8단지,2024-07-18,31300,59.97,15,2015,사들로
경남빌라다동(240-0),2024-07-07,6500,77.92,3,1991,숙호산로
흥한타운2,2024-07-15,16800,59.935,6,1995,평거로139번길
진주혁신도시대방노블랜드더캐슬아파트,2024-07-12,72000,104.8302,8,2018,사들로
진주혁신도시대방노블랜드더캐슬아파트,2024-07-18,61500,84.9899,3,2018,사들로
진주혁신도시센텀리버파크,2024-07-09,40300,84.95,18,2013,사들로
흥한타운2,2024-07-13,15380,59.935,11,1995,평거로139번길
현대,2024-07-01,26300,84.98,4,2000,진주대로815번길
한주파크맨션,2024-07-08,10500,59.4,4,1990,남강로
신안주공1,2024-07-09,24000,84.98,7,1998,신안들말길
금산흥한골든빌,2024-07-15,11800,58.12,13,2002,금산로
들말한보타운,2024-07-03,18200,59.8,3,1997,평거로39번길
진주혁신도시중흥에스-클래스센트럴시티2단지,2024-07-13,54000,84.9815,12,2020,에나로
월드트레비앙,2024-07-14,19000,84.58,9,2005,돗골로106번길
센트렐웰가,2024-07-07,52700,84.8133,25,2018,진주역로73번길
들말흥한타운,2024-07-05,19600,59.871,8,1998,석갑로
한림풀에버,2024-07-04,41500,84.9644,16,2015,소호로
평거휴먼시아3단지,2024-07-05,35000,84.97,2,2011,새평거로
스카이시티프라디움,2024-07-17,50000,84.991,20,2019,개양로
신안주공2,2024-07-16,16200,49.97,8,1996,신안들말길
평거현대1,2024-07-09,12500,59.4,7,1993,평거로115번길
금산흥한골든빌,2024-07-11,19100,84.88,14,2002,금산로
현대금빛마을,2024-07-03,10900,84.876,4,2000,진산로
주공그린빌,2024-07-01,24000,84.9,2,2005,내동로348번길
두산위브,2024-07-04,24500,112.397,1,2009,중장로154번길
진주혁신도시중흥에스-클래스센트럴시티2단지,2024-07-09,67500,99.8723,30,2020,에나로
포레나신진주,2024-07-09,46900,84.9515,17,2019,진주역로96번길
두산위브,2024-07-06,23000,84.991,17,2009,중장로154번길
평거휴먼시아4단지,2024-07-14,36000,84.98,14,2011,새평거로
남강휴먼빌,2024-07-16,33000,84.9376,24,2010,순환로
진주초전푸르지오2단지,2024-07-08,57000,134.969,24,2010,초장로14번길
임광,2024-07-03,8500,55.25,10,1989,모덕로
주공그린빌,2024-07-01,24000,84.9,2,2005,내동로348번길
시티프라디움,2024-07-15,48800,84.9941,30,2020,진주역로
엠코타운더프라하,2024-07-07,69500,119.7937,15,2014,새평거로
현대,2024-07-16,18000,117.84,12,1991,모덕로181번길
진흥더루벤스,2024-07-07,23500,122.1795,3,2009,금산로
주공그린빌,2024-07-11,19400,59.27,18,2005,내동로348번길
혁신도시엘에이치아파트8단지,2024-07-12,30500,59.97,19,2015,사들로
센트렐웰가,2024-07-07,39000,59.4732,20,2018,진주역로73번길
한보은빛마을,2024-07-15,25000,84.86,7,2002,천수로
포레나신진주,2024-07-02,47500,84.9543,22,2019,진주역로96번길
가호에일린의뜰,2024-07-09,43000,84.9982,20,2012,강변길
가호에일린의뜰,2024-07-01,42000,84.9982,10,2012,강변길
현대,2024-07-15,12700,72.98,12,1991,모덕로181번길
한보타운,2024-07-13,14500,84.6,19,1993,진양호로97번길
상대한보타운,2024-07-04,13900,59.88,1,2002,도동천로
신안주공1,2024-07-16,21900,84.91,4,1998,신안들말길
상평동신,2024-07-04,7500,40.56,9,1997,돗골로117번길
남강휴먼빌,2024-07-02,47000,158.9164,20,2010,순환로
진주초전푸르지오1단지,2024-07-08,43000,121.144,19,2009,초장로14번길
남강휴먼빌,2024-07-04,43000,158.9164,18,2010,순환로
우신파크맨션,2024-07-04,10000,84.64,7,1992,숙호산로
힐스테이트초전,2024-07-05,44000,84.9196,26,2019,초북로
한주한보,2024-07-15,11400,59.73,10,1995,망경로296번길
시티프라디움,2024-07-07,47700,84.9941,33,2020,진주역로
이현하이클래스웰가,2024-07-12,35600,110.1,18,2008,진주대로
진주혁신도시중흥에스-클래스센트럴시티4단지,2024-07-10,64500,99.8146,24,2020,에나로175번길
시티프라디움,2024-07-02,46000,84.9941,35,2020,진주역로
가좌주공2차,2024-07-11,11350,38.64,15,1993,가호로
이현하이클래스웰가,2024-07-10,27400,75.07,14,2008,진주대로
현대,2024-07-07,15800,59.96,2,1997,초전남로
(신안)대림맨션,2024-07-10,9300,78.31,3,1988,천수로298번길
진주초장엠코타운더이스턴파크,2024-07-12,37000,84.977,29,2014,초북로
평거휴먼시아3단지,2024-07-13,36900,84.95,3,2011,새평거로
평거휴먼시아3단지,2024-07-06,40500,84.95,11,2011,새평거로
진주혁신도시중흥에스-클래스더프라임,2024-07-14,55000,84.9912,13,2019,소호로19번길
진주정촌대경파미르,2024-07-14,27800,66.1957,18,2019,삼일로106번길
국민주택,2024-07-08,5200,33.39,8,1992,진양호로97번길
평거휴먼시아4단지,2024-07-07,28600,59.98,11,2011,새평거로
포레나신진주,2024-07-06,47500,84.9543,14,2019,진주역로96번길
진주혁신도시중흥에스-클래스더프라임,2024-07-13,60900,97.7268,18,2019,소호로19번길
진주우방아이유쉘,2024-07-07,32200,84.9758,9,2017,삼일로
진주혁신도시대방노블랜드더캐슬아파트,2024-07-08,64800,103.3591,2,2018,사들로
현대,2024-07-09,12800,59.89,16,1996,하대로
센트렐웰가,2024-07-12,50000,84.8133,16,2018,진주역로73번길
현대,2024-07-04,13900,59.89,13,1996,하대로
힐스테이트초전,2024-07-03,48000,91.2066,19,2019,초북로
들말흥한타운,2024-07-05,31500,84.89,6,1998,석갑로
신안주공1,2024-07-08,26300,84.98,14,1998,신안들말길
진주혁신도시센텀리버파크,2024-07-12,37000,75.97,10,2013,사들로
청구타운,2024-07-09,29000,134.97,8,1997,대신로475번길
더퀸즈웰가,2024-07-04,31500,58.4018,20,2015,새평거로
진주혁신도시중흥에스-클래스더퍼스트,2024-07-10,74800,99.864,15,2020,충의로
진주초장엠코타운더이스턴파크,2024-07-02,38000,101.828,10,2014,초북로
남강휴먼빌,2024-07-04,30700,84.9499,1,2010,순환로
진주문산코아루,2024-07-06,28500,84.9867,10,2010,월아산로1117번길
현대,2024-07-09,13600,72.98,5,1991,모덕로181번길
초전해모로루비채2단지,2024-07-01,34800,84.9908,12,2014,초북로
들말흥한타운,2024-07-10,20400,59.871,8,1998,석갑로
진주혁신도시중흥에스-클래스더퍼스트,2024-07-10,74800,99.864,15,2020,충의로
주공그린빌,2024-07-02,19100,59.27,17,2005,내동로348번길
원정로얄팰리스,2024-07-05,34000,97.75,4,2005,진양호로225번길
금산흥한골든빌,2024-07-08,7000,37.84,3,2002,금산로
힐스테이트초전,2024-07-10,44000,84.9196,10,2019,초북로
금산흥한골든빌,2024-07-09,12950,58.12,12,2002,금산로
들말대경,2024-07-06,18400,59.595,15,1998,석갑로53번길
금산흥한골든빌,2024-07-10,16000,84.88,12,2002,금산로
금산흥한골든빌,2024-07-05,6000,37.84,6,2002,금산로
동국한양빌라,2024-07-06,9700,84.48,13,1992,월아산로
금산e편한세상,2024-07-04,22000,84.9746,20,2008,금산순환로80번길
센트렐웰가,2024-07-09,50000,84.9914,16,2018,진주역로73번길
덕산,2024-07-02,15000,84.96,7,1995,서장대로178번길
진주평거엘크루,2024-07-02,40000,72.6786,2,2016,새평거로
이현하이클래스웰가,2024-07-08,30700,84.07,14,2008,진주대로
진주혁신도시중흥에스-클래스센트럴시티4단지,2024-07-09,54000,84.8046,24,2020,에나로175번길
진주혁신도시중흥에스-클래스더프라임,2024-07-01,54200,84.9858,17,2019,소호로19번길
한림풀에버,2024-07-02,40000,84.9088,5,2015,소호로
진주문산파란채,2024-07-02,22000,84.9015,13,2010,월아산로1048번길
포레나신진주,2024-07-05,44200,84.9543,3,2019,진주역로96번길
조선빌라,2024-07-08,12500,61.64,4,2005,창렬로14번길
더퀸즈웰가,2024-07-06,40000,84.7157,4,2015,새평거로
진주정촌대경파미르,2024-07-07,31700,84.9426,6,2019,삼일로106번길
한림풀에버,2024-07-04,43500,84.9644,18,2015,소호로
진주푸르지오2단지,2024-07-03,33000,139.6609,13,2007,덕의길
진주푸르지오1단지,2024-07-03,23000,84.9414,3,2007,덕의길
금산아이파크,2024-07-05,15800,59.78,12,2004,중천로
진주혁신도시센텀리버파크,2024-07-02,39000,84.95,17,2013,사들로
순화천사의마을,2024-07-02,15500,59.817,4,2004,순환로559번길
들말흥한타운,2024-07-05,19600,59.871,8,1998,석갑로
두산위브,2024-07-04,23500,84.991,16,2009,중장로154번길
진주롯데인벤스,2024-07-05,35000,138.18,4,2008,향교로
평거휴먼시아4단지,2024-07-02,25300,59.98,3,2011,새평거로
현대금빛마을,2024-07-05,9900,84.876,4,2000,진산로
진주롯데인벤스,2024-07-05,33500,146.83,17,2008,향교로
혁신도시엘에이치5단지,2024-07-04,32800,75.84,11,2014,충의로
엠코타운더프라하,2024-07-04,43100,84.933,30,2014,새평거로
더퀸즈웰가,2024-07-03,31000,58.7908,28,2015,새평거로
금산흥한골든빌,2024-07-03,5700,37.84,11,2002,금산로
진주정촌대경파미르,2024-07-03,29900,84.9426,3,2019,삼일로106번길
진주혁신도시중흥에스-클래스더프라임,2024-07-02,59900,97.7268,10,2019,소호로19번길
진주혁신도시센텀리버파크,2024-07-02,36800,84.95,2,2013,사들로
혁신도시엘에이치5단지,2024-07-02,38900,84.95,7,2014,충의로
진주혁신코오롱하늘채,2024-07-01,37000,84.95,2,2014,사들로
혁신도시엘에이치아파트8단지,2024-07-01,30000,59.97,18,2015,사들로
일반성에이원,2024-07-01,9000,59.9461,5,2016,동부로
진주혁신도시중흥에스-클래스센트럴시티4단지,2024-08-02,56900,84.9815,13,2020,에나로175번길
힐스테이트초전,2024-08-31,45300,84.9196,21,2019,초북로
대동디지털황토,2024-08-31,27700,84.6814,6,2003,가호로44번길
힐스테이트초전,2024-08-31,46000,84.9196,16,2019,초북로
상봉1,2024-08-28,6300,40.96,1,1976,창렬로
엠코타운더프라하,2024-08-31,47800,84.9651,29,2014,새평거로
힐스테이트초전,2024-08-05,44500,84.9196,11,2019,초북로
진주혁신도시라온프라이빗아파트,2024-08-22,52600,84.8922,19,2017,대밭골로
진주푸르지오2단지,2024-08-15,23900,84.9414,20,2007,덕의길
한보타운,2024-08-29,14000,84.6,8,1993,진양호로97번길
시티프라디움,2024-08-13,45900,84.9909,9,2020,진주역로
금호석류,2024-08-03,27000,84.87,16,1999,강남로
벽산블루밍(구)동신,2024-08-16,7300,52.53,7,1993,진양호로125번길
신안주공2,2024-08-24,16500,59.8,5,1996,신안들말길
삼환나우빌,2024-08-22,58000,129.138,23,2009,진주대로829번길
진주혁신도시중흥에스-클래스더퍼스트,2024-08-08,72000,99.9097,2,2020,충의로
신안주공3,2024-08-15,16100,59.8,13,1997,석갑로
현대,2024-08-16,27000,84.96,5,2000,진주대로815번길
진주혁신도시중흥에스-클래스더퍼스트,2024-08-10,74400,99.864,10,2020,충의로
한림풀에버,2024-08-29,44500,84.9644,11,2015,소호로
진주혁신도시중흥에스-클래스센트럴시티2단지,2024-08-29,69500,99.8723,29,2020,에나로
금산흥한골든빌,2024-08-31,8300,48.31,14,2002,금산로
신안주공2,2024-08-29,13000,49.97,12,1996,신안들말길
들말한보타운,2024-08-28,19000,59.8,8,1997,평거로39번길
들말대경,2024-08-30,23000,76.23,15,1998,석갑로53번길
더퀸즈웰가,2024-08-30,33500,58.4018,12,2015,새평거로
평거휴먼시아3단지,2024-08-30,40000,84.98,6,2011,새평거로
이현하이클래스웰가,2024-08-27,42500,127.76,6,2008,진주대로
초전흥한,2024-08-27,23500,103.99,13,2001,초전남로
가좌주공1차,2024-08-29,15500,49.94,11,1993,가호로
금호석류,2024-08-16,25500,84.87,20,1999,강남로
신안주공2,2024-08-28,17150,59.8,8,1996,신안들말길
더퀸즈웰가,2024-08-31,59000,100.8805,15,2015,새평거로
진주초장엠코타운더이스턴파크,2024-08-30,32500,73.556,24,2014,초북로
진흥더루벤스,2024-08-31,27300,122.1795,16,2009,금산로
진주혁신도시중흥에스-클래스센트럴시티3단지,2024-08-31,61000,99.8723,4,2020,에나로175번길
주공그린빌,2024-08-29,16200,51.74,3,2005,내동로348번길
삼호그린맨션,2024-08-30,11000,77.69,4,1992,망경로296번길
진주혁신코오롱하늘채,2024-08-27,39900,84.95,17,2014,사들로
가좌주공1차,2024-08-27,15900,49.94,5,1993,가호로
신안주공3,2024-08-15,16100,59.8,13,1997,석갑로
하영무지개맨션,2024-08-30,11000,83.7,1,1993,진양호로
더퀸즈웰가,2024-08-27,31400,58.4018,6,2015,새평거로
이현하이클래스웰가,2024-08-14,28500,84.98,13,2008,진주대로
신안주공3,2024-08-24,13000,49.96,8,1997,석갑로
제일풍경채,2024-08-14,46000,138.9363,9,2007,가좌안골길21번길
금산흥한골든빌,2024-08-31,8400,48.31,8,2002,금산로
한보(하대3차),2024-08-28,9300,58.5,13,1993,남강로
진주초전푸르지오2단지,2024-08-29,51500,134.969,17,2010,초장로14번길
가좌주공1차,2024-08-27,15900,49.94,5,1993,가호로
두산위브,2024-08-31,29300,138.043,6,2009,중장로154번길
진주혁신도시센텀리버파크,2024-08-26,40000,75.97,11,2013,사들로
금산아이파크,2024-08-30,20600,84.17,7,2004,중천로
현대,2024-08-30,18300,84.55,8,1989,천수로
센트렐웰가,2024-08-27,39700,59.4732,17,2018,진주역로73번길
현대,2024-08-30,16700,71.175,4,1992,진양호로51번길
삼전프라자,2024-08-21,13200,76.545,6,1996,도동로
진주초장엠코타운더이스턴파크,2024-08-26,36950,101.5255,3,2014,초북로
센트렐웰가,2024-08-20,53000,84.9222,9,2018,진주역로73번길
더퀸즈웰가,2024-08-31,33300,58.4018,22,2015,새평거로
남강휴먼빌,2024-08-25,31500,84.9499,18,2010,순환로
들말흥한타운,2024-08-30,24500,84.89,3,1998,석갑로
들말대경,2024-08-24,18900,59.595,10,1998,석갑로53번길
혁신도시엘에이치아파트8단지,2024-08-29,31000,59.98,17,2015,사들로
진주혁신도시라온프라이빗아파트,2024-08-29,52500,84.8827,25,2017,대밭골로
에스디푸른마을,2024-08-26,17600,84.652,1,2010,상봉대룡길
진주혁신도시중흥에스-클래스센트럴시티2단지,2024-08-30,54000,84.9815,20,2020,에나로
진주평거우방아이유쉘스카이팰리스,2024-08-27,41000,84.2136,6,2019,진양호로
진주평거우방아이유쉘스카이팰리스,2024-08-24,41800,84.2136,17,2019,진양호로
엠코타운더프라하,2024-08-24,43900,84.9651,29,2014,새평거로
금산e편한세상,2024-08-31,22100,84.9746,3,2008,금산순환로80번길
동일스위트,2024-08-19,24000,84.9692,2,2008,공단로
평거휴먼시아3단지,2024-08-31,39600,84.95,4,2011,새평거로
진주혁신도시중흥에스-클래스센트럴시티2단지,2024-08-30,72500,117.7407,28,2020,에나로
한주한보,2024-08-31,19800,84.14,18,1995,망경로296번길
한보(하대3차),2024-08-27,8800,58.5,4,1993,남강로
현대,2024-08-31,15500,59.96,3,1997,초전남로
더퀸즈웰가,2024-08-28,32900,58.4018,11,2015,새평거로
신진주역세권우미린더시그니처,2024-08-28,70400,116.8943,11,2024,진주역로
진주혁신코오롱하늘채,2024-08-25,39700,84.95,8,2014,사들로
진주혁신도시중흥에스-클래스센트럴시티3단지,2024-08-18,61800,99.8723,13,2020,에나로175번길
동신,2024-08-22,6200,64.5,4,1990,망진산길
칠암한주타운,2024-08-23,16300,59.98,13,1995,강남로
두산위브,2024-08-26,23000,84.991,4,2009,중장로154번길
더퀸즈웰가,2024-08-26,33650,58.4018,26,2015,새평거로
진주혁신도시대방노블랜드더캐슬아파트,2024-08-23,65000,84.9899,13,2018,사들로
진주혁신도시중흥에스-클래스더퍼스트,2024-08-18,74000,99.864,9,2020,충의로
일반성에이원,2024-08-20,12700,84.4822,7,2016,동부로
진주혁신도시대방노블랜드더캐슬아파트,2024-08-14,71400,103.3591,10,2018,사들로
대주엘리시안,2024-08-27,12000,58.284,5,2016,동부로1959번길
진주초장엠코타운더이스턴파크,2024-08-27,38000,101.5255,16,2014,초북로
진주혁신도시중흥에스-클래스센트럴시티4단지,2024-08-04,53000,84.9815,12,2020,에나로175번길
혁신도시엘에이치아파트9단지,2024-08-27,34000,59.97,22,2017,사들로
힐스테이트초전,2024-08-27,44500,84.9196,8,2019,초북로
상평동신,2024-08-29,7900,40.56,9,1997,돗골로117번길
벽산블루밍(구)동신,2024-08-16,7300,52.53,7,1993,진양호로125번길
진주초장엠코타운더이스턴파크,2024-08-27,39300,101.828,21,2014,초북로
동일스위트,2024-08-19,24000,131.3163,4,2008,공단로
금산느티나무,2024-08-23,17000,84.74,13,2003,중천로
혁신도시엘에이치5단지,2024-08-21,32500,75.99,2,2014,충의로
더퀸즈웰가,2024-08-01,31250,58.7908,4,2015,새평거로
혁신도시엘에이치아파트8단지,2024-08-04,30000,59.97,7,2015,사들로
진주정촌대경파미르,2024-08-30,30800,84.9426,1,2019,삼일로106번길
엠코타운더프라하,2024-08-26,47300,84.9651,30,2014,새평거로
엠코타운더프라하,2024-08-13,91500,153.2116,29,2014,새평거로
더퀸즈웰가,2024-08-21,40800,75.6705,18,2015,새평거로
진주정촌대경파미르,2024-08-31,28300,66.1957,8,2019,삼일로106번길
화인,2024-08-25,12800,83.315,10,1994,상봉대룡길
더퀸즈웰가,2024-08-21,32000,58.4018,32,2015,새평거로
신안주공2,2024-08-27,15500,59.8,13,1996,신안들말길
진주강남동일동미라주,2024-08-12,34300,84.9831,11,2021,진주대로891번길
진주초장엠코타운더이스턴파크,2024-08-23,31950,73.556,16,2014,초북로
이현하이클래스웰가,2024-08-25,35900,110.1,4,2008,진주대로
한보타운,2024-08-24,14000,84.6,8,1993,진양호로97번길
더퀸즈웰가,2024-08-24,40400,75.4984,10,2015,새평거로
평거하우스토리,2024-08-19,41500,108.57,9,2009,진양호로239번길
진주혁신도시중흥에스-클래스센트럴시티4단지,2024-08-04,53000,84.9815,12,2020,에나로175번길
금산e편한세상,2024-08-19,24400,125.5173,4,2008,금산순환로80번길
엠코타운더프라하,2024-08-28,68000,118.6034,16,2014,새평거로
엠코타운더프라하,2024-08-21,46200,84.9651,6,2014,새평거로
더퀸즈웰가,2024-08-22,60000,100.6401,16,2015,새평거로
엠코타운더프라하,2024-08-24,47800,84.9651,29,2014,새평거로
한주럭키타운,2024-08-15,21400,76.58,5,1990,진주대로
현대,2024-08-26,18250,59.92,1,2000,진주대로815번길
럭키강변,2024-08-19,9250,74.53,1,1991,남강로
현대,2024-08-22,26400,143.07,20,1996,하대로
신안주공3,2024-08-29,15800,59.8,5,1997,석갑로
현대,2024-08-16,27000,84.96,5,2000,진주대로815번길
힐스테이트초전,2024-08-30,45600,84.9196,25,2019,초북로
진주혁신도시라온프라이빗아파트,2024-08-23,45500,79.0385,3,2017,대밭골로
힐스테이트초전,2024-08-31,45300,84.9196,21,2019,초북로
센트렐웰가,2024-08-31,53500,84.9222,20,2018,진주역로73번길
진주혁신도시대방노블랜드더캐슬아파트,2024-08-31,66400,84.9899,8,2018,사들로
힐스테이트초전,2024-08-26,43900,84.9196,5,2019,초북로
진주정촌대경파미르,2024-08-31,32000,84.9625,3,2019,삼일로106번길
힐스테이트초전,2024-08-31,46000,84.9196,16,2019,초북로
혁신도시엘에이치아파트8단지,2024-08-26,30300,59.97,18,2015,사들로
진주우방아이유쉘,2024-08-27,31000,84.9578,4,2017,삼일로
대동디지털황토,2024-08-31,27700,84.6814,6,2003,가호로44번길
금산흥한골든빌,2024-08-30,8100,48.31,3,2002,금산로
금산흥한골든빌,2024-08-24,11500,58.12,4,2002,금산로
더퀸즈웰가,2024-08-30,36000,65.6733,18,2015,새평거로
엠코타운더프라하,2024-08-30,39200,67.2755,22,2014,새평거로
금산흥한골든빌,2024-08-30,8000,48.31,12,2002,금산로
이현주공,2024-08-12,11000,49.22,2,1983,서장대로
한림풀에버,2024-08-26,40500,84.9644,15,2015,소호로
현대,2024-08-22,16000,59.96,9,1997,초전남로
평거휴먼시아3단지,2024-08-17,40000,84.95,12,2011,새평거로
가좌주공1차,2024-08-27,11350,38.64,1,1993,가호로
가좌주공2차,2024-08-27,12300,44.94,1,1993,가호로
신안주공2,2024-08-21,16500,59.8,5,1996,신안들말길
하대주공,2024-08-20,7400,36.2,4,1982,상대로
더퀸즈웰가,2024-08-30,32700,58.7908,32,2015,새평거로
힐스테이트초전,2024-08-24,44000,84.9196,8,2019,초북로
포레나신진주,2024-08-05,49700,84.9515,22,2019,진주역로96번길
하영무지개맨션,2024-08-08,9000,57.3,10,1993,진양호로
금산e편한세상,2024-08-22,23000,84.9746,15,2008,금산순환로80번길
순화천사의마을,2024-08-20,13500,59.817,4,2004,순환로559번길
초전흥한,2024-08-27,23500,103.99,13,2001,초전남로
진주초전푸르지오2단지,2024-08-19,58800,134.969,21,2010,초장로14번길
진주초전푸르지오1단지,2024-08-23,37500,84.77,12,2009,초장로14번길
신안주공2,2024-08-27,18400,59.8,14,1996,신안들말길
진주혁신도시대방노블랜드더캐슬아파트,2024-08-20,72000,103.3591,15,2018,사들로
한보하이타운,2024-08-08,16000,84.51,20,1995,순환로553번길
금산느티나무,2024-08-27,16000,74.88,6,2003,중천로
진주초전푸르지오1단지,2024-08-23,43000,121.144,22,2009,초장로14번길
금호석류,2024-08-27,33000,84.87,12,1999,강남로
이현하이클래스웰가,2024-08-26,34800,84.98,15,2008,진주대로
진주혁신도시중흥에스-클래스더퍼스트,2024-08-18,73300,99.864,6,2020,충의로
힐스테이트초전,2024-08-05,44500,84.9196,11,2019,초북로
진주혁신코오롱하늘채,2024-08-09,42000,84.95,14,2014,사들로
신안주공2,2024-08-24,11700,39.99,1,1996,신안들말길
진주혁신코오롱하늘채,2024-08-19,40500,84.95,10,2014,사들로
진주센트럴자이,2024-08-16,35500,84.9059,10,2013,도동천로
진주우방아이유쉘,2024-08-29,29500,84.9578,18,2017,삼일로
동신,2024-08-23,5800,59.92,2,1992,광제산로
혁신도시엘에이치아파트8단지,2024-08-28,31000,59.97,8,2015,사들로
동진빌라,2024-08-13,12000,146.39,1,1990,석갑로173번길
대경,2024-08-23,10500,59.85,8,1992,도동로264번길
한주파크맨션,2024-08-11,14000,76.44,12,1990,남강로
한림풀에버,2024-08-18,36450,67.1597,9,2015,소호로
한주파크맨션,2024-08-23,11000,59.4,13,1990,남강로
이현주공,2024-08-26,13000,49.22,4,1983,서장대로
힐스테이트초전,2024-08-27,46200,84.9196,7,2019,초북로
진주혁신도시중흥에스-클래스더퍼스트,2024-08-23,74700,99.864,18,2020,충의로
시티프라디움,2024-08-10,47300,84.9909,21,2020,진주역로
진주혁신도시센텀리버파크,2024-08-20,40500,84.95,8,2013,사들로
주공그린빌,2024-08-08,16800,59.27,1,2005,내동로348번길
가좌주공2차,2024-08-12,12800,44.94,8,1993,가호로
진주문산코아루,2024-08-14,28500,84.9867,3,2010,월아산로1117번길
현대,2024-08-26,18250,59.92,1,2000,진주대로815번길
주공그린빌,2024-08-12,20500,59.27,6,2005,내동로348번길
주공그린빌,2024-08-18,16900,51.74,8,2005,내동로348번길
주공그린빌,2024-08-11,17500,51.74,17,2005,내동로348번길
동국강변타워2,2024-08-26,8000,59.98,8,1992,돗골로19번길
주공그린빌,2024-08-09,24000,84.9,2,2005,내동로348번길
진주초전푸르지오2단지,2024-08-27,56000,134.969,10,2010,초장로14번길
혁신도시엘에이치아파트8단지,2024-08-19,31000,59.97,10,2015,사들로
도동대림,2024-08-10,22200,84.23,10,1992,하대로40번길
엠코타운더프라하,2024-08-23,47400,84.933,10,2014,새평거로
하대주공,2024-08-21,8500,36.2,4,1982,상대로
진주평거우방아이유쉘스카이팰리스,2024-08-22,43000,84.0198,13,2019,진양호로
가호에일린의뜰,2024-08-18,42900,84.9982,15,2012,강변길
삼전빌라,2024-08-07,9000,84.79,1,1993,의병로243번길
한주한보,2024-08-08,14300,59.73,17,1995,망경로296번길
대림,2024-08-26,10000,59.91,7,1995,말티고개로
동일스위트,2024-08-24,24900,84.9692,4,2008,공단로
현대금빛마을,2024-08-20,7500,59.28,5,2000,진산로
진주혁신도시중흥에스-클래스더프라임,2024-08-17,63700,97.7268,12,2019,소호로19번길
평거현대1,2024-08-15,16000,59.4,7,1993,평거로115번길
일신,2024-08-14,15000,84.78,4,1991,하대로34번길
진흥더루벤스,2024-08-24,24500,122.956,3,2009,금산로
삼환나우빌,2024-08-22,58000,129.138,23,2009,진주대로829번길
동국강변타워1,2024-08-02,7400,80.82,8,1991,큰들로66번길
금산느티나무,2024-08-21,12900,59.42,13,2003,중천로
진주혁신도시중흥에스-클래스센트럴시티3단지,2024-08-21,51900,84.8046,18,2020,에나로175번길
힐스테이트초전,2024-08-22,50000,91.2066,18,2019,초북로
혁신도시엘에이치아파트8단지,2024-08-19,33000,59.97,16,2015,사들로
초전흥한,2024-08-16,21000,76.91,3,2001,초전남로
고려맨션,2024-08-19,8000,71.01,1,1991,서장대로178번길
가좌주공1차,2024-08-14,13400,44.94,15,1993,가호로
엠코타운더프라하,2024-08-22,39300,66.5175,19,2014,새평거로
진주평거우방아이유쉘스카이팰리스,2024-08-21,42900,84.0198,6,2019,진양호로
한림풀에버,2024-08-17,43500,84.9644,18,2015,소호로
진주혁신도시중흥에스-클래스더프라임,2024-08-17,60800,97.7268,3,2019,소호로19번길
진주정촌대경파미르,2024-08-23,31600,84.9426,2,2019,삼일로106번길
현대,2024-08-08,19800,84.93,3,1996,하대로
평거휴먼시아3단지,2024-08-12,40500,84.98,10,2011,새평거로
현대,2024-08-09,19800,84.93,3,1996,하대로
진주평거우방아이유쉘스카이팰리스,2024-08-06,45900,84.2136,24,2019,진양호로
한보은빛마을,2024-08-22,25000,84.86,6,2002,천수로
신안주공2,2024-08-15,16700,59.8,8,1996,신안들말길
진주평거엘크루,2024-08-03,45700,84.9195,3,2016,새평거로
힐스테이트초전,2024-08-16,40500,84.9351,15,2019,초북로
진주혁신도시라온프라이빗아파트,2024-08-22,52600,84.8922,19,2017,대밭골로
진주혁신도시중흥에스-클래스더퍼스트,2024-08-10,74400,99.864,10,2020,충의로
진주혁신도시중흥에스-클래스센트럴시티2단지,2024-08-01,61500,99.8723,15,2020,에나로
한보(하대3차),2024-08-16,9300,58.5,15,1993,남강로
힐스테이트초전,2024-08-18,44000,84.9196,20,2019,초북로
한보타운,2024-08-16,14100,84.87,10,1993,진양호로97번길
한보(하대3차),2024-08-16,13000,74.4,5,1993,남강로
스카이시티프라디움,2024-08-21,50000,84.9898,34,2019,개양로
임광,2024-08-22,9150,55.25,9,1989,모덕로
금산흥한골든빌,2024-08-19,5600,37.84,1,2002,금산로
이지더원,2024-08-21,36850,73.2086,6,2018,초장로
현대,2024-08-05,12700,84.99,1,1991,모덕로181번길
평거휴먼시아4단지,2024-08-21,30000,84.95,1,2011,새평거로
일진스위트포레강남,2024-08-14,36500,78.0238,15,2021,망경로
엠코타운더프라하,2024-08-08,44500,84.9651,25,2014,새평거로
더퀸즈웰가,2024-08-05,45500,84.9163,28,2015,새평거로
엠코타운더프라하,2024-08-05,42800,84.9651,8,2014,새평거로
한림풀에버,2024-08-17,41000,84.9088,1,2015,소호로
진주혁신도시중흥에스-클래스더프라임,2024-08-12,69300,110.6238,6,2019,소호로19번길
칠암한주타운,2024-08-21,15000,59.98,7,1995,강남로
혁신도시엘에이치아파트8단지,2024-08-16,30000,59.97,9,2015,사들로
현대,2024-08-13,20900,59.92,19,2000,진주대로815번길
센트렐웰가,2024-08-11,52500,84.9222,30,2018,진주역로73번길
동일스위트,2024-08-13,32500,131.3163,6,2008,공단로
한주럭키타운,2024-08-13,27000,84.81,10,1990,진주대로
금산흥한골든빌,2024-08-15,7400,37.84,9,2002,금산로
진주초전푸르지오2단지,2024-08-11,48000,101.977,13,2010,초장로14번길
더퀸즈웰가,2024-08-08,30000,58.4018,3,2015,새평거로
진주혁신도시센텀리버파크,2024-08-16,40000,84.83,25,2013,사들로
진주문산파란채,2024-08-08,21000,84.8829,14,2010,월아산로1048번길
이현주공,2024-08-20,10500,42.74,1,1983,서장대로
가좌주공1차,2024-08-17,13700,41.3,12,1993,가호로
금산흥한골든빌,2024-08-20,18000,84.88,14,2002,금산로
대림,2024-08-05,9500,59.91,9,1995,말티고개로
남강휴먼빌,2024-08-11,45500,158.9164,22,2010,순환로
스카이시티프라디움,2024-08-12,50800,84.9898,17,2019,개양로
금산e편한세상,2024-08-10,27000,149.6941,1,2008,금산순환로80번길
진주초전푸르지오2단지,2024-08-14,43700,101.977,22,2010,초장로14번길
진주혁신도시중흥에스-클래스더프라임,2024-08-05,53800,84.9912,3,2019,소호로19번길
주공그린빌,2024-08-14,17900,59.27,2,2005,내동로348번길
이현진주그린빌라,2024-08-19,9500,78.92,3,1996,숙호산로
동신,2024-08-19,6950,59.92,4,1992,광제산로
상봉1,2024-08-06,7300,41.389,5,1976,창렬로
진주혁신도시중흥에스-클래스더퍼스트,2024-08-08,72000,99.9097,2,2020,충의로
스카이시티프라디움,2024-08-16,45000,84.9818,39,2019,개양로
평거휴먼시아4단지,2024-08-09,38700,84.95,13,2011,새평거로
주공그린빌,2024-08-16,16900,51.74,15,2005,내동로348번길
신안주공3,2024-08-16,17100,59.8,15,1997,석갑로
진주정촌대경파미르,2024-08-15,27300,66.6161,14,2019,삼일로106번길
한보은빛마을,2024-08-15,29500,125.12,12,2002,천수로
하대주공,2024-08-12,9000,36.2,2,1982,상대로
진주혁신도시라온프라이빗아파트,2024-08-18,52500,84.9087,22,2017,대밭골로
신안주공1,2024-08-15,23000,84.91,1,1998,신안들말길
더퀸즈웰가,2024-08-17,36500,66.3912,18,2015,새평거로
금산아이파크,2024-08-17,25400,115.68,5,2004,중천로
한보타운,2024-08-17,8800,59.94,18,1993,진양호로97번길
이지더원,2024-08-10,36400,73.2086,6,2018,초장로
혁신도시엘에이치아파트9단지,2024-08-12,32700,59.97,10,2017,사들로
한림풀에버,2024-08-17,39000,84.9088,4,2015,소호로
진주문산파란채,2024-08-16,19000,84.9015,1,2010,월아산로1048번길
포레나신진주,2024-08-09,49800,84.9543,30,2019,진주역로96번길
진주푸르지오2단지,2024-08-15,23900,84.9414,20,2007,덕의길
평거현대1,2024-08-09,13600,59.4,4,1993,평거로115번길
신안주공3,2024-08-16,15200,59.8,3,1997,석갑로
진주혁신도시중흥에스-클래스더프라임,2024-08-09,47000,84.9858,2,2019,소호로19번길
스카이시티프라디움,2024-08-07,52800,84.9898,20,2019,개양로
포레나신진주,2024-08-16,48500,84.9515,9,2019,진주역로96번길
진주평거우방아이유쉘스카이팰리스,2024-08-07,42000,84.2136,26,2019,진양호로
신안주공2,2024-08-02,10000,39.99,5,1996,신안들말길
신안주공1,2024-08-03,24000,84.98,12,1998,신안들말길
들말한보타운,2024-08-06,30500,84.98,15,1997,평거로39번길
금산흥한골든빌,2024-08-15,16200,84.88,5,2002,금산로
엠코타운더프라하,2024-08-13,68000,118.6034,26,2014,새평거로
진주초장엠코타운더이스턴파크,2024-08-10,38050,101.828,21,2014,초북로
신안주공2,2024-08-06,14400,49.97,9,1996,신안들말길
도동대림,2024-08-09,13200,73.375,13,1992,하대로40번길
도운,2024-08-07,6700,56.63,3,1986,남강로
한림풀에버,2024-08-14,36250,67.1597,8,2015,소호로
진주초전푸르지오2단지,2024-08-12,44500,125.029,7,2010,초장로14번길
진주정촌대경파미르,2024-08-15,27300,66.6161,14,2019,삼일로106번길
진주초전푸르지오2단지,2024-08-15,45500,125.029,20,2010,초장로14번길
신안주공1,2024-08-13,24300,74.83,15,1998,신안들말길
진주혁신도시센텀리버파크,2024-08-03,38000,75.54,10,2013,사들로
한림풀에버,2024-08-14,36000,67.1597,7,2015,소호로
한보타워(하대1차),2024-08-02,8000,53.32,9,1992,모덕로306번길
현대,2024-08-05,14300,59.89,16,1996,하대로
대림,2024-08-02,11900,59.91,15,1995,말티고개로
진주혁신코오롱하늘채,2024-08-01,39500,84.95,12,2014,사들로
포레나신진주,2024-08-13,46800,84.9543,27,2019,진주역로96번길
일동,2024-08-09,10000,59.86,5,1994,초전북로
대영,2024-08-13,12000,84.86,8,1992,말티고개로
금산흥한골든빌,2024-08-14,11200,58.12,9,2002,금산로
태완노블리안,2024-08-08,7200,59.8241,7,2007,공치고개길
시티프라디움,2024-08-13,45900,84.9909,9,2020,진주역로
대화리네르빌,2024-08-13,20500,82.3136,2,2007,진주대로
진주혁신도시중흥에스-클래스센트럴시티4단지,2024-08-13,54700,84.9815,10,2020,에나로175번길
금산흥한골든빌,2024-08-09,8200,48.31,10,2002,금산로
진주평거엘크루,2024-08-13,50000,84.9195,7,2016,새평거로
금산느티나무,2024-08-13,13300,59.42,15,2003,중천로
진주혁신도시중흥에스-클래스센트럴시티4단지,2024-08-02,56900,84.9815,13,2020,에나로175번길
대림,2024-08-12,10500,59.5,11,1995,말티고개로
엠코타운더프라하,2024-08-04,42800,84.933,20,2014,새평거로
센트렐웰가,2024-08-12,39300,59.4732,33,2018,진주역로73번길
초전해모로루비채4단지,2024-08-08,36900,84.9671,19,2014,초북로
신안주공3,2024-08-12,15550,59.8,12,1997,석갑로
신안주공3,2024-08-10,13800,49.96,12,1997,석갑로
진주푸르지오1단지,2024-08-12,21000,84.9726,1,2007,덕의길
엠코타운더프라하,2024-08-05,88000,153.2116,26,2014,새평거로
포레나신진주,2024-08-02,70000,103.5945,38,2019,진주역로96번길
동성가든타워,2024-08-09,11400,59.4,12,1994,진주대로
진주문산코아루,2024-08-09,29400,84.591,16,2010,월아산로1117번길
신안주공2,2024-08-06,16000,59.8,6,1996,신안들말길
신안주공1,2024-08-06,23800,84.98,8,1998,신안들말길
한보은빛마을,2024-08-10,27300,109.17,4,2002,천수로
혁신도시엘에이치5단지,2024-08-03,38300,84.95,11,2014,충의로
진흥더루벤스,2024-08-10,22600,122.1795,1,2009,금산로
대경,2024-08-08,24800,83.304,3,2000,가호로
주공그린빌,2024-08-11,16850,51.74,13,2005,내동로348번길
금산느티나무,2024-08-11,16800,84.74,19,2003,중천로
현대,2024-08-03,17000,84.55,1,1989,천수로
진주혁신도시라온프라이빗아파트,2024-08-01,50500,84.8922,16,2017,대밭골로
진주평거엘크루,2024-08-10,53600,84.9195,12,2016,새평거로
청구타운,2024-08-10,13000,59.99,1,1997,대신로475번길
혁신도시엘에이치아파트8단지,2024-08-10,28200,59.97,2,2015,사들로
한림풀에버,2024-08-02,42000,84.9088,18,2015,소호로
한림풀에버,2024-08-10,41800,84.9644,15,2015,소호로
이지더원,2024-08-06,45500,84.9614,6,2018,초장로
한보타운,2024-08-03,13600,84.6,13,1993,진양호로97번길
신안주공1,2024-08-07,23000,84.98,8,1998,신안들말길
가좌주공1차,2024-08-03,11700,38.64,14,1993,가호로
진주혁신도시센텀리버파크,2024-08-03,41300,84.95,16,2013,사들로
센트렐웰가,2024-08-09,46000,75.3872,18,2018,진주역로73번길
현대,2024-08-02,33800,102.68,5,2000,진주대로815번길
현대금빛마을,2024-08-09,11800,84.876,2,2000,진산로
진주혁신도시중흥에스-클래스센트럴시티4단지,2024-08-08,53000,84.9815,12,2020,에나로175번길
대림,2024-08-09,16500,84.44,5,1995,말티고개로
대화리네르빌,2024-08-08,20800,82.3136,2,2007,진주대로
혁신도시엘에이치아파트8단지,2024-08-01,28000,59.97,2,2015,사들로
건영아모리움,2024-08-08,30000,78.8694,14,2017,진양호로225번길
동일스위트,2024-08-08,25500,84.9692,8,2008,공단로
국민2,2024-08-02,7400,59.79,3,1990,공단로236번길
현대,2024-08-07,22700,84.955,7,1997,초전남로
혁신도시엘에이치5단지,2024-08-03,40000,84.95,13,2014,충의로
진주초전푸르지오2단지,2024-08-07,43300,101.977,10,2010,초장로14번길
엠코타운더프라하,2024-08-05,44000,84.933,17,2014,새평거로
도동대림,2024-08-02,12400,73.375,6,1992,하대로40번길
혁신도시엘에이치아파트9단지,2024-08-05,32800,59.97,11,2017,사들로
진주평거엘크루,2024-08-01,52750,84.9195,11,2016,새평거로
진주평거엘크루,2024-08-03,39500,72.6786,2,2016,새평거로
초전해모로루비채4단지,2024-08-05,36700,84.9671,12,2014,초북로
진주정촌대경파미르,2024-08-07,32000,84.9426,12,2019,삼일로106번길
평거현대1,2024-08-07,15750,59.4,8,1993,평거로115번길
혁신도시엘에이치5단지,2024-08-07,34200,75.99,10,2014,충의로
금산느티나무,2024-08-07,13400,59.42,14,2003,중천로
남강휴먼빌,2024-08-07,32000,84.9376,13,2010,순환로
대경강변맨션,2024-08-01,15900,84.96,4,1991,남강로503번길
진주혁신도시센텀리버파크,2024-08-04,40000,84.95,19,2013,사들로
진주혁신코오롱하늘채,2024-08-05,36500,84.95,3,2014,사들로
화광비발디,2024-08-02,18700,84.6132,3,2007,중천로67번길
현대,2024-08-05,16500,84.55,1,1989,천수로
현대,2024-08-02,19000,84.55,3,1989,천수로
혁신도시엘에이치아파트9단지,2024-08-05,30000,59.97,5,2017,사들로
평거휴먼시아3단지,2024-08-05,39500,84.97,3,2011,새평거로
진주혁신도시중흥에스-클래스센트럴시티4단지,2024-08-05,59000,84.9815,24,2020,에나로175번길
신안주공3,2024-08-02,15800,59.8,12,1997,석갑로
진주평거엘크루,2024-08-01,51500,84.9195,11,2016,새평거로
한주한보,2024-08-01,14900,59.73,3,1995,망경로296번길
혁신도시엘에이치아파트8단지,2024-08-04,30000,59.97,7,2015,사들로
현대,2024-08-03,22800,59.92,15,2000,진주대로815번길
금호석류,2024-08-03,27000,84.87,16,1999,강남로
현대,2024-08-01,14900,59.96,2,1997,초전남로
현대,2024-08-03,21300,84.93,10,1996,하대로
신안원정그린빌,2024-08-02,14500,59.99,11,2002,촉석로50번길
대경아르떼빌,2024-08-02,8750,31.02,2,2002,동부로67번길
힐스테이트초전,2024-08-01,45700,84.9196,10,2019,초북로
이지더원,2024-08-03,46700,84.9614,14,2018,초장로
신안주공3,2024-08-02,11700,39.99,14,1997,석갑로
석류맨션,2024-08-01,4800,49.86,4,1987,공단로44번길
금산느티나무,2024-08-01,13200,59.42,16,2003,중천로
더퀸즈웰가,2024-08-01,31250,58.7908,4,2015,새평거로
주공그린빌,2024-08-01,17470,51.74,10,2005,내동로348번길
진주초전푸르지오2단지,2024-09-30,43700,101.977,12,2010,초장로14번길
들말대경,2024-09-21,28800,76.23,6,1998,석갑로53번길
진흥더루벤스,2024-09-21,26000,122.1795,16,2009,금산로
들말대경,2024-09-09,17000,59.595,15,1998,석갑로53번길
들말대경,2024-09-28,28800,76.23,6,1998,석갑로53번길
금산흥한골든빌,2024-09-26,18000,84.88,9,2002,금산로
스카이시티프라디움,2024-09-30,63000,84.991,38,2019,개양로
이현주공,2024-09-04,14000,55.8,5,1983,서장대로
진주혁신도시중흥에스-클래스더퍼스트,2024-09-25,71500,99.864,4,2020,충의로
금산아이파크,2024-09-30,22000,84.17,6,2004,중천로
스카이시티프라디움,2024-09-30,63000,84.991,38,2019,개양로
스카이시티프라디움,2024-09-30,51600,84.9818,21,2019,개양로
일신,2024-09-11,15400,84.78,9,1991,하대로34번길
스카이시티프라디움,2024-09-30,51600,84.9818,21,2019,개양로
임광,2024-09-30,12000,58.58,2,1989,모덕로
이지더원,2024-09-29,47000,84.9614,12,2018,초장로
상대한보타운,2024-09-25,22500,83.52,14,2002,도동천로
진주혁신도시중흥에스-클래스센트럴시티2단지,2024-09-23,90000,117.7407,16,2020,에나로
센트렐웰가,2024-09-23,52000,84.9914,12,2018,진주역로73번길
이지더원,2024-09-24,46800,84.9614,14,2018,초장로
포레나신진주,2024-09-23,49200,84.9515,18,2019,진주역로96번길
들말대경,2024-09-28,28800,76.23,6,1998,석갑로53번길
금산아이파크,2024-09-30,22000,84.17,6,2004,중천로
혁신도시엘에이치아파트8단지,2024-09-27,32300,59.96,18,2015,사들로
스카이시티프라디움,2024-09-30,63000,84.991,38,2019,개양로
신진주라비에데시앙,2024-09-28,50000,84.9786,25,2024,개양로
현대,2024-09-28,27700,84.98,13,2000,진주대로815번길
스카이시티프라디움,2024-09-28,48500,84.9818,29,2019,개양로
금산느티나무,2024-09-25,18400,84.74,8,2003,중천로
혁신도시엘에이치아파트9단지,2024-09-30,28500,59.97,1,2017,사들로
들말한보타운,2024-09-26,21000,59.8,7,1997,평거로39번길
현대,2024-09-25,31000,103.94,10,2000,진주대로815번길
현대,2024-09-25,24000,134.82,1,1996,하대로
들말한보타운,2024-09-28,19000,59.8,2,1997,평거로39번길
화인,2024-09-30,8500,72.75,14,1994,상봉대룡길
현대,2024-09-19,20000,134.82,4,1996,하대로
엠코타운더프라하,2024-09-30,44000,84.933,13,2014,새평거로
초전해모로루비채4단지,2024-09-30,35900,84.9908,16,2014,초북로
이현하이클래스웰가,2024-09-23,28300,75.07,19,2008,진주대로
순화천사의마을,2024-09-21,14750,59.817,12,2004,순환로559번길
초전해모로루비채4단지,2024-09-19,42500,100.8994,9,2014,초북로
진주혁신도시중흥에스-클래스더프라임,2024-09-28,64000,97.7268,4,2019,소호로19번길
진주평거엘크루,2024-09-30,54000,84.9195,12,2016,새평거로
한림풀에버,2024-09-19,45000,84.9644,16,2015,소호로
스카이시티프라디움,2024-09-22,56200,84.991,33,2019,개양로
진주혁신코오롱하늘채,2024-09-24,36700,75.99,19,2014,사들로
혁신도시엘에이치아파트8단지,2024-09-24,29400,59.97,11,2015,사들로
상봉1,2024-09-20,8000,40.473,1,1976,창렬로
신안원정그린빌,2024-09-30,14200,59.99,4,2002,촉석로50번길
임광,2024-09-30,12000,58.58,2,1989,모덕로
하대주공,2024-09-25,7700,35.64,4,1982,상대로
덕산,2024-09-19,9000,59.73,5,1995,서장대로178번길
이현주공,2024-09-25,12000,48.6,2,1983,서장대로
가호에일린의뜰,2024-09-20,48300,100.3166,11,2012,강변길
한보타워(하대1차),2024-09-24,10230,58.54,9,1992,모덕로306번길
이현하이클래스웰가,2024-09-21,31000,84.98,5,2008,진주대로
한보힐타워,2024-09-24,8500,55.89,9,1992,상대로143번길
한보(하대3차),2024-09-30,9000,58.5,17,1993,남강로
이지더원,2024-09-29,47000,84.9614,12,2018,초장로
신진주라비에데시앙,2024-09-30,76000,121.9504,11,2024,개양로
진주초전푸르지오2단지,2024-09-15,43950,101.977,17,2010,초장로14번길
이지더원,2024-09-25,38500,73.2086,12,2018,초장로
진주초전푸르지오1단지,2024-09-18,52500,162.517,9,2009,초장로14번길
센트렐웰가,2024-09-21,52900,84.8133,19,2018,진주역로73번길
진주강남동일동미라주,2024-09-12,35000,84.9831,29,2021,진주대로891번길
진주문산코아루,2024-09-28,30300,84.591,11,2010,월아산로1117번길
상대주공,2024-09-09,8000,41.52,2,1980,상대로
현대,2024-09-27,27800,84.98,10,2000,진주대로815번길
상대한보타운,2024-09-29,22500,83.52,14,2002,도동천로
한림풀에버,2024-09-25,45200,84.9644,22,2015,소호로
한주럭키타운,2024-09-25,20700,84.81,9,1990,진주대로
진주정촌대경파미르,2024-09-23,34500,84.9426,19,2019,삼일로106번길
순화천사의마을,2024-09-14,16100,59.817,9,2004,순환로559번길
엠코타운더프라하,2024-09-26,67500,119.7937,17,2014,새평거로
삼환나우빌,2024-09-13,53500,129.138,6,2009,진주대로829번길
금호석류,2024-09-26,38000,122.49,5,1999,강남로
현대,2024-09-28,27700,84.98,13,2000,진주대로815번길
삼성,2024-09-25,14400,59.886,1,1996,동부로43번길
대림,2024-09-25,16600,84.44,6,1995,말티고개로
들말대경,2024-09-21,28800,76.23,6,1998,석갑로53번길
주공그린빌,2024-09-21,19550,59.27,11,2005,내동로348번길
현대,2024-09-30,20000,59.92,16,2000,진주대로815번길
주공그린빌,2024-09-08,21650,59.27,9,2005,내동로348번길
신안주공3,2024-09-29,13800,49.96,11,1997,석갑로
신안주공3,2024-09-28,11000,39.99,5,1997,석갑로
남강휴먼빌,2024-09-20,40000,133.0285,23,2010,순환로
현대,2024-09-30,15300,59.89,16,1996,하대로
진주혁신도시대방노블랜드더캐슬아파트,2024-09-08,65500,84.9899,11,2018,사들로
금산흥한골든빌,2024-09-26,6100,37.84,8,2002,금산로
엠코타운더프라하,2024-09-21,47300,84.933,11,2014,새평거로
현대성우트리팰리스,2024-09-07,29700,134.53,3,2006,진주대로879번길
한주럭키타운,2024-09-10,22100,84.81,2,1990,진주대로
현대,2024-09-19,20400,59.92,12,2000,진주대로815번길
칠암한주타운,2024-09-25,20300,84.725,12,1995,강남로
제일풍경채,2024-09-05,39300,110.7705,8,2007,가좌안골길21번길
쌍용,2024-09-30,16200,84.96,11,1996,말티고개로108번길
진주정촌대경파미르,2024-09-28,30000,76.253,15,2019,삼일로106번길
두산위브,2024-09-20,23000,84.994,3,2009,중장로154번길
그린타운,2024-09-26,8500,59.4,4,1992,석갑로156번길
진주혁신도시중흥에스-클래스센트럴시티2단지,2024-09-30,84000,117.7407,15,2020,에나로
평거휴먼시아4단지,2024-09-27,37900,84.95,7,2011,새평거로
두산위브,2024-09-28,27200,112.897,13,2009,중장로154번길
한림풀에버,2024-09-25,45400,84.9644,18,2015,소호로
진주혁신도시중흥에스-클래스더퍼스트,2024-09-11,73800,99.864,4,2020,충의로
진주센트럴자이,2024-09-27,35700,84.956,12,2013,도동천로
평거휴먼시아4단지,2024-09-24,29000,59.98,9,2011,새평거로
한보은빛마을,2024-09-23,26500,109.17,6,2002,천수로
한림풀에버,2024-09-23,44000,84.9088,20,2015,소호로
금산느티나무,2024-09-26,11500,59.42,1,2003,중천로
금호석류,2024-09-14,26000,84.87,18,1999,강남로
제일풍경채,2024-09-20,40500,110.7705,13,2007,가좌안골길21번길
진주강남동일동미라주,2024-09-30,50000,109.9586,35,2021,진주대로891번길
한림풀에버,2024-09-21,38000,67.3717,18,2015,소호로
한림풀에버,2024-09-13,41800,84.9644,6,2015,소호로
금호석류,2024-09-09,23250,59.99,8,1999,강남로
금호석류,2024-09-06,23000,84.87,1,1999,강남로
현대,2024-09-28,27700,84.98,13,2000,진주대로815번길
진주혁신도시중흥에스-클래스센트럴시티4단지,2024-09-19,58000,84.8046,34,2020,에나로175번길
남강휴먼빌,2024-09-30,32500,84.9376,2,2010,순환로
진주정촌대경파미르,2024-09-05,26500,66.6161,4,2019,삼일로106번길
금호석류,2024-09-29,25500,84.87,6,1999,강남로
진주문산파란채,2024-09-27,26200,84.8829,14,2010,월아산로1048번길
현대,2024-09-06,20000,84.93,8,1996,하대로
신안주공2,2024-09-30,15200,59.8,4,1996,신안들말길
평거주공1차,2024-09-28,7000,39.69,5,1988,진양호로185번길
동신,2024-09-30,9000,78.34,5,1992,광제산로
한림풀에버,2024-09-22,42750,84.9644,7,2015,소호로
금호석류,2024-09-14,26000,84.87,18,1999,강남로
촉석맨션,2024-09-30,10200,66.58,3,1980,솔밭로92번길
국민2,2024-09-30,5500,58.18,4,1990,공단로236번길
현대금빛마을,2024-09-28,10000,84.876,3,2000,진산로
엠코타운더프라하,2024-09-11,47900,84.9651,12,2014,새평거로
남강휴먼빌,2024-09-30,31500,84.9499,20,2010,순환로
동성가든타워,2024-09-24,10000,59.4,11,1994,진주대로
상대한보타운,2024-09-15,20000,75.06,4,2002,도동천로
벽산블루밍(구)동신,2024-09-28,7300,52.53,7,1993,진양호로125번길
진흥더루벤스,2024-09-21,26000,122.1795,14,2009,금산로
휴앤인엘리시움,2024-09-03,43600,84.9666,25,2019,에나로
포레나신진주,2024-09-23,49200,84.9515,18,2019,진주역로96번길
금호석류,2024-09-29,25500,84.87,6,1999,강남로
한림풀에버,2024-09-29,44800,84.9088,18,2015,소호로
한보하이타운,2024-09-21,13000,84.51,4,1995,순환로553번길
금산e편한세상,2024-09-29,32000,149.6941,15,2008,금산순환로80번길
진주혁신도시중흥에스-클래스더프라임,2024-09-24,63200,97.7268,5,2019,소호로19번길
대영,2024-09-12,15100,84.86,8,1992,말티고개로
더퀸즈웰가,2024-09-21,33000,58.4018,7,2015,새평거로
대림,2024-09-13,9700,59.5,10,1995,말티고개로
대동디지털황토,2024-09-15,27600,84.6814,6,2003,가호로44번길
이지더원,2024-09-27,43350,84.9614,2,2018,초장로
금산흥한골든빌,2024-09-26,18000,84.88,9,2002,금산로
엠코타운더프라하,2024-09-27,37800,66.5175,13,2014,새평거로
한주타운,2024-09-25,22000,156.66,1,1992,진주대로1208번길
스카이시티프라디움,2024-09-05,46700,84.9898,32,2019,개양로
들말흥한타운,2024-09-26,24500,99.85,13,1998,석갑로
신안주공2,2024-09-11,15900,59.8,10,1996,신안들말길
진주푸르지오2단지,2024-09-22,22500,84.9414,10,2007,덕의길
혁신도시엘에이치아파트8단지,2024-09-24,29400,59.97,11,2015,사들로
진주초전푸르지오2단지,2024-09-02,44000,101.977,14,2010,초장로14번길
더퀸즈웰가,2024-09-26,43500,84.7157,22,2015,새평거로
현대,2024-09-23,15500,82.56,8,1985,강남로255번길
진주평거우방아이유쉘스카이팰리스,2024-09-19,40800,84.0198,27,2019,진양호로
혁신도시엘에이치아파트8단지,2024-09-25,28500,59.97,4,2015,사들로
혁신도시엘에이치아파트8단지,2024-09-25,28500,59.97,4,2015,사들로
신안주공1,2024-09-11,22800,74.83,4,1998,신안들말길
두산위브,2024-09-20,23000,84.994,7,2009,중장로154번길
한림풀에버,2024-09-24,34000,67.1597,9,2015,소호로
더퀸즈웰가,2024-09-12,32000,58.7908,10,2015,새평거로
이지더원,2024-09-25,38900,73.2086,14,2018,초장로
센트렐웰가,2024-09-08,36000,59.8868,1,2018,진주역로73번길
현대금빛마을,2024-09-25,9200,84.876,13,2000,진산로
메이힐스,2024-09-02,28000,84.7604,7,2018,진양호로239번길
국민주택,2024-09-09,3850,33.39,1,1992,진양호로97번길
진주혁신도시중흥에스-클래스더퍼스트,2024-09-02,74000,99.864,8,2020,충의로
두산위브,2024-09-20,23000,84.994,3,2009,중장로154번길
한림풀에버,2024-09-09,41900,84.9088,18,2015,소호로
진주혁신도시중흥에스-클래스더퍼스트,2024-09-13,73000,99.9097,7,2020,충의로
하영그린맨션,2024-09-20,6400,62.85,2,1992,진양호로97번길
진주혁신도시라온프라이빗아파트,2024-09-22,52000,84.9087,12,2017,대밭골로
진주혁신도시센텀리버파크,2024-09-06,38800,84.88,2,2013,사들로
신안국제맨션,2024-09-24,3450,44.85,4,1987,석갑로
두산위브,2024-09-13,23700,84.991,17,2009,중장로154번길
진주혁신코오롱하늘채,2024-09-13,41000,84.95,6,2014,사들로
동신,2024-09-10,6080,49.72,13,1992,광제산로
혁신도시엘에이치5단지,2024-09-12,33500,75.84,2,2014,충의로
금산흥한골든빌,2024-09-19,6000,37.84,8,2002,금산로
청구타운,2024-09-13,14000,59.99,9,1997,대신로475번길
한보타운,2024-09-19,8500,59.94,14,1993,진양호로97번길
금산느티나무,2024-09-04,14000,59.42,16,2003,중천로
진주혁신코오롱하늘채,2024-09-11,35500,75.99,20,2014,사들로
주공그린빌,2024-09-23,17200,51.74,10,2005,내동로348번길
혁신도시엘에이치아파트8단지,2024-09-10,31500,59.97,15,2015,사들로
진주초전푸르지오2단지,2024-09-12,46600,125.029,12,2010,초장로14번길
평거휴먼시아4단지,2024-09-24,30000,84.95,1,2011,새평거로
한주럭키타운,2024-09-10,32000,123.33,7,1990,진주대로
현대,2024-09-11,15500,71.175,2,1992,진양호로51번길
혁신도시엘에이치5단지,2024-09-20,37950,84.95,14,2014,충의로
삼전프라자,2024-09-06,13400,59.94,11,1996,도동로
벽산블루밍(구)동신,2024-09-26,11000,59.76,18,1993,진양호로125번길
힐스테이트초전,2024-09-22,44700,84.9196,2,2019,초북로
들말흥한타운,2024-09-20,32500,99.85,9,1998,석갑로
초전해모로루비채2단지,2024-09-22,36750,84.9671,18,2014,초북로
더퀸즈웰가,2024-09-09,55200,100.6401,9,2015,새평거로
진주혁신도시중흥에스-클래스더퍼스트,2024-09-10,67900,99.9097,4,2020,충의로
혁신도시엘에이치아파트8단지,2024-09-21,31900,59.97,13,2015,사들로
대경,2024-09-05,9700,59.85,3,1992,도동로264번길
대경그린파크,2024-09-06,9700,59.85,12,1994,순환로573번길
엠코타운더프라하,2024-09-10,47600,84.933,17,2014,새평거로
진주혁신코오롱하늘채,2024-09-22,39800,84.95,7,2014,사들로
주공그린빌,2024-09-22,17200,51.74,10,2005,내동로348번길
진주초장엠코타운더이스턴파크,2024-09-11,40400,101.5255,22,2014,초북로
주공그린빌,2024-09-22,16850,51.74,14,2005,내동로348번길
진주혁신코오롱하늘채,2024-09-06,37400,84.95,1,2014,사들로
신안주공1,2024-09-13,24500,74.83,9,1998,신안들말길
신안주공1,2024-09-08,25250,84.98,7,1998,신안들말길
금산흥한골든빌,2024-09-13,12400,58.12,14,2002,금산로
신진주역세권우미린더시그니처,2024-09-04,49000,84.986,17,2024,진주역로
포레나신진주,2024-09-20,49500,84.9543,22,2019,진주역로96번길
엠코타운더프라하,2024-09-11,63500,100.8222,30,2014,새평거로
이현하이클래스웰가,2024-09-20,35700,110.1,20,2008,진주대로
엠코타운더프라하,2024-09-14,46700,84.9651,17,2014,새평거로
이지더원,2024-09-04,63000,113.588,27,2018,초장로
진주혁신도시중흥에스-클래스센트럴시티2단지,2024-09-15,67800,99.8723,24,2020,에나로
대화리네르빌,2024-09-13,17300,84.6974,5,2001,천수로298번길
금산흥한골든빌,2024-09-19,9600,48.31,13,2002,금산로
이현한주맨션,2024-09-20,7300,59.49,4,1987,서장대로278번길
진주초전푸르지오2단지,2024-09-04,43950,101.977,17,2010,초장로14번길
진주혁신도시중흥에스-클래스더퍼스트,2024-09-01,70000,99.864,7,2020,충의로
상봉2,2024-09-14,7000,53.85,5,1986,진주성로147번길
진주문산파란채,2024-09-09,22800,84.9015,4,2010,월아산로1048번길
초전해모로루비채4단지,2024-09-12,35500,84.9908,14,2014,초북로
대화리네르빌,2024-09-08,21900,82.3136,8,2007,진주대로
초전해모로루비채4단지,2024-09-04,37400,84.9908,18,2014,초북로
진주혁신도시중흥에스-클래스센트럴시티3단지,2024-09-14,54500,84.9815,14,2020,에나로175번길
한주타운,2024-09-13,14300,59.1,15,1992,진주대로1208번길
진주초전푸르지오2단지,2024-09-08,50700,125.029,20,2010,초장로14번길
한림풀에버,2024-09-10,42000,84.9088,21,2015,소호로
한림풀에버,2024-09-18,41500,84.9088,3,2015,소호로
초전해모로루비채4단지,2024-09-06,36700,84.9908,8,2014,초북로
도운,2024-09-12,5000,40.93,1,1986,남강로
신안주공1,2024-09-06,26300,84.98,4,1998,신안들말길
이현하이클래스웰가,2024-09-06,29600,84.07,10,2008,진주대로
이현하이클래스웰가,2024-09-06,37500,110.1,20,2008,진주대로
진주초장엠코타운더이스턴파크,2024-09-07,33800,73.556,7,2014,초북로
일신,2024-09-11,15400,84.78,9,1991,하대로34번길
진주센트럴자이,2024-09-07,33800,84.956,15,2013,도동천로
스카이시티프라디움,2024-09-14,50000,84.991,21,2019,개양로
진주푸르지오1단지,2024-09-13,23000,84.9726,8,2007,덕의길
동일스위트,2024-09-08,29700,84.9692,4,2008,공단로
혁신도시엘에이치아파트9단지,2024-09-13,34000,59.97,12,2017,사들로
힐스테이트초전,2024-09-09,45800,84.9351,15,2019,초북로
진주혁신도시중흥에스-클래스더프라임,2024-09-02,70800,110.6238,2,2019,소호로19번길
신안주공3,2024-09-13,15600,59.8,3,1997,석갑로
금산흥한골든빌,2024-09-04,6050,37.84,15,2002,금산로
조선빌라,2024-09-12,15100,106.61,4,2005,창렬로14번길
한림풀에버,2024-09-12,39400,84.9644,1,2015,소호로
진주혁신도시라온프라이빗아파트,2024-09-12,49900,84.8922,8,2017,대밭골로
진주혁신도시센텀리버파크,2024-09-11,41000,75.76,24,2013,사들로
진주혁신도시대방노블랜드더캐슬아파트,2024-09-08,65500,84.9899,11,2018,사들로
혁신도시엘에이치5단지,2024-09-01,36400,84.95,4,2014,충의로
진주푸르지오1단지,2024-09-11,22050,84.9726,15,2007,덕의길
금산흥한골든빌,2024-09-04,6050,37.84,15,2002,금산로
진주혁신도시중흥에스-클래스센트럴시티3단지,2024-09-03,52800,84.9815,6,2020,에나로175번길
진주혁신코오롱하늘채,2024-09-03,40700,84.95,18,2014,사들로
대영,2024-09-09,12500,76.79,4,1992,말티고개로
하영그린맨션,2024-09-11,9200,67.98,7,1992,진양호로97번길
한주한보,2024-09-09,14700,59.73,15,1995,망경로296번길
센트렐웰가,2024-09-01,51900,84.9222,33,2018,진주역로73번길
들말대경,2024-09-09,17000,59.595,15,1998,석갑로53번길
들말흥한타운,2024-09-06,19800,59.871,8,1998,석갑로
진주혁신코오롱하늘채,2024-09-11,39000,84.95,7,2014,사들로
진주정촌대경파미르,2024-09-11,31500,84.9426,1,2019,삼일로106번길
이지더원,2024-09-11,38800,73.2086,13,2018,초장로
한림풀에버,2024-09-10,40700,84.9088,3,2015,소호로
진주혁신도시중흥에스-클래스더퍼스트,2024-09-04,77500,99.9097,18,2020,충의로
남강휴먼빌,2024-09-11,31500,84.9499,16,2010,순환로
진주초전푸르지오1단지,2024-09-06,37900,84.77,9,2009,초장로14번길
들말대경,2024-09-06,17750,59.595,8,1998,석갑로53번길
진주푸르지오2단지,2024-09-02,23700,84.9414,16,2007,덕의길
금산흥한골든빌,2024-09-10,10800,58.12,10,2002,금산로
센트렐웰가,2024-09-02,54500,84.9914,30,2018,진주역로73번길
들말한보타운,2024-09-06,24600,76.61,8,1997,평거로39번길
더퀸즈웰가,2024-09-10,40500,75.6705,25,2015,새평거로
성창조합주택,2024-09-10,7800,65.55,5,1985,모덕로
대림맨션,2024-09-06,14800,118.99,3,1989,돗골로
대산빌리지,2024-09-10,3500,30.66,3,2002,비봉로57번길
금산흥한골든빌,2024-09-08,8300,48.31,7,2002,금산로
건일,2024-09-06,7200,51.61,2,1987,상대로119번길
현대금빛마을,2024-09-03,12000,84.876,1,2000,진산로
진주푸르지오2단지,2024-09-08,23900,84.9414,17,2007,덕의길
청구타운,2024-09-03,21000,84.98,7,1997,대신로475번길
동서훼밀리,2024-09-07,8500,55.89,9,1992,선학산길
진주혁신도시중흥에스-클래스더프라임,2024-09-03,56100,84.9858,4,2019,소호로19번길
대곡한양,2024-09-10,8500,84.87,4,1994,진의로1079번길
진주초장엠코타운더이스턴파크,2024-09-07,38100,101.828,11,2014,초북로
진주푸르지오2단지,2024-09-07,27500,115.1967,17,2007,덕의길
진주푸르지오2단지,2024-09-07,35000,139.6609,16,2007,덕의길
두산위브,2024-09-06,25500,138.043,1,2009,중장로154번길
한보하이타운,2024-09-01,10250,55.01,11,1995,순환로553번길
진주우방아이유쉘,2024-09-08,31000,84.9756,6,2017,삼일로
진주혁신도시중흥에스-클래스센트럴시티3단지,2024-09-07,58000,84.9815,6,2020,에나로175번길
한림풀에버,2024-09-07,39300,84.9088,1,2015,소호로
신안주공1,2024-09-06,25200,84.98,10,1998,신안들말길
진주혁신코오롱하늘채,2024-09-07,38000,84.95,5,2014,사들로
망경한보타운,2024-09-06,13000,59.44,14,1997,망경로
현대,2024-09-06,16400,59.96,6,1997,초전남로
두산위브,2024-09-04,21500,84.994,4,2009,중장로154번길
혁신도시엘에이치아파트9단지,2024-09-06,33000,59.97,13,2017,사들로
금산e편한세상,2024-09-02,26300,121.9893,5,2008,금산순환로80번길
석류맨션,2024-09-05,6440,49.86,3,1987,공단로44번길
현대,2024-09-05,17000,84.55,3,1989,천수로
가좌주공1차,2024-09-03,17000,49.94,13,1993,가호로
혁신도시엘에이치아파트9단지,2024-09-01,30000,59.97,5,2017,사들로
한보(하대3차),2024-09-05,8800,58.5,4,1993,남강로
신안주공3,2024-09-01,14200,49.96,11,1997,석갑로
진주혁신코오롱하늘채,2024-09-04,41000,84.95,7,2014,사들로
금산흥한골든빌,2024-09-04,6050,37.84,15,2002,금산로
스카이시티프라디움,2024-09-04,50200,84.991,17,2019,개양로
혁신도시엘에이치아파트9단지,2024-09-04,29500,59.97,1,2017,사들로
한보타운,2024-09-04,8650,59.94,7,1993,진양호로97번길
동신,2024-09-02,6000,59.92,1,1992,광제산로
한림풀에버,2024-09-03,39800,84.9088,3,2015,소호로
들말흥한타운,2024-09-03,20700,59.871,12,1998,석갑로
이지더원,2024-09-02,46500,84.9614,19,2018,초장로
동신,2024-09-02,3400,51.54,4,1990,망진산길
가좌주공1차,2024-09-02,17200,49.94,11,1993,가호로
한주타운,2024-09-02,23500,156.66,6,1992,진주대로1208번길
진주정촌대경파미르,2024-09-01,34500,84.9625,11,2019,삼일로106번길
힐스테이트초전,2024-09-01,46000,84.9351,17,2019,초북로
진주문산파란채,2024-09-01,22000,84.8829,12,2010,월아산로1048번길
현대,2024-10-11,26000,84.98,6,2000,진주대로815번길
진주혁신도시센텀리버파크,2024-10-15,41800,84.95,3,2013,사들로
진주푸르지오2단지,2024-10-12,31800,115.1967,1,2007,덕의길
한보(하대3차),2024-10-11,11000,58.5,18,1993,남강로
진주초전푸르지오1단지,2024-10-25,40500,121.144,21,2009,초장로14번길
진주혁신도시대방노블랜드더캐슬아파트,2024-10-11,72000,103.9623,12,2018,사들로
한림풀에버,2024-10-19,38700,67.1597,22,2015,소호로
두산위브,2024-10-17,22700,84.994,9,2009,중장로154번길
가좌주공1차,2024-10-28,15200,49.94,5,1993,가호로
망경한보타운,2024-10-31,18000,119.24,2,1997,망경로
진주강남동일동미라주,2024-10-01,35000,84.9831,32,2021,진주대로891번길
금호석류,2024-10-04,25200,84.87,6,1999,강남로
진주정촌대경파미르,2024-10-27,31200,84.9426,8,2019,삼일로106번길
그린타운,2024-10-29,12800,84.66,2,1992,석갑로156번길
초전해모로루비채4단지,2024-10-08,45500,100.8994,25,2014,초북로
현대,2024-10-31,17000,117.84,3,1991,모덕로181번길
진주혁신도시라온프라이빗아파트,2024-10-01,54200,84.8922,16,2017,대밭골로
진주혁신도시중흥에스-클래스센트럴시티3단지,2024-10-30,61000,84.9815,21,2020,에나로175번길
진주혁신코오롱하늘채,2024-10-25,36300,75.99,17,2014,사들로
진주센트럴자이,2024-10-09,35500,84.9059,3,2013,도동천로
동일스위트,2024-10-31,26000,84.9164,6,2008,공단로
진주혁신도시대방노블랜드더캐슬아파트,2024-10-30,65000,84.9474,1,2018,사들로
진주센트럴자이,2024-10-21,36400,84.5289,17,2013,도동천로
화인,2024-10-31,9200,65.07,2,1994,상봉대룡길
진주혁신도시중흥에스-클래스센트럴시티2단지,2024-10-28,85000,117.7407,5,2020,에나로
흥한타운,2024-10-31,11500,59.88,11,1995,대신로243번길
들말대경,2024-10-21,18400,59.595,14,1998,석갑로53번길
센트렐웰가,2024-10-16,50500,84.9222,19,2018,진주역로73번길
대림,2024-10-17,17100,84.44,8,1995,말티고개로
한보타워,2024-10-22,13000,84.88,6,1991,남강로491번길
동성가든타워,2024-10-30,10300,59.4,15,1994,진주대로
진주혁신코오롱하늘채,2024-10-24,42200,84.95,13,2014,사들로
진주혁신도시대방노블랜드더캐슬아파트,2024-10-25,78500,84.9899,20,2018,사들로
동신3동,2024-10-18,9000,77.55,5,1989,숙호산로
망경한보타운,2024-10-31,18000,119.24,2,1997,망경로
동신,2024-10-25,11200,78.34,3,1992,광제산로
힐스테이트초전,2024-10-27,47000,84.9196,15,2019,초북로
힐스테이트초전,2024-10-30,50400,91.2066,26,2019,초북로
국민2,2024-10-15,6500,58.18,1,1990,공단로236번길
혁신도시엘에이치5단지,2024-10-25,36800,84.95,12,2014,충의로
더퀸즈웰가,2024-10-27,44500,84.9163,16,2015,새평거로
한림풀에버,2024-10-20,44600,84.9644,13,2015,소호로
초전흥한,2024-10-24,15500,59.85,7,2001,초전남로
진주혁신도시중흥에스-클래스더퍼스트,2024-10-18,74350,99.9097,12,2020,충의로
진주혁신도시대방노블랜드더캐슬아파트,2024-10-20,62500,84.9474,6,2018,사들로
대림,2024-10-23,8100,69.97,4,1989,남강로
혁신도시엘에이치아파트9단지,2024-10-16,28000,59.97,1,2017,사들로
진주혁신코오롱하늘채,2024-10-16,39000,84.95,5,2014,사들로
칠암한주타운,2024-10-29,15800,59.98,5,1995,강남로
이지더원,2024-10-23,46600,84.9614,6,2018,초장로
평거현대2,2024-10-24,23800,84.832,6,1994,신안들말길
한보은빛마을,2024-10-14,27500,109.17,2,2002,천수로
금산흥한골든빌,2024-10-30,11100,58.12,4,2002,금산로
그린타운,2024-10-29,12800,84.66,2,1992,석갑로156번길
국민주택,2024-10-31,4170,33.39,4,1992,진양호로97번길
엠코타운더프라하,2024-10-26,48800,84.933,35,2014,새평거로
가좌주공2차,2024-10-30,12300,44.94,10,1993,가호로
현대,2024-10-30,17800,70.96,3,1989,천수로
진주혁신도시중흥에스-클래스더프라임,2024-10-24,75400,110.6238,13,2019,소호로19번길
진주초전푸르지오1단지,2024-10-30,59500,162.517,27,2009,초장로14번길
대동,2024-10-24,6600,55.97,5,1979,도동천로184번길
금산흥한골든빌,2024-10-31,12000,58.12,6,2002,금산로
가좌주공2차,2024-10-29,12250,38.64,5,1993,가호로
동신,2024-10-26,6300,49.72,3,1992,광제산로
가좌주공1차,2024-10-23,10500,38.64,9,1993,가호로
엠코타운더프라하,2024-10-28,47600,84.9651,13,2014,새평거로
가좌주공1차,2024-10-29,15700,49.94,12,1993,가호로
가좌주공1차,2024-10-25,10800,38.64,11,1993,가호로
명석블리시움,2024-10-29,16500,81.6426,7,2020,광제산로26번길
가좌주공1차,2024-10-19,15400,49.94,5,1993,가호로
주공그린빌,2024-10-20,27600,84.9,12,2005,내동로348번길
초전해모로루비채4단지,2024-10-11,37000,84.9671,22,2014,초북로
한림풀에버,2024-10-29,37100,67.1597,13,2015,소호로
금산흥한골든빌,2024-10-30,12700,58.12,14,2002,금산로
진주혁신도시중흥에스-클래스센트럴시티2단지,2024-10-14,73000,99.8723,17,2020,에나로
그린타운,2024-10-28,10650,68.9,2,1992,석갑로156번길
진주혁신도시중흥에스-클래스더퍼스트,2024-10-13,72800,99.864,3,2020,충의로
진주혁신도시대방노블랜드더캐슬아파트,2024-10-18,71500,103.3591,18,2018,사들로
진주혁신도시대방노블랜드더캐슬아파트,2024-10-11,72000,103.9623,12,2018,사들로
진주문산코아루,2024-10-31,32000,84.9867,14,2010,월아산로1117번길
포레나신진주,2024-10-19,49000,84.9543,12,2019,진주역로96번길
혁신도시엘에이치5단지,2024-10-23,40200,84.95,17,2014,충의로
초전해모로루비채2단지,2024-10-28,35700,84.9671,8,2014,초북로
진주초전푸르지오1단지,2024-10-29,56300,162.517,25,2009,초장로14번길
금산흥한골든빌,2024-10-21,10800,58.12,1,2002,금산로
상봉1,2024-10-25,6000,40.473,5,1976,창렬로
초전해모로루비채4단지,2024-10-20,36200,84.9671,19,2014,초북로
주공그린빌,2024-10-29,26200,84.9,10,2005,내동로348번길
가좌주공1차,2024-10-28,15800,49.94,12,1993,가호로
들말흥한타운,2024-10-28,27900,84.89,4,1998,석갑로
초전해모로루비채2단지,2024-10-28,32900,74.9798,16,2014,초북로
화인,2024-10-17,13900,83.435,4,1994,상봉대룡길
혁신도시엘에이치아파트8단지,2024-10-21,30000,59.97,6,2015,사들로
이현하이클래스웰가,2024-10-15,29700,84.78,4,2008,진주대로
이현하이클래스웰가,2024-10-18,30800,84.78,20,2008,진주대로
화인,2024-10-30,7900,65.07,12,1994,상봉대룡길
한주파크맨션,2024-10-15,15500,83.79,13,1990,남강로
진주초장엠코타운더이스턴파크,2024-10-29,33200,73.556,14,2014,초북로
진주푸르지오2단지,2024-10-31,22950,84.9414,2,2007,덕의길
금산흥한골든빌,2024-10-31,9300,48.31,6,2002,금산로
센트렐웰가,2024-10-26,38500,59.45,14,2018,진주역로73번길
들말한보타운,2024-10-28,19600,59.8,13,1997,평거로39번길
진주(가동),2024-10-31,6900,74.98,2,1988,모덕로181번길
신안진주맨션,2024-10-26,13000,80.24,3,1990,석갑로142번길
두산위브,2024-10-25,23700,84.991,8,2009,중장로154번길
진주초전푸르지오1단지,2024-10-25,40500,121.144,21,2009,초장로14번길
진주센트럴자이,2024-10-31,36000,84.956,7,2013,도동천로
한보(하대3차),2024-10-11,11000,58.5,18,1993,남강로
이현하이클래스웰가,2024-10-15,29900,84.07,10,2008,진주대로
금산느티나무,2024-10-20,16900,84.74,9,2003,중천로
금산느티나무,2024-10-23,13100,59.42,14,2003,중천로
진주혁신코오롱하늘채,2024-10-31,36500,75.84,12,2014,사들로
신안국제맨션,2024-10-10,3800,41.75,5,1987,석갑로
진주혁신코오롱하늘채,2024-10-31,36500,75.84,12,2014,사들로
스카이시티프라디움,2024-10-31,50000,84.9898,29,2019,개양로
동성가든타워,2024-10-28,11400,59.4,17,1994,진주대로
시티프라디움,2024-10-13,47700,84.9941,10,2020,진주역로
한림풀에버,2024-10-12,43500,84.9644,17,2015,소호로
건영아모리움,2024-10-30,29400,74.4647,22,2017,진양호로225번길
혁신도시엘에이치아파트8단지,2024-10-30,30000,59.96,19,2015,사들로
더퀸즈웰가,2024-10-30,43800,84.7157,27,2015,새평거로
진주문산코아루,2024-10-26,26000,84.591,17,2010,월아산로1117번길
초전해모로루비채2단지,2024-10-27,37500,84.9671,16,2014,초북로
한보타운,2024-10-10,10400,59.94,9,1993,진양호로97번길
진흥더루벤스,2024-10-18,24000,122.1795,3,2009,금산로
진주혁신도시중흥에스-클래스더프라임,2024-10-30,68500,110.6238,3,2019,소호로19번길
주공그린빌,2024-10-30,19000,59.27,14,2005,내동로348번길
혁신도시엘에이치5단지,2024-10-26,33200,75.99,6,2014,충의로
더퀸즈웰가,2024-10-14,37900,65.6733,18,2015,새평거로
시영,2024-10-24,3300,42.97,1,1986,향교로
칠암한주타운,2024-10-29,15800,59.98,5,1995,강남로
주공그린빌,2024-10-14,27000,84.9,16,2005,내동로348번길
진주혁신도시중흥에스-클래스더프라임,2024-10-30,68500,110.6238,3,2019,소호로19번길
진주혁신도시센텀리버파크,2024-10-24,45200,84.95,8,2013,사들로
초전해모로루비채2단지,2024-10-25,36500,84.9908,21,2014,초북로
평거현대2,2024-10-22,16700,59.92,10,1994,신안들말길
주공그린빌,2024-10-14,25000,84.9,2,2005,내동로348번길
이화맨션,2024-10-09,8500,84.63,5,1989,망경남길
주공그린빌,2024-10-11,17000,59.27,3,2005,내동로348번길
한보타워(하대1차),2024-10-23,8400,53.32,7,1992,모덕로306번길
하대주공,2024-10-18,8950,35.64,5,1982,상대로
칠암한주타운,2024-10-08,16100,59.98,19,1995,강남로
센트렐웰가,2024-10-16,37500,59.8868,4,2018,진주역로73번길
동성가든타워,2024-10-24,13000,59.4,8,1994,진주대로
진주혁신코오롱하늘채,2024-10-23,39000,84.95,11,2014,사들로
현대,2024-10-19,33500,127.69,4,2000,진주대로815번길
주공그린빌,2024-10-04,14200,51.74,1,2005,내동로348번길
현대,2024-10-20,21000,84.955,15,1997,초전남로
진주정촌대경파미르,2024-10-13,31200,84.9426,8,2019,삼일로106번길
주공그린빌,2024-10-08,27500,84.9,8,2005,내동로348번길
두산위브,2024-10-10,23500,84.995,11,2009,중장로154번길
동일스위트,2024-10-19,32450,131.3163,16,2008,공단로
진흥더루벤스,2024-10-23,21500,84.9968,5,2009,금산로
동일스위트,2024-10-07,25200,84.9692,4,2008,공단로
주공그린빌,2024-10-04,16700,51.74,9,2005,내동로348번길
현대,2024-10-28,14500,59.89,20,1996,하대로
진주문산파란채,2024-10-22,23000,84.8829,12,2010,월아산로1048번길
라미,2024-10-27,3300,30.6298,3,2004,북장대로35번길
신안주공3,2024-10-24,14600,59.8,1,1997,석갑로
한보타운,2024-10-25,13000,84.6,3,1993,진양호로97번길
초전해모로루비채4단지,2024-10-16,42800,100.8994,24,2014,초북로
금산아이파크,2024-10-14,21700,84.17,4,2004,중천로
라미,2024-10-27,4000,35.6478,2,2004,북장대로35번길
진주강남동일동미라주,2024-10-19,35000,84.9831,22,2021,진주대로891번길
대경,2024-10-22,8500,59.85,7,1992,도동로264번길
대림,2024-10-23,9800,59.91,4,1995,말티고개로
진주강남동일동미라주,2024-10-05,45800,109.9586,28,2021,진주대로891번길
더퀸즈웰가,2024-10-11,30850,58.4018,7,2015,새평거로
혁신도시엘에이치아파트8단지,2024-10-27,30200,59.97,6,2015,사들로
엠코타운더프라하,2024-10-27,45200,84.933,30,2014,새평거로
진주정촌대경파미르,2024-10-27,32250,84.9426,4,2019,삼일로106번길
동신,2024-10-20,6500,59.92,4,1992,광제산로
진주정촌대경파미르,2024-10-27,29800,76.253,14,2019,삼일로106번길
혁신도시엘에이치아파트9단지,2024-10-19,30500,59.97,3,2017,사들로
임광,2024-10-11,8500,55.25,5,1989,모덕로
이현하이클래스웰가,2024-10-18,34500,110.1,13,2008,진주대로
현대,2024-10-25,19000,84.55,5,1989,천수로
혁신도시엘에이치5단지,2024-10-21,34900,75.84,3,2014,충의로
동일스위트,2024-10-19,24000,84.9692,3,2008,공단로
한보은빛마을,2024-10-23,30200,109.17,7,2002,천수로
평거휴먼시아3단지,2024-10-19,38400,84.95,2,2011,새평거로
진주혁신도시센텀리버파크,2024-10-21,38500,75.97,8,2013,사들로
진주혁신도시중흥에스-클래스센트럴시티4단지,2024-10-16,56500,84.9815,12,2020,에나로175번길
이현하이클래스웰가,2024-10-15,31000,84.98,18,2008,진주대로
진주초전푸르지오2단지,2024-10-19,42000,101.977,7,2010,초장로14번길
한보힐타워,2024-10-18,8400,55.89,5,1992,상대로143번길
상봉1,2024-10-25,8400,41.9,1,1976,창렬로
혁신도시엘에이치아파트8단지,2024-10-11,31900,59.97,16,2015,사들로
대림,2024-10-07,17900,84.29,7,1991,도동천로
현대,2024-10-02,27800,84.98,10,2000,진주대로815번길
현대,2024-10-24,19400,84.93,6,1996,하대로
신안주공3,2024-10-24,18500,59.8,3,1997,석갑로
진주초장엠코타운더이스턴파크,2024-10-23,33250,73.6669,20,2014,초북로
초전해모로루비채4단지,2024-10-06,38200,84.9671,16,2014,초북로
혁신도시엘에이치아파트8단지,2024-10-11,31900,59.97,19,2015,사들로
진주문산코아루,2024-10-12,30700,84.9867,7,2010,월아산로1117번길
두산위브,2024-10-20,28500,139.31,7,2009,중장로154번길
들말한보타운,2024-10-18,32500,84.98,10,1997,평거로39번길
현대,2024-10-17,16300,59.96,2,1997,초전남로
한보타운,2024-10-24,14100,84.87,10,1993,진양호로97번길
럭키강변,2024-10-22,13800,74.21,6,1991,남강로
한보타운,2024-10-23,10000,59.94,8,1993,진양호로97번길
현대,2024-10-09,18450,84.55,4,1989,천수로
메이힐스,2024-10-12,27000,84.7604,4,2018,진양호로239번길
한림풀에버,2024-10-19,38700,67.1597,22,2015,소호로
들말대경,2024-10-07,28500,84.99,15,1998,석갑로53번길
엠코타운더프라하,2024-10-14,37000,66.5175,9,2014,새평거로
진주혁신도시라온프라이빗아파트,2024-10-04,54000,84.9087,8,2017,대밭골로
동신,2024-10-23,5500,59.92,6,1992,광제산로
동신,2024-10-11,11600,78.34,9,1992,광제산로
현대,2024-10-19,15300,59.89,4,1996,하대로
진주정촌대경파미르,2024-10-23,30500,84.9625,1,2019,삼일로106번길
진주초장엠코타운더이스턴파크,2024-10-15,29500,59.9983,7,2014,초북로
이지더원,2024-10-23,46200,84.9614,10,2018,초장로
진주정촌대경파미르,2024-10-11,27500,66.1957,7,2019,삼일로106번길
이지더원,2024-10-16,44300,84.9614,3,2018,초장로
진주정촌대경파미르,2024-10-07,34500,84.9625,16,2019,삼일로106번길
진주혁신도시대방노블랜드더캐슬아파트,2024-10-03,65300,84.9474,7,2018,사들로
진주혁신도시대방노블랜드더캐슬아파트,2024-10-03,73500,103.3591,16,2018,사들로
더퀸즈웰가,2024-10-23,41500,75.6705,7,2015,새평거로
대림,2024-10-15,14700,72.238,8,1991,도동천로
동성가든타워,2024-10-19,11100,59.4,7,1994,진주대로
신안주공2,2024-10-23,14900,59.8,1,1996,신안들말길
혁신도시엘에이치아파트8단지,2024-10-21,29000,59.97,14,2015,사들로
평거휴먼시아4단지,2024-10-18,37900,84.95,10,2011,새평거로
가좌주공1차,2024-10-12,12500,41.3,15,1993,가호로
삼환나우빌,2024-10-11,57000,129.138,20,2009,진주대로829번길
혁신도시엘에이치아파트8단지,2024-10-05,30700,59.97,10,2015,사들로
진주강남동일동미라주,2024-10-18,44000,109.9586,9,2021,진주대로891번길
신안주공3,2024-10-02,16950,59.8,4,1997,석갑로
진주초장엠코타운더이스턴파크,2024-10-20,32200,73.556,22,2014,초북로
초전해모로루비채4단지,2024-10-16,34700,84.9671,6,2014,초북로
혁신도시엘에이치아파트8단지,2024-10-06,30500,59.97,15,2015,사들로
금산흥한골든빌,2024-10-22,5400,37.84,13,2002,금산로
진흥더루벤스,2024-10-08,28000,122.1795,15,2009,금산로
엠코타운더프라하,2024-10-12,46500,84.9651,16,2014,새평거로
엠코타운더프라하,2024-10-21,37650,67.2755,2,2014,새평거로
센트렐웰가,2024-10-21,49500,84.9914,31,2018,진주역로73번길
진주혁신도시중흥에스-클래스더프라임,2024-10-19,63800,97.7268,4,2019,소호로19번길
진주정촌대경파미르,2024-10-15,33000,84.9625,19,2019,삼일로106번길
현대,2024-10-14,15150,72.98,7,1991,모덕로181번길
한림풀에버,2024-10-07,42500,84.9088,18,2015,소호로
진주혁신코오롱하늘채,2024-10-13,39500,84.95,14,2014,사들로
센트렐웰가,2024-10-21,49500,84.9914,31,2018,진주역로73번길
대림,2024-10-20,15000,79.29,3,1995,말티고개로
진주센트럴자이,2024-10-14,31000,84.5289,2,2013,도동천로
혁신도시엘에이치아파트8단지,2024-10-14,31500,59.97,15,2015,사들로
주공그린빌,2024-10-21,19000,59.27,10,2005,내동로348번길
진주혁신도시센텀리버파크,2024-10-15,41800,84.95,3,2013,사들로
진주혁신도시중흥에스-클래스센트럴시티2단지,2024-10-12,53500,84.9815,12,2020,에나로
들말대경,2024-10-21,18400,59.595,14,1998,석갑로53번길
진주초전푸르지오1단지,2024-10-13,43750,121.144,16,2009,초장로14번길
진주강남동일동미라주,2024-10-15,35500,84.9806,3,2021,진주대로891번길
센트렐웰가,2024-10-21,53300,84.9914,25,2018,진주역로73번길
청구타운,2024-10-10,24000,84.98,2,1997,대신로475번길
진주강남동일동미라주,2024-10-21,47000,109.9586,20,2021,진주대로891번길
진주문산코아루,2024-10-12,29800,84.591,14,2010,월아산로1117번길
도동대림,2024-10-14,15900,84.23,1,1992,하대로40번길
제일풍경채,2024-10-21,39200,110.7705,2,2007,가좌안골길21번길
진주푸르지오2단지,2024-10-12,31800,115.1967,1,2007,덕의길
대화파크맨션,2024-10-05,8300,79.62,4,1991,하대로105번길
진흥더루벤스,2024-10-14,27500,122.956,2,2009,금산로
가좌주공1차,2024-10-13,15400,49.94,7,1993,가호로
진주초전푸르지오2단지,2024-10-17,42000,101.977,7,2010,초장로14번길
현대,2024-10-17,21500,59.92,7,2000,진주대로815번길
한보은빛마을,2024-10-08,27300,109.17,5,2002,천수로
대화리네르빌,2024-10-11,22700,82.3136,10,2007,진주대로
엠코타운더프라하,2024-10-15,62500,100.8222,2,2014,새평거로
진주혁신도시중흥에스-클래스센트럴시티4단지,2024-10-19,58000,84.9815,8,2020,에나로175번길
두산위브,2024-10-21,22700,84.994,9,2009,중장로154번길
더퀸즈웰가,2024-10-15,41500,75.4984,15,2015,새평거로
엠코타운더프라하,2024-10-13,61600,100.8222,27,2014,새평거로
한주파크맨션,2024-10-07,11200,59.4,6,1990,남강로
진주혁신도시대방노블랜드더캐슬아파트,2024-10-06,65500,84.9899,5,2018,사들로
스카이시티프라디움,2024-10-20,52800,84.9898,20,2019,개양로
금산느티나무,2024-10-14,12500,59.42,8,2003,중천로
들말대경,2024-10-17,23750,76.23,8,1998,석갑로53번길
엠코타운더프라하,2024-10-08,43300,84.933,20,2014,새평거로
초전흥한,2024-10-13,22300,76.91,7,2001,초전남로
진주푸르지오1단지,2024-10-19,18300,59.924,5,2007,덕의길
금산흥한골든빌,2024-10-10,18100,84.88,11,2002,금산로
평거휴먼시아4단지,2024-10-19,38900,84.95,3,2011,새평거로
현대,2024-10-19,15700,84.99,8,1991,모덕로181번길
초전해모로루비채4단지,2024-10-08,45500,100.8994,25,2014,초북로
센트렐웰가,2024-10-12,46800,84.8381,2,2018,진주역로73번길
더퀸즈웰가,2024-10-01,43300,84.7157,5,2015,새평거로
화인,2024-10-02,13500,83.435,7,1994,상봉대룡길
이현하이클래스웰가,2024-10-11,26500,75.07,9,2008,진주대로
더퀸즈웰가,2024-10-04,34400,58.4018,20,2015,새평거로
삼전프라자,2024-10-14,16900,84.555,5,1996,도동로
신안주공3,2024-10-11,11920,39.99,7,1997,석갑로
화광비발디,2024-10-09,22500,84.6132,6,2007,중천로67번길
상대한보타운,2024-10-01,23500,83.52,1,2002,도동천로
힐스테이트초전,2024-10-02,47000,91.2066,21,2019,초북로
동신,2024-10-16,9700,78.34,11,1992,광제산로
초전해모로루비채2단지,2024-10-10,39800,84.9671,15,2014,초북로
더퀸즈웰가,2024-10-18,34000,58.7908,27,2015,새평거로
신진주라비에데시앙,2024-10-05,43500,84.9786,13,2024,개양로
흥한스위트,2024-10-18,17000,84.87,6,1998,신안로
초전해모로루비채4단지,2024-10-14,37300,84.9908,20,2014,초북로
현대금빛마을,2024-10-18,9500,59.28,12,2000,진산로
동신,2024-10-17,6800,59.92,10,1992,광제산로
현대,2024-10-10,14750,59.96,4,1997,초전남로
하대한양,2024-10-14,6000,29.47,2,2000,하대로40번길
한림풀에버,2024-10-10,44700,84.9088,13,2015,소호로
남강휴먼빌,2024-10-07,41300,120.5794,20,2010,순환로
평거하우스토리,2024-10-09,40500,108.57,6,2009,진양호로239번길
진주푸르지오2단지,2024-10-13,27900,115.1967,9,2007,덕의길
석류맨션,2024-10-09,7300,59.58,3,1987,공단로44번길
하대한양,2024-10-12,5300,29.47,1,2000,하대로40번길
초전해모로루비채2단지,2024-10-09,34000,84.9671,1,2014,초북로
신안주공2,2024-10-13,14300,59.8,1,1996,신안들말길
하영그린맨션,2024-10-11,8900,62.85,8,1992,진양호로97번길
휴앤인엘리시움,2024-10-05,45500,84.7831,22,2019,에나로
진주혁신도시중흥에스-클래스더프라임,2024-10-02,64500,97.7268,13,2019,소호로19번길
진주혁신도시라온프라이빗아파트,2024-10-10,44000,79.0385,4,2017,대밭골로
진주혁신도시중흥에스-클래스더프라임,2024-10-05,58300,84.9912,15,2019,소호로19번길
센트렐웰가,2024-10-15,50000,84.9914,12,2018,진주역로73번길
한림풀에버,2024-10-12,43500,84.9644,17,2015,소호로
신안주공2,2024-10-03,16800,59.8,13,1996,신안들말길
흥한타운2,2024-10-08,15500,59.935,14,1995,평거로139번길
진주혁신도시중흥에스-클래스센트럴시티3단지,2024-10-08,68000,99.8146,16,2020,에나로175번길
진주혁신도시중흥에스-클래스센트럴시티4단지,2024-10-07,59500,84.9815,26,2020,에나로175번길
진주초전푸르지오2단지,2024-10-14,43700,101.977,12,2010,초장로14번길
한림풀에버,2024-10-03,36700,67.3717,7,2015,소호로
한림풀에버,2024-10-09,46300,84.9088,19,2015,소호로
스카이시티프라디움,2024-10-05,48800,84.9898,4,2019,개양로
엠코타운더프라하,2024-10-04,64000,118.6034,4,2014,새평거로
이현하이클래스웰가,2024-10-13,30500,84.98,13,2008,진주대로
금산흥한골든빌,2024-10-14,10800,58.12,8,2002,금산로
청구타운,2024-10-11,15200,59.99,7,1997,대신로475번길
현대,2024-10-08,24700,84.98,1,2000,진주대로815번길
금산흥한골든빌,2024-10-12,8200,48.31,10,2002,금산로
벽산블루밍(구)동신,2024-10-12,18500,113.47,5,1993,진양호로125번길
금산흥한골든빌,2024-10-11,8100,48.31,15,2002,금산로
신안주공2,2024-10-10,16000,59.8,2,1996,신안들말길
상대한보타운,2024-10-09,23500,83.52,1,2002,도동천로
동국한양빌라,2024-10-11,7500,73.26,12,1992,월아산로
가호에일린의뜰,2024-10-02,55000,119.1174,20,2012,강변길
현대금빛마을,2024-10-13,8000,59.28,2,2000,진산로
초전해모로루비채2단지,2024-10-09,36500,84.9671,6,2014,초북로
이지더원,2024-10-10,45000,84.9614,2,2018,초장로
한림풀에버,2024-10-12,39300,67.1597,25,2015,소호로
삼성,2024-10-05,19000,84.93,9,1996,동부로43번길
혁신도시엘에이치아파트9단지,2024-10-04,32800,59.97,9,2017,사들로
현대,2024-10-09,20000,59.92,2,2000,진주대로815번길
현대,2024-10-11,26000,84.98,6,2000,진주대로815번길
초전해모로루비채2단지,2024-10-11,36400,84.9908,17,2014,초북로
금산흥한골든빌,2024-10-01,8500,48.31,9,2002,금산로
덕산,2024-10-05,10500,59.73,13,1995,서장대로178번길
진주혁신도시중흥에스-클래스센트럴시티4단지,2024-10-11,55000,84.8046,31,2020,에나로175번길
신안주공1,2024-10-06,31500,84.98,7,1998,신안들말길
진주혁신코오롱하늘채,2024-10-07,37500,84.95,3,2014,사들로
경남빌라다동(240-0),2024-10-11,4800,77.92,6,1991,숙호산로
신안주공3,2024-10-11,11920,39.99,7,1997,석갑로
들말대경,2024-10-01,28500,84.99,10,1998,석갑로53번길
금산흥한골든빌,2024-10-11,11250,58.12,8,2002,금산로
평거현대1,2024-10-08,12900,59.4,14,1993,평거로115번길
진주푸르지오2단지,2024-10-08,19300,59.924,11,2007,덕의길
엠코타운더프라하,2024-10-02,63000,100.8222,19,2014,새평거로
한주럭키타운,2024-10-10,22000,76.58,10,1990,진주대로
이현하이클래스웰가,2024-10-07,29200,84.07,5,2008,진주대로
동신,2024-10-04,6100,49.72,12,1992,광제산로
들말대경,2024-10-09,17800,59.595,14,1998,석갑로53번길
진주문산코아루,2024-10-01,30500,84.9844,24,2010,월아산로1117번길
평거현대1,2024-10-04,30500,114.59,10,1993,평거로115번길
이현주공,2024-10-02,12900,48.6,4,1983,서장대로
진주센트럴자이,2024-10-09,35500,84.9059,3,2013,도동천로
초전해모로루비채4단지,2024-10-02,36800,84.9671,8,2014,초북로
한림풀에버,2024-10-04,40700,84.9088,2,2015,소호로
들말대경,2024-10-01,32000,123.255,7,1998,석갑로53번길
진주혁신도시센텀리버파크,2024-10-09,44700,84.88,21,2013,사들로
진주초전푸르지오1단지,2024-10-01,44300,101.977,18,2009,초장로14번길
들말한보타운,2024-10-01,43000,150.59,2,1997,평거로39번길
진주혁신코오롱하늘채,2024-10-08,40750,84.95,10,2014,사들로
진주혁신도시중흥에스-클래스센트럴시티2단지,2024-10-09,58000,84.9815,31,2020,에나로
혁신도시엘에이치아파트9단지,2024-10-08,33850,59.97,19,2017,사들로
혁신도시엘에이치아파트9단지,2024-10-08,33850,59.97,19,2017,사들로
한주맨션,2024-10-08,9300,84.15,2,1987,북장대로6번길
도동대림,2024-10-05,13000,73.375,8,1992,하대로40번길
삼전빌라,2024-10-07,13500,138.9,1,1993,의병로243번길
엠코타운더프라하,2024-10-03,48300,84.9651,17,2014,새평거로
남강휴먼빌,2024-10-03,44500,158.9164,7,2010,순환로
대림,2024-10-03,10500,84.2,12,1993,향교로115번길
평거휴먼시아4단지,2024-10-04,28000,84.99,1,2011,새평거로
진주문산코아루,2024-10-03,29500,84.9867,2,2010,월아산로1117번길
혁신도시엘에이치아파트9단지,2024-10-04,34000,59.97,13,2017,사들로
가좌주공1차,2024-10-03,10200,38.64,2,1993,가호로
평거현대1,2024-10-05,16500,59.4,4,1993,평거로115번길
진주혁신도시중흥에스-클래스더퍼스트,2024-10-01,84500,113.4763,10,2020,충의로
진주정촌대경파미르,2024-10-07,28500,76.253,20,2019,삼일로106번길
진주문산코아루,2024-10-03,29500,84.9867,2,2010,월아산로1117번길
가좌주공1차,2024-10-04,12700,41.3,10,1993,가호로
진주정촌대경파미르,2024-10-06,32000,84.9426,7,2019,삼일로106번길
진주초전푸르지오1단지,2024-10-06,38800,84.77,10,2009,초장로14번길
진주강남동일동미라주,2024-10-01,35000,84.9831,32,2021,진주대로891번길
대경,2024-10-04,22000,83.304,2,2000,가호로
더퀸즈웰가,2024-10-04,40700,75.6705,7,2015,새평거로
더퀸즈웰가,2024-10-04,28700,58.7908,1,2015,새평거로
들말흥한타운,2024-10-04,37500,125.61,6,1998,석갑로
주공그린빌,2024-10-04,20300,59.27,11,2005,내동로348번길
금호석류,2024-10-02,29000,84.87,8,1999,강남로
신안주공2,2024-10-03,12850,39.99,7,1996,신안들말길
금호석류,2024-10-04,25200,84.87,6,1999,강남로
들말흥한타운,2024-10-04,19500,59.871,10,1998,석갑로
들말대경,2024-10-03,23700,76.23,3,1998,석갑로53번길
신안주공3,2024-10-02,16950,59.8,4,1997,석갑로
평거휴먼시아3단지,2024-10-04,39500,84.95,13,2011,새평거로
진주초전푸르지오2단지,2024-10-01,45700,125.029,8,2010,초장로14번길
진주혁신도시라온프라이빗아파트,2024-10-01,54200,84.8922,16,2017,대밭골로
금산흥한골든빌,2024-10-01,13200,73.61,3,2002,금산로
금산흥한골든빌,2024-10-01,11250,58.12,8,2002,금산로
진주혁신코오롱하늘채,2024-11-05,37500,84.95,4,2014,사들로
진주센트럴자이,2024-11-07,35000,84.956,19,2013,도동천로
한보은빛마을,2024-11-19,28500,109.17,4,2002,천수로
금호석류,2024-11-03,30600,84.87,21,1999,강남로
엠코타운더프라하,2024-11-07,51000,84.933,26,2014,새평거로
더퀸즈웰가,2024-11-19,35000,65.6733,9,2015,새평거로
금산흥한골든빌,2024-11-20,11500,58.12,3,2002,금산로
혁신도시엘에이치아파트8단지,2024-11-26,30700,59.97,8,2015,사들로
남강휴먼빌,2024-11-30,32100,84.9499,6,2010,순환로
진주혁신도시라온프라이빗아파트,2024-11-26,50500,84.9087,25,2017,대밭골로
두산위브,2024-11-15,28500,138.043,12,2009,중장로154번길
동일스위트,2024-11-25,26550,84.9164,12,2008,공단로
진주혁신코오롱하늘채,2024-11-18,41000,84.95,15,2014,사들로
진주강남동일동미라주,2024-11-11,36600,84.9806,6,2021,진주대로891번길
포레나신진주,2024-11-16,48800,84.9543,19,2019,진주역로96번길
진주정촌대경파미르,2024-11-05,31300,84.9426,11,2019,삼일로106번길
동신,2024-11-28,11200,78.34,3,1992,광제산로
화인,2024-11-27,9000,83.435,1,1994,상봉대룡길
이지더원,2024-11-30,63900,113.588,7,2018,초장로
대림,2024-11-27,19700,129.1,2,1989,남강로
들말흥한타운,2024-11-21,19000,59.871,9,1998,석갑로
더퀸즈웰가,2024-11-21,41000,75.6705,6,2015,새평거로
금산흥한골든빌,2024-11-20,8300,48.31,13,2002,금산로
진주혁신도시중흥에스-클래스더퍼스트,2024-11-18,82000,113.4763,6,2020,충의로
주공그린빌,2024-11-19,15600,51.74,3,2005,내동로348번길
주공그린빌,2024-11-30,19100,59.27,4,2005,내동로348번길
주공그린빌,2024-11-30,19500,59.27,17,2005,내동로348번길
화인,2024-11-18,9000,83.315,8,1994,상봉대룡길
금산흥한골든빌,2024-11-28,10400,58.12,9,2002,금산로
엠코타운더프라하,2024-11-30,44200,84.9651,33,2014,새평거로
진주초전푸르지오1단지,2024-11-28,36900,84.77,11,2009,초장로14번길
주공그린빌,2024-11-07,16300,51.74,4,2005,내동로348번길
진주혁신도시라온프라이빗아파트,2024-11-26,50500,84.9087,25,2017,대밭골로
더퀸즈웰가,2024-11-17,35800,65.6733,3,2015,새평거로
금산흥한골든빌,2024-11-05,12000,58.12,6,2002,금산로
센트렐웰가,2024-11-26,56000,84.9222,13,2018,진주역로73번길
초전해모로루비채4단지,2024-11-17,35000,84.9671,4,2014,초북로
진주평거엘크루,2024-11-25,51700,84.9195,5,2016,새평거로
흥한타운1,2024-11-26,22800,84.69,11,1993,진양호로328번길
진주혁신도시중흥에스-클래스더퍼스트,2024-11-28,88500,113.4763,7,2020,충의로
진주혁신코오롱하늘채,2024-11-24,36400,75.99,6,2014,사들로
초전해모로루비채4단지,2024-11-30,43500,100.8994,12,2014,초북로
진주강남동일동미라주,2024-11-17,32500,75.998,28,2021,진주대로891번길
동성가든타워,2024-11-27,11400,59.4,6,1994,진주대로
진주혁신도시라온프라이빗아파트,2024-11-25,50500,84.8922,24,2017,대밭골로
화인,2024-11-13,9250,83.435,3,1994,상봉대룡길
대산빌리지,2024-11-27,4300,34.56,3,2002,비봉로57번길
한보힐타워,2024-11-23,8400,59.88,8,1992,상대로143번길
동일스위트,2024-11-25,26550,84.9164,12,2008,공단로
초전해모로루비채2단지,2024-11-27,35500,84.9671,10,2014,초북로
흥한타운2,2024-11-30,14600,59.935,1,1995,평거로139번길
청구타운,2024-11-28,13400,59.99,4,1997,대신로475번길
진주문산코아루,2024-11-27,37000,114.9123,20,2010,월아산로1117번길
들말흥한타운,2024-11-30,19400,59.871,5,1998,석갑로
한보타운,2024-11-27,10300,59.94,14,1993,진양호로97번길
초전해모로루비채4단지,2024-11-22,36000,84.9908,28,2014,초북로
진주정촌대경파미르,2024-11-18,29100,76.253,2,2019,삼일로106번길
진주정촌대경파미르,2024-11-17,30200,76.253,16,2019,삼일로106번길
현대,2024-11-26,21500,84.93,10,1996,하대로
엠코타운더프라하,2024-11-14,44000,84.9651,20,2014,새평거로
가좌주공1차,2024-11-25,14250,49.94,1,1993,가호로
초전해모로루비채4단지,2024-11-29,34700,84.9671,16,2014,초북로
가좌주공1차,2024-11-28,16200,49.94,4,1993,가호로
센트렐웰가,2024-11-14,53700,84.8133,31,2018,진주역로73번길
진주초전푸르지오2단지,2024-11-26,43800,101.977,13,2010,초장로14번길
현대,2024-11-29,19000,59.92,4,2000,진주대로815번길
현대,2024-11-12,14200,84.99,3,1991,모덕로181번길
한보(하대3차),2024-11-21,9000,58.5,6,1993,남강로
진주혁신도시라온프라이빗아파트,2024-11-26,50500,84.9087,25,2017,대밭골로
가좌주공1차,2024-11-25,11230,38.64,5,1993,가호로
가좌주공1차,2024-11-25,12400,38.64,6,1993,가호로
대림,2024-11-16,12700,84.46,9,1989,남강로
힐스테이트초전,2024-11-26,45400,84.9351,27,2019,초북로
진주혁신코오롱하늘채,2024-11-25,37600,84.95,3,2014,사들로
신안주공3,2024-11-21,16500,59.8,13,1997,석갑로
삼호그린맨션,2024-11-28,9844,77.69,3,1992,망경로296번길
혁신도시엘에이치아파트8단지,2024-11-10,30500,59.97,8,2015,사들로
초전해모로루비채2단지,2024-11-29,32900,74.9798,12,2014,초북로
금산e편한세상,2024-11-29,28500,121.9893,12,2008,금산순환로80번길
금호석류,2024-11-12,27000,84.87,15,1999,강남로
스카이시티프라디움,2024-11-17,51000,84.9898,20,2019,개양로
혁신도시엘에이치아파트8단지,2024-11-23,31100,59.97,14,2015,사들로
진주혁신도시센텀리버파크,2024-11-23,44300,84.95,14,2013,사들로
현대,2024-11-23,38000,127.69,12,2000,진주대로815번길
한주럭키타운,2024-11-05,22000,84.81,8,1990,진주대로
두산위브,2024-11-25,23300,84.994,11,2009,중장로154번길
혁신도시엘에이치5단지,2024-11-09,34500,75.99,6,2014,충의로
청구타운,2024-11-27,13500,59.99,12,1997,대신로475번길
들말대경,2024-11-28,15500,59.595,6,1998,석갑로53번길
초전흥한,2024-11-25,20500,59.85,18,2001,초전남로
이현하이클래스웰가,2024-11-06,23800,75.07,1,2008,진주대로
혁신도시엘에이치5단지,2024-11-22,34800,84.95,3,2014,충의로
금산느티나무,2024-11-18,12900,59.42,5,2003,중천로
금산e편한세상,2024-11-21,28100,121.9893,6,2008,금산순환로80번길
주공그린빌,2024-11-15,19000,59.27,16,2005,내동로348번길
더퀸즈웰가,2024-11-16,45000,84.9163,7,2015,새평거로
주공그린빌,2024-11-09,19000,59.27,6,2005,내동로348번길
현대,2024-11-26,20000,118.72,9,1985,강남로255번길
신진주역세권우미린더시그니처,2024-11-11,49250,84.9888,25,2024,진주역로
스카이시티프라디움,2024-11-17,51000,84.9898,20,2019,개양로
현대금빛마을,2024-11-28,10000,84.876,6,2000,진산로
진주강남동일동미라주,2024-11-16,35400,84.9831,11,2021,진주대로891번길
진흥더루벤스,2024-11-27,19000,84.9861,17,2009,금산로
동신,2024-11-23,5000,49.72,11,1992,광제산로
대림,2024-11-21,9000,69.97,7,1989,남강로
엠코타운더프라하,2024-11-23,49000,84.933,13,2014,새평거로
금산흥한골든빌,2024-11-29,11000,58.12,6,2002,금산로
대경강남타운,2024-11-24,15500,59.81,9,1997,진주대로891번길
엠코타운더프라하,2024-11-30,44600,84.933,30,2014,새평거로
초전흥한,2024-11-25,20500,59.85,18,2001,초전남로
두산위브,2024-11-24,23800,84.995,7,2009,중장로154번길
두산위브,2024-11-24,25500,112.397,2,2009,중장로154번길
혁신도시엘에이치아파트9단지,2024-11-27,33000,59.97,23,2017,사들로
혁신도시엘에이치아파트9단지,2024-11-06,34000,59.97,11,2017,사들로
대림,2024-11-25,10500,59.91,2,1995,말티고개로
현대,2024-11-26,20500,84.93,8,1996,하대로
더퀸즈웰가,2024-11-29,32500,58.7908,9,2015,새평거로
진주정촌대경파미르,2024-11-16,32600,84.9625,16,2019,삼일로106번길
건일,2024-11-28,3800,55.99,5,1987,상대로119번길
평거휴먼시아4단지,2024-11-06,30500,84.95,14,2011,새평거로
현대,2024-11-04,14000,59.89,24,1996,하대로
화인,2024-11-13,9100,83.435,3,1994,상봉대룡길
한주타운,2024-11-18,19000,125.38,1,1992,진주대로1208번길
들말흥한타운,2024-11-28,18800,59.871,5,1998,석갑로
들말대경,2024-11-28,15500,59.595,6,1998,석갑로53번길
가좌주공1차,2024-11-22,15800,49.94,13,1993,가호로
한보은빛마을,2024-11-23,26000,109.17,5,2002,천수로
대림,2024-11-27,16900,84.44,12,1995,말티고개로
혁신도시엘에이치5단지,2024-11-09,37800,84.95,19,2014,충의로
진주평거엘크루,2024-11-27,41700,72.6786,13,2016,새평거로
쌍용,2024-11-27,13750,59.99,17,1996,말티고개로108번길
진주혁신도시중흥에스-클래스센트럴시티4단지,2024-11-20,51500,84.9815,10,2020,에나로175번길
들말흥한타운,2024-11-22,31000,99.85,3,1998,석갑로
동신,2024-11-16,6400,59.92,4,1992,광제산로
센트렐웰가,2024-11-20,53500,84.9222,12,2018,진주역로73번길
현대금빛마을,2024-11-27,7600,59.28,6,2000,진산로
초전해모로루비채4단지,2024-11-22,41000,100.8994,5,2014,초북로
건일,2024-11-16,6650,51.61,1,1987,상대로119번길
진주정촌대경파미르,2024-11-27,31600,84.9426,15,2019,삼일로106번길
진주평거엘크루,2024-11-04,52500,84.9195,11,2016,새평거로
쌍용,2024-11-26,11000,53.18,1,1996,말티고개로108번길
진주문산코아루,2024-11-19,30000,84.9867,11,2010,월아산로1117번길
현대,2024-11-16,31500,84.98,7,2000,진주대로815번길
이현하이클래스웰가,2024-11-17,26800,75.07,8,2008,진주대로
상봉1,2024-11-20,7000,41.9,3,1976,창렬로
평거현대1,2024-11-18,15500,59.4,8,1993,평거로115번길
힐스테이트초전,2024-11-26,45400,84.9351,27,2019,초북로
혁신도시엘에이치아파트8단지,2024-11-26,30700,59.97,8,2015,사들로
포레나신진주,2024-11-26,49500,84.9515,8,2019,진주역로96번길
이현한주맨션,2024-11-13,10700,83.24,3,1987,서장대로278번길
대경강남타운,2024-11-23,8500,33.6,19,1997,진주대로891번길
진주문산코아루,2024-11-16,36500,114.9123,13,2010,월아산로1117번길
청구타운,2024-11-21,21700,84.98,8,1997,대신로475번길
칠암한주타운,2024-11-25,20000,84.725,20,1995,강남로
현대,2024-11-12,12900,59.89,5,1996,하대로
금산흥한골든빌,2024-11-22,11500,58.12,3,2002,금산로
현대,2024-11-26,20000,118.72,9,1985,강남로255번길
하대주공,2024-11-25,7900,36.2,1,1982,상대로
진주혁신도시중흥에스-클래스더프라임,2024-11-22,52000,84.9912,5,2019,소호로19번길
가호에일린의뜰,2024-11-21,35800,77.8216,14,2012,강변길
들말흥한타운,2024-11-17,20500,59.871,15,1998,석갑로
이현하이클래스웰가,2024-11-06,31600,84.07,2,2008,진주대로
금산흥한골든빌,2024-11-24,6700,37.84,11,2002,금산로
금산흥한골든빌,2024-11-07,5600,37.84,7,2002,금산로
진주우방아이유쉘,2024-11-17,32650,84.9578,15,2017,삼일로
진주혁신도시센텀리버파크,2024-11-13,35900,75.54,2,2013,사들로
진주우방아이유쉘,2024-11-06,31000,84.9756,8,2017,삼일로
금산흥한골든빌,2024-11-11,6500,37.84,12,2002,금산로
진주정촌대경파미르,2024-11-04,34100,84.9625,18,2019,삼일로106번길
한보은빛마을,2024-11-18,24800,84.86,7,2002,천수로
들말대경,2024-11-14,20000,59.595,14,1998,석갑로53번길
유신,2024-11-11,8400,65.88,4,1986,서장대로
진주초전푸르지오2단지,2024-11-11,41800,101.977,9,2010,초장로14번길
한보은빛마을,2024-11-19,28500,109.17,4,2002,천수로
진주혁신코오롱하늘채,2024-11-11,37500,84.95,4,2014,사들로
진주문산파란채,2024-11-19,23500,84.9015,13,2010,월아산로1048번길
진주혁신도시중흥에스-클래스센트럴시티3단지,2024-11-24,51800,84.9815,5,2020,에나로175번길
진주정촌대경파미르,2024-11-23,32800,84.9625,19,2019,삼일로106번길
들말한보타운,2024-11-16,17800,59.8,2,1997,평거로39번길
혁신도시엘에이치아파트9단지,2024-11-20,34000,59.97,13,2017,사들로
진주혁신도시중흥에스-클래스더퍼스트,2024-11-05,81500,113.4763,7,2020,충의로
한보은빛마을,2024-11-23,26000,109.17,5,2002,천수로
진주정촌대경파미르,2024-11-23,30900,84.9426,7,2019,삼일로106번길
혁신도시엘에이치아파트8단지,2024-11-17,30500,59.97,8,2015,사들로
현대,2024-11-21,13500,59.89,13,1996,하대로
현대,2024-11-20,25000,101.97,8,1996,하대로
남강휴먼빌,2024-11-22,33000,84.9376,13,2010,순환로
대경강남타운,2024-11-21,8300,33.6,14,1997,진주대로891번길
두산위브,2024-11-15,28500,138.043,12,2009,중장로154번길
힐스테이트초전,2024-11-15,44400,84.9196,4,2019,초북로
남강휴먼빌,2024-11-22,33300,84.9679,21,2010,순환로
진주혁신코오롱하늘채,2024-11-14,39000,84.95,5,2014,사들로
한주맨션,2024-11-07,7000,84.15,3,1987,북장대로6번길
대동디지털황토,2024-11-11,27700,84.6814,10,2003,가호로44번길
흥한타운1,2024-11-01,20000,84.69,1,1993,진양호로328번길
신안주공3,2024-11-18,17600,59.8,13,1997,석갑로
신안주공3,2024-11-22,16500,59.8,13,1997,석갑로
진주혁신도시센텀리버파크,2024-11-21,43000,84.95,12,2013,사들로
가좌주공2차,2024-11-17,17850,49.94,8,1993,가호로
더퀸즈웰가,2024-11-13,41800,75.4984,19,2015,새평거로
현대,2024-11-21,15000,59.96,6,1997,초전남로
금산아이파크,2024-11-10,21000,84.17,2,2004,중천로
주공그린빌,2024-11-04,29500,84.9,8,2005,내동로348번길
가좌주공2차,2024-11-18,10900,38.64,5,1993,가호로
현대,2024-11-08,16400,84.99,3,1991,모덕로181번길
혁신도시엘에이치아파트9단지,2024-11-19,33700,59.97,8,2017,사들로
현대,2024-11-20,16400,84.945,8,1992,진양호로51번길
진주혁신도시중흥에스-클래스센트럴시티4단지,2024-11-17,53000,84.9815,18,2020,에나로175번길
힐스테이트초전,2024-11-20,45500,84.9196,27,2019,초북로
진주정촌대경파미르,2024-11-09,33000,84.9426,7,2019,삼일로106번길
동일스위트,2024-11-06,19350,59.9647,8,2008,공단로
현대금빛마을,2024-11-14,13700,84.876,8,2000,진산로
금산느티나무,2024-11-20,14700,59.42,2,2003,중천로
주공그린빌,2024-11-14,15000,51.74,11,2005,내동로348번길
혁신도시엘에이치5단지,2024-11-04,39800,84.95,13,2014,충의로
동신,2024-11-18,6000,59.92,1,1992,광제산로
태완노블리안,2024-11-07,7600,59.9823,8,2007,공치고개길
진주혁신도시중흥에스-클래스센트럴시티2단지,2024-11-05,83000,117.7407,20,2020,에나로
진주초전푸르지오1단지,2024-11-13,41700,121.144,25,2009,초장로14번길
진주혁신도시중흥에스-클래스더퍼스트,2024-11-04,76700,99.864,15,2020,충의로
진주혁신도시대방노블랜드더캐슬아파트,2024-11-05,64000,84.9474,16,2018,사들로
두산위브,2024-11-14,22400,84.991,3,2009,중장로154번길
국화,2024-11-19,5300,53.67,1,1991,향교로
엠코타운더프라하,2024-11-06,69500,118.6034,34,2014,새평거로
칠암대덕,2024-11-07,13200,59.97,2,2004,진주대로942번길
한주한보,2024-11-08,12200,59.73,4,1995,망경로296번길
현대,2024-11-02,19300,84.93,6,1996,하대로
초전해모로루비채4단지,2024-11-14,38500,84.9908,18,2014,초북로
현대,2024-11-09,15200,59.96,7,1997,초전남로
신안주공3,2024-11-16,16200,59.8,7,1997,석갑로
대곡한양,2024-11-19,7000,59.83,5,1994,진의로1079번길
하영그린맨션,2024-11-12,12100,82.65,16,1992,진양호로97번길
혁신도시엘에이치아파트9단지,2024-11-09,34300,59.97,14,2017,사들로
진주문산코아루,2024-11-13,37000,114.9123,20,2010,월아산로1117번길
대성주택조합,2024-11-14,11700,62.46,3,1985,모덕로
평거주공1차,2024-11-08,11300,39.3,3,1988,진양호로185번길
대림,2024-11-13,15400,84.29,10,1991,도동천로
진주푸르지오1단지,2024-11-17,22500,84.9414,7,2007,덕의길
혁신도시엘에이치아파트9단지,2024-11-18,34000,59.97,7,2017,사들로
진주문산파란채,2024-11-12,22000,84.9015,10,2010,월아산로1048번길
휴앤인엘리시움,2024-11-05,44750,84.7831,8,2019,에나로
에스디푸른마을,2024-11-01,16900,63.62,8,2010,상봉대룡길
신안주공3,2024-11-11,17950,59.8,7,1997,석갑로
진주초전푸르지오1단지,2024-11-09,37000,84.77,12,2009,초장로14번길
혁신도시엘에이치아파트9단지,2024-11-15,33000,59.97,24,2017,사들로
진주초장엠코타운더이스턴파크,2024-11-18,33250,73.6669,26,2014,초북로
진주혁신코오롱하늘채,2024-11-18,41000,84.95,15,2014,사들로
혁신도시엘에이치아파트8단지,2024-11-17,31000,59.97,8,2015,사들로
상대한보타운,2024-11-08,19000,83.52,9,2002,도동천로
대경아르떼빌,2024-11-10,11500,38.09,9,2002,동부로67번길
혁신도시엘에이치아파트8단지,2024-11-17,31000,59.97,8,2015,사들로
칠암한주타운,2024-11-15,18000,59.98,16,1995,강남로
진주문산코아루,2024-11-16,37300,115.8775,19,2010,월아산로1117번길
대경강변맨션,2024-11-11,12800,84.96,2,1991,남강로503번길
엠코타운더프라하,2024-11-17,44200,84.9651,30,2014,새평거로
혁신도시엘에이치아파트8단지,2024-11-17,30000,59.97,13,2015,사들로
센트렐웰가,2024-11-11,46100,75.5364,6,2018,진주역로73번길
쌍용,2024-11-16,17300,84.96,13,1996,말티고개로108번길
힐스테이트초전,2024-11-16,46000,84.9196,25,2019,초북로
포레나신진주,2024-11-16,48800,84.9543,19,2019,진주역로96번길
진주푸르지오1단지,2024-11-16,18500,59.924,13,2007,덕의길
스카이시티프라디움,2024-11-16,48500,84.9898,36,2019,개양로
대경강남타운,2024-11-16,11500,59.81,1,1997,진주대로891번길
힐스테이트초전,2024-11-16,46800,84.9351,16,2019,초북로
엠코타운더프라하,2024-11-12,51000,84.933,26,2014,새평거로
주공그린빌,2024-11-09,16300,51.74,4,2005,내동로348번길
주공그린빌,2024-11-02,19800,59.27,9,2005,내동로348번길
한보타운,2024-11-09,11700,59.94,14,1993,진양호로97번길
진주혁신도시라온프라이빗아파트,2024-11-09,49300,84.9087,2,2017,대밭골로
엠코타운더프라하,2024-11-08,43900,84.9651,5,2014,새평거로
현대,2024-11-15,18000,59.92,4,2000,진주대로815번길
진주푸르지오2단지,2024-11-15,20000,59.924,9,2007,덕의길
현대,2024-11-08,14000,59.89,24,1996,하대로
들말흥한타운,2024-11-15,39500,125.61,15,1998,석갑로
대성주택조합,2024-11-14,11700,62.46,3,1985,모덕로
혁신도시엘에이치아파트9단지,2024-11-14,33800,59.97,13,2017,사들로
현대,2024-11-11,14300,59.96,4,1997,초전남로
금호석류,2024-11-12,24400,84.87,3,1999,강남로
진주혁신코오롱하늘채,2024-11-11,39700,84.95,10,2014,사들로
진주초전푸르지오2단지,2024-11-03,45000,125.029,3,2010,초장로14번길
남강휴먼빌,2024-11-01,40000,120.5794,15,2010,순환로
현대,2024-11-12,24200,134.82,2,1996,하대로
진주초장엠코타운더이스턴파크,2024-11-14,33250,73.6669,26,2014,초북로
이현주공,2024-11-07,11700,48.6,2,1983,서장대로
한보은빛마을,2024-11-09,22500,84.86,2,2002,천수로
한보,2024-11-15,15700,84.98,8,1994,진주대로
서성파라토피아,2024-11-01,17850,126.36,6,1989,진주대로986번길
진주초전푸르지오1단지,2024-11-08,49000,134.68,14,2009,초장로14번길
신안국제맨션,2024-11-14,4250,44.85,2,1987,석갑로
한림풀에버,2024-11-14,41700,84.9088,3,2015,소호로
상대한보타운,2024-11-14,22000,83.52,17,2002,도동천로
진주혁신코오롱하늘채,2024-11-07,41700,84.95,19,2014,사들로
경남빌라다동(240-0),2024-11-06,4900,80.38,6,1991,숙호산로
진주푸르지오1단지,2024-11-08,22400,84.9726,7,2007,덕의길
들말흥한타운,2024-11-05,19400,59.871,6,1998,석갑로
상봉2,2024-11-01,8500,53.85,1,1986,진주성로147번길
혁신도시엘에이치아파트8단지,2024-11-09,31400,59.97,10,2015,사들로
더퀸즈웰가,2024-11-07,36300,65.6733,19,2015,새평거로
엠코타운더프라하,2024-11-02,44200,84.933,16,2014,새평거로
임광,2024-11-13,7000,55.25,11,1989,모덕로
현대,2024-11-06,22000,123.93,20,1996,하대로
칠암대덕,2024-11-07,13200,59.97,2,2004,진주대로942번길
진주강남동일동미라주,2024-11-07,37000,84.9831,28,2021,진주대로891번길
미르젠,2024-11-05,13500,41.94,6,2017,하대로26번길
금산느티나무,2024-11-12,18200,84.74,17,2003,중천로
대화리네르빌,2024-11-02,20100,82.3136,1,2007,진주대로
혁신도시엘에이치5단지,2024-11-09,37800,84.95,19,2014,충의로
혁신도시엘에이치아파트9단지,2024-11-01,30690,59.97,4,2017,사들로
금산느티나무,2024-11-09,19200,84.74,20,2003,중천로
망경한보타운,2024-11-05,14000,59.44,3,1997,망경로
망경한보타운,2024-11-02,17000,84.82,8,1997,망경로
진주정촌대경파미르,2024-11-12,33500,84.9625,17,2019,삼일로106번길
진주푸르지오2단지,2024-11-12,27000,115.1967,16,2007,덕의길
진주센트럴자이,2024-11-09,35000,84.956,19,2013,도동천로
망경한보타운,2024-11-02,12500,59.44,16,1997,망경로
하영그린맨션,2024-11-07,7800,62.85,2,1992,진양호로97번길
진흥더루벤스,2024-11-06,25300,122.956,16,2009,금산로
현대,2024-11-07,14000,84.99,13,1991,모덕로181번길
두산위브,2024-11-03,25000,112.397,6,2009,중장로154번길
평거현대2,2024-11-04,33000,146.17,5,1994,신안들말길
신안주공2,2024-11-01,14300,49.97,2,1996,신안들말길
망경한보타운,2024-11-08,10000,59.44,7,1997,망경로
신안주공3,2024-11-06,15700,49.96,8,1997,석갑로
상봉2,2024-11-01,8500,53.85,1,1986,진주성로147번길
혁신도시엘에이치아파트8단지,2024-11-04,33800,59.96,20,2015,사들로
한주럭키타운,2024-11-01,23000,84.81,15,1990,진주대로
진주정촌대경파미르,2024-11-05,31300,84.9426,11,2019,삼일로106번길
진주혁신도시중흥에스-클래스더퍼스트,2024-11-04,76800,99.864,13,2020,충의로
동국한양빌라,2024-11-09,11200,84.6,9,1992,월아산로
상대주공,2024-11-11,9000,41.52,1,1980,상대로
흥한타운1,2024-11-03,29000,149.325,9,1993,진양호로328번길
상봉1,2024-11-04,6470,41.9,5,1976,창렬로
한림풀에버,2024-11-08,42100,84.9088,4,2015,소호로
한주럭키타운,2024-11-11,33000,150.35,5,1990,진주대로
대영,2024-11-07,11000,65.97,14,1992,말티고개로
가좌주공1차,2024-11-09,13400,44.94,10,1993,가호로
진주혁신코오롱하늘채,2024-11-09,35000,75.99,3,2014,사들로
들말한보타운,2024-11-09,21850,59.8,6,1997,평거로39번길
더퀸즈웰가,2024-11-01,41800,75.6705,19,2015,새평거로
더퀸즈웰가,2024-11-09,33500,58.4018,9,2015,새평거로
진주혁신코오롱하늘채,2024-11-09,36000,75.99,8,2014,사들로
진주혁신도시중흥에스-클래스더퍼스트,2024-11-09,74500,99.864,8,2020,충의로
진주혁신도시센텀리버파크,2024-11-09,45400,84.95,10,2013,사들로
금산흥한골든빌,2024-11-08,5800,37.84,2,2002,금산로
혁신도시엘에이치5단지,2024-11-08,35600,84.95,3,2014,충의로
진주초장엠코타운더이스턴파크,2024-11-08,38500,101.5255,20,2014,초북로
신안주공3,2024-11-05,16000,59.8,10,1997,석갑로
이현주공,2024-11-08,14150,55.8,2,1983,서장대로
엠코타운더프라하,2024-11-06,37000,67.2755,24,2014,새평거로
금산e편한세상,2024-11-07,31600,149.6941,7,2008,금산순환로80번길
삼전프라자,2024-11-07,10000,84.555,6,1996,도동로
엠코타운더프라하,2024-11-07,40000,67.2755,20,2014,새평거로
들말한보타운,2024-11-05,20000,59.8,13,1997,평거로39번길
신안주공2,2024-11-06,15800,59.8,4,1996,신안들말길
대림,2024-11-06,18200,84.29,7,1991,도동천로
진주문산코아루,2024-11-06,29000,84.9844,21,2010,월아산로1117번길
혁신도시엘에이치5단지,2024-11-02,38600,84.95,7,2014,충의로
진주우방아이유쉘,2024-11-04,31600,84.9578,19,2017,삼일로
진주문산코아루,2024-11-01,28500,84.9867,3,2010,월아산로1117번길
진주초장엠코타운더이스턴파크,2024-11-04,38600,84.977,15,2014,초북로
진주혁신도시중흥에스-클래스센트럴시티2단지,2024-11-05,83000,117.7407,20,2020,에나로
금산흥한골든빌,2024-11-05,12000,58.12,6,2002,금산로
두산위브,2024-11-04,22500,84.991,13,2009,중장로154번길
한주타운,2024-11-04,17000,74.95,11,1992,진주대로1208번길
상봉1,2024-11-01,8000,40.473,2,1976,창렬로
가좌주공1차,2024-11-04,15200,49.94,5,1993,가호로
진주정촌대경파미르,2024-11-05,31300,84.9426,11,2019,삼일로106번길
주공그린빌,2024-11-02,19800,59.27,18,2005,내동로348번길
평거현대2,2024-11-05,29000,146.17,5,1994,신안들말길
진주정촌대경파미르,2024-11-05,31300,84.9426,11,2019,삼일로106번길
한주파크맨션,2024-11-02,11000,59.4,6,1990,남강로
망경한보타운,2024-11-01,19900,84.82,15,1997,망경로
혁신도시엘에이치아파트8단지,2024-11-04,29500,59.97,3,2015,사들로
진주초장엠코타운더이스턴파크,2024-11-02,28700,59.9983,2,2014,초북로
벽산블루밍(구)동신,2024-11-04,7700,59.76,3,1993,진양호로125번길
대경그린파크,2024-11-01,9500,59.85,8,1994,순환로573번길
더퀸즈웰가,2024-11-04,38800,66.3912,20,2015,새평거로
현대,2024-11-04,12000,59.89,9,1996,하대로
금산흥한골든빌,2024-11-02,8850,48.31,7,2002,금산로
평거휴먼시아3단지,2024-11-02,39500,84.95,6,2011,새평거로
현대,2024-11-02,16400,71.175,3,1992,진양호로51번길
동성가든타워,2024-11-02,9950,59.4,8,1994,진주대로
초전흥한,2024-11-02,15800,59.85,6,2001,초전남로
진주정촌대경파미르,2024-11-01,34000,84.9625,14,2019,삼일로106번길
들말흥한타운,2024-11-02,40000,125.61,15,1998,석갑로
평거주공1차,2024-11-02,13200,39.69,4,1988,진양호로185번길
혁신도시엘에이치아파트8단지,2024-11-04,29800,59.97,3,2015,사들로
엠코타운더프라하,2024-11-02,44800,84.9651,8,2014,새평거로
금호석류,2024-11-03,30600,84.87,21,1999,강남로
힐스테이트초전,2024-11-03,45500,84.9196,19,2019,초북로
금산아이파크,2024-11-01,21500,84.17,4,2004,중천로
진주정촌대경파미르,2024-12-24,27800,66.6161,10,2019,삼일로106번길
이현하이클래스웰가,2024-12-03,27000,75.07,11,2008,진주대로
진주우방아이유쉘,2024-12-09,29800,84.9756,8,2017,삼일로
진주혁신코오롱하늘채,2024-12-28,36700,75.84,8,2014,사들로
진주문산파란채,2024-12-02,21000,84.8829,2,2010,월아산로1048번길
진주혁신도시중흥에스-클래스센트럴시티3단지,2024-12-22,56000,84.9815,26,2020,에나로175번길
혁신도시엘에이치아파트8단지,2024-12-27,33700,59.96,16,2015,사들로
혁신도시엘에이치5단지,2024-12-16,39700,84.95,16,2014,충의로
현대,2024-12-10,14400,72.98,6,1991,모덕로181번길
진주푸르지오1단지,2024-12-04,23200,84.9414,7,2007,덕의길
혁신도시엘에이치아파트9단지,2024-12-26,34000,59.97,20,2017,사들로
남강휴먼빌,2024-12-21,40300,133.0285,13,2010,순환로
들말대경,2024-12-23,15000,59.595,1,1998,석갑로53번길
센트렐웰가,2024-12-28,48000,75.3872,19,2018,진주역로73번길
혁신도시엘에이치아파트8단지,2024-12-27,33700,59.96,16,2015,사들로
들말대경,2024-12-24,18000,59.595,4,1998,석갑로53번길
럭키강변,2024-12-26,10800,74.21,2,1991,남강로
동일스위트,2024-12-29,27400,84.9164,19,2008,공단로
현대,2024-12-19,15400,84.99,4,1991,모덕로181번길
금호석류,2024-12-25,21300,59.99,10,1999,강남로
견성스타뷰,2024-12-25,19500,84.4724,4,2005,진주대로1178번길
이현하이클래스웰가,2024-12-21,35850,110.1,22,2008,진주대로
한보은빛마을,2024-12-26,33500,125.12,11,2002,천수로
하영그린맨션,2024-12-27,12500,77.64,7,1992,진양호로97번길
한보은빛마을,2024-12-30,30000,125.12,8,2002,천수로
동일스위트,2024-12-28,24000,84.9692,4,2008,공단로
현대,2024-12-30,13000,59.89,4,1996,하대로
한림풀에버,2024-12-27,42000,84.9644,3,2015,소호로
평거휴먼시아3단지,2024-12-09,40000,84.95,10,2011,새평거로
한보타운,2024-12-18,9900,59.94,8,1993,진양호로97번길
진주혁신도시중흥에스-클래스더프라임,2024-12-16,59990,84.9912,11,2019,소호로19번길
가좌주공2차,2024-12-28,12800,38.64,14,1993,가호로
초전해모로루비채4단지,2024-12-30,39500,100.8994,18,2014,초북로
국민주택,2024-12-31,4000,33.39,3,1992,진양호로97번길
진주초장엠코타운더이스턴파크,2024-12-30,36500,84.9915,16,2014,초북로
진주평거엘크루,2024-12-15,65700,101.4795,3,2016,새평거로
대림,2024-12-30,9000,84.2,10,1993,향교로115번길
스카이시티프라디움,2024-12-29,52000,84.9898,13,2019,개양로
신안주공1,2024-12-21,26000,84.98,9,1998,신안들말길
상대한보타운,2024-12-31,21400,83.52,8,2002,도동천로
주공그린빌,2024-12-27,15200,51.74,1,2005,내동로348번길
초전해모로루비채4단지,2024-12-30,35200,84.9908,5,2014,초북로
진주혁신도시중흥에스-클래스센트럴시티3단지,2024-12-30,56100,84.8046,20,2020,에나로175번길
더퀸즈웰가,2024-12-31,33500,58.7908,11,2015,새평거로
현대,2024-12-21,16200,84.99,2,1991,모덕로181번길
이현하이클래스웰가,2024-12-12,34000,84.98,18,2008,진주대로
이현하이클래스웰가,2024-12-12,34000,84.07,16,2008,진주대로
진주혁신도시중흥에스-클래스센트럴시티2단지,2024-12-25,75000,117.7407,5,2020,에나로
촉석맨션,2024-12-30,8500,52.46,1,1980,솔밭로92번길
진주혁신도시중흥에스-클래스센트럴시티4단지,2024-12-24,66000,99.8146,26,2020,에나로175번길
일동,2024-12-18,10300,59.86,6,1994,초전북로
진주초전푸르지오2단지,2024-12-31,45200,125.029,9,2010,초장로14번길
신안주공3,2024-12-17,16800,59.8,11,1997,석갑로
현대,2024-12-30,14500,70.96,4,1989,천수로
진주혁신도시센텀리버파크,2024-12-25,43000,84.95,13,2013,사들로
현대,2024-12-02,17500,84.55,12,1989,천수로
들말대경,2024-12-15,21000,76.23,6,1998,석갑로53번길
가좌주공1차,2024-12-18,13200,44.94,5,1993,가호로
진주초전푸르지오1단지,2024-12-25,42300,101.977,9,2009,초장로14번길
현대,2024-12-16,14400,72.98,6,1991,모덕로181번길
진흥더루벤스,2024-12-25,23400,84.9968,16,2009,금산로
칠암한주타운,2024-12-23,16600,59.98,11,1995,강남로
진주혁신코오롱하늘채,2024-12-27,41500,84.95,12,2014,사들로
포레나신진주,2024-12-28,46000,84.9515,10,2019,진주역로96번길
힐스테이트초전,2024-12-14,49000,91.2066,18,2019,초북로
진주초장엠코타운더이스턴파크,2024-12-29,36500,84.977,19,2014,초북로
진주혁신도시라온프라이빗아파트,2024-12-30,56500,84.9087,23,2017,대밭골로
이지더원,2024-12-27,35700,73.2086,3,2018,초장로
대림,2024-12-09,9400,84.46,1,1989,남강로
진주혁신코오롱하늘채,2024-12-27,37000,84.95,2,2014,사들로
초전해모로루비채4단지,2024-12-26,34900,84.9671,12,2014,초북로
들말흥한타운,2024-12-19,19500,59.871,15,1998,석갑로
휴앤인엘리시움,2024-12-19,42600,84.9666,18,2019,에나로
진주정촌대경파미르,2024-12-24,32900,84.9426,19,2019,삼일로106번길
현대,2024-12-26,17400,59.96,9,1997,초전남로
현대,2024-12-20,16300,84.99,2,1991,모덕로181번길
진주우방아이유쉘,2024-12-20,32900,84.9578,17,2017,삼일로
신안주공2,2024-12-14,11900,49.97,2,1996,신안들말길
진주혁신도시중흥에스-클래스더프라임,2024-12-21,71000,110.6238,6,2019,소호로19번길
상봉1,2024-12-17,7000,40.473,4,1976,창렬로
진주우방아이유쉘,2024-12-19,30700,84.9578,6,2017,삼일로
송학맨션,2024-12-10,14000,83.26,3,1984,동진로119번길
신안주공2,2024-12-24,16700,59.8,7,1996,신안들말길
엠코타운더프라하,2024-12-29,43150,84.9651,11,2014,새평거로
센트렐웰가,2024-12-13,52400,84.8381,10,2018,진주역로73번길
센트렐웰가,2024-12-02,51900,84.9914,23,2018,진주역로73번길
한보타워,2024-12-25,10500,80.9,2,1991,남강로491번길
엠코타운더프라하,2024-12-24,46500,84.9651,24,2014,새평거로
들말흥한타운,2024-12-18,26000,77.391,6,1998,석갑로
상봉1,2024-12-17,7000,40.473,4,1976,창렬로
더퀸즈웰가,2024-12-09,45500,84.7157,21,2015,새평거로
더퀸즈웰가,2024-12-06,42000,84.9163,2,2015,새평거로
센트렐웰가,2024-12-22,39500,59.8868,23,2018,진주역로73번길
포레나신진주,2024-12-28,46000,84.9515,10,2019,진주역로96번길
하영그린맨션,2024-12-02,11300,82.65,6,1992,진양호로97번길
이현하이클래스웰가,2024-12-30,42000,148.01,3,2008,진주대로
상대한보타운,2024-12-18,16000,59.88,16,2002,도동천로
현대금빛마을,2024-12-19,10600,84.876,10,2000,진산로
진주혁신도시중흥에스-클래스센트럴시티4단지,2024-12-18,54500,84.9815,9,2020,에나로175번길
진주초전푸르지오2단지,2024-12-23,47000,125.029,24,2010,초장로14번길
진주초전푸르지오2단지,2024-12-31,38000,101.977,22,2010,초장로14번길
진주혁신도시중흥에스-클래스센트럴시티2단지,2024-12-31,52700,84.9815,9,2020,에나로
진주초전푸르지오2단지,2024-12-24,45800,125.029,26,2010,초장로14번길
신안주공1,2024-12-25,24300,84.98,1,1998,신안들말길
덕산,2024-12-27,13300,75.75,5,1995,서장대로178번길
더퀸즈웰가,2024-12-12,34000,58.4018,19,2015,새평거로
주공그린빌,2024-12-30,20000,59.27,7,2005,내동로348번길
진주문산코아루,2024-12-18,30500,84.591,12,2010,월아산로1117번길
진주혁신도시중흥에스-클래스센트럴시티3단지,2024-12-22,56000,84.9815,26,2020,에나로175번길
이현한주맨션,2024-12-17,7500,83.24,2,1987,서장대로278번길
가좌주공2차,2024-12-15,11350,38.64,9,1993,가호로
진주혁신코오롱하늘채,2024-12-26,37500,84.95,12,2014,사들로
센트렐웰가,2024-12-21,52000,84.9914,31,2018,진주역로73번길
진주초전푸르지오2단지,2024-12-28,47000,125.029,24,2010,초장로14번길
진주초장엠코타운더이스턴파크,2024-12-20,33500,73.556,17,2014,초북로
초전해모로루비채2단지,2024-12-22,36200,84.9671,8,2014,초북로
진주혁신코오롱하늘채,2024-12-30,40000,84.95,13,2014,사들로
진주초장엠코타운더이스턴파크,2024-12-19,31000,73.556,4,2014,초북로
현대,2024-12-26,16700,59.96,7,1997,초전남로
동신,2024-12-27,6700,59.92,6,1992,광제산로
평거휴먼시아4단지,2024-12-23,31300,59.98,12,2011,새평거로
현대,2024-12-25,17500,59.96,8,1997,초전남로
현대,2024-12-25,17500,59.96,8,1997,초전남로
진주초장엠코타운더이스턴파크,2024-12-21,35500,84.9915,4,2014,초북로
금산느티나무,2024-12-28,16100,74.88,8,2003,중천로
센트렐웰가,2024-12-15,40200,59.4732,16,2018,진주역로73번길
진주푸르지오2단지,2024-12-23,30000,139.6609,18,2007,덕의길
진주혁신도시중흥에스-클래스센트럴시티3단지,2024-12-18,51500,84.8046,19,2020,에나로175번길
이지더원,2024-12-21,39000,73.2086,7,2018,초장로
초전해모로루비채4단지,2024-12-22,35100,84.9671,7,2014,초북로
들말대경,2024-12-28,30000,123.255,4,1998,석갑로53번길
혁신도시엘에이치아파트9단지,2024-12-21,33200,59.97,9,2017,사들로
더퀸즈웰가,2024-12-26,44300,84.9163,17,2015,새평거로
대림,2024-12-23,10500,59.91,10,1995,말티고개로
혁신도시엘에이치아파트8단지,2024-12-05,32300,59.97,21,2015,사들로
혁신도시엘에이치아파트8단지,2024-12-16,27600,59.97,15,2015,사들로
한림풀에버,2024-12-27,42000,84.9644,3,2015,소호로
가좌주공1차,2024-12-07,16400,49.94,10,1993,가호로
진주혁신도시중흥에스-클래스센트럴시티4단지,2024-12-25,55000,84.8046,29,2020,에나로175번길
혁신도시엘에이치아파트9단지,2024-12-26,34000,59.97,20,2017,사들로
주공그린빌,2024-12-11,16500,51.74,3,2005,내동로348번길
엠코타운더프라하,2024-12-24,48700,84.9651,27,2014,새평거로
스카이시티프라디움,2024-12-15,53000,84.9898,27,2019,개양로
일동,2024-12-09,10700,59.86,5,1994,초전북로
엠코타운더프라하,2024-12-24,46900,84.9651,16,2014,새평거로
진흥더루벤스,2024-12-16,21350,84.9865,1,2009,금산로
진주정촌대경파미르,2024-12-15,27800,66.6161,10,2019,삼일로106번길
혁신도시엘에이치아파트8단지,2024-12-16,30000,59.97,8,2015,사들로
진주문산파란채,2024-12-02,21000,84.8829,2,2010,월아산로1048번길
한보타워(하대1차),2024-12-23,8000,53.32,9,1992,모덕로306번길
일신,2024-12-24,12900,75.78,7,1991,하대로34번길
두산위브,2024-12-25,22000,84.994,5,2009,중장로154번길
진주혁신코오롱하늘채,2024-12-19,38000,84.95,3,2014,사들로
센트렐웰가,2024-12-24,53500,84.9222,28,2018,진주역로73번길
주공그린빌,2024-12-24,20000,59.27,10,2005,내동로348번길
두산위브,2024-12-25,22000,84.994,5,2009,중장로154번길
진주초전푸르지오2단지,2024-12-23,51500,134.969,14,2010,초장로14번길
엠코타운더프라하,2024-12-17,45000,84.933,18,2014,새평거로
대동디지털황토,2024-12-15,22000,59.9762,13,2003,가호로44번길
현대금빛마을,2024-12-23,7800,59.28,2,2000,진산로
성창조합주택,2024-12-13,8000,65.61,2,1985,모덕로
이지더원,2024-12-04,62800,113.588,19,2018,초장로
상대한보타운,2024-12-23,20400,83.52,9,2002,도동천로
엠코타운더프라하,2024-12-15,47000,84.9651,32,2014,새평거로
촉석맨션,2024-12-21,8500,52.46,1,1980,솔밭로92번길
진주혁신도시중흥에스-클래스센트럴시티4단지,2024-12-10,52800,84.8046,12,2020,에나로175번길
망경한보타운,2024-12-17,16000,76.34,17,1997,망경로
금산흥한골든빌,2024-12-21,12500,58.12,9,2002,금산로
삼전,2024-12-20,5050,59.72,3,1988,남강로
미르젠,2024-12-20,12000,41.94,2,2017,하대로26번길
진주혁신도시대방노블랜드더캐슬아파트,2024-12-17,94000,103.3591,22,2018,사들로
진주우방아이유쉘,2024-12-09,30000,84.9578,3,2017,삼일로
더퀸즈웰가,2024-12-21,41800,84.7157,8,2015,새평거로
상대주공,2024-12-16,7400,41.52,4,1980,상대로
진주혁신도시라온프라이빗아파트,2024-12-11,50700,84.9087,4,2017,대밭골로
진주푸르지오2단지,2024-12-20,27400,115.1967,16,2007,덕의길
들말한보타운,2024-12-03,29300,84.98,8,1997,평거로39번길
평거휴먼시아3단지,2024-12-22,38300,84.98,5,2011,새평거로
엠코타운더프라하,2024-12-07,68500,119.7937,32,2014,새평거로
한보,2024-12-13,12900,59.8837,12,1994,진주대로
들말대경,2024-12-21,17600,59.595,3,1998,석갑로53번길
진주정촌대경파미르,2024-12-21,33500,84.9625,18,2019,삼일로106번길
유신,2024-12-16,6800,54.0,3,1986,서장대로
대화리네르빌,2024-12-20,22500,82.3136,3,2007,진주대로
들말흥한타운,2024-12-21,19000,59.871,3,1998,석갑로
진주정촌대경파미르,2024-12-08,32900,84.9625,5,2019,삼일로106번길
진주문산파란채,2024-12-21,23300,84.9015,4,2010,월아산로1048번길
혁신도시엘에이치5단지,2024-12-16,39700,84.95,16,2014,충의로
초전해모로루비채4단지,2024-12-14,36500,84.9908,24,2014,초북로
혁신도시엘에이치아파트8단지,2024-12-18,32350,59.97,16,2015,사들로
진주혁신도시중흥에스-클래스센트럴시티4단지,2024-12-21,54800,84.9815,12,2020,에나로175번길
가좌주공2차,2024-12-09,14750,41.3,13,1993,가호로
한보타워,2024-12-15,13800,84.88,9,1991,남강로491번길
센트렐웰가,2024-12-20,51900,84.9914,27,2018,진주역로73번길
진주혁신도시중흥에스-클래스센트럴시티4단지,2024-12-07,52000,84.9815,7,2020,에나로175번길
새진주맨션,2024-12-20,10500,66.6,3,1986,모덕로64번길
동신,2024-12-20,5800,49.72,6,1992,광제산로
현대,2024-12-06,16500,84.99,13,1991,모덕로181번길
엠코타운더프라하,2024-12-07,63000,119.7937,24,2014,새평거로
진주혁신코오롱하늘채,2024-12-07,41500,84.95,8,2014,사들로
엠코타운더프라하,2024-12-07,43650,84.9651,7,2014,새평거로
현대,2024-12-23,26800,84.98,3,2000,진주대로815번길
들말흥한타운,2024-12-16,21000,59.871,14,1998,석갑로
현대,2024-12-17,13000,59.89,2,1996,하대로
이지더원,2024-12-18,38300,73.2086,7,2018,초장로
올림피아골든맨션,2024-12-15,15900,104.8,1,1989,모덕로270번길
흥한타운2,2024-12-04,16600,59.935,11,1995,평거로139번길
금산흥한골든빌,2024-12-18,8400,48.31,11,2002,금산로
하영그린맨션,2024-12-12,9200,82.65,11,1992,진양호로97번길
평거대화리네르빌,2024-12-08,17500,68.88,15,2004,순환로559번길
신안주공2,2024-12-14,14800,59.8,15,1996,신안들말길
가좌주공1차,2024-12-16,16000,49.94,7,1993,가호로
일반성에이원,2024-12-17,7800,59.9461,2,2016,동부로
로얄맨션,2024-12-16,10000,68.9,1,1985,진주대로1208번길
진주초장엠코타운더이스턴파크,2024-12-16,36000,84.977,25,2014,초북로
진주평거엘크루,2024-12-05,51500,84.9195,6,2016,새평거로
한림풀에버,2024-12-08,45000,84.9644,6,2015,소호로
진주초전푸르지오1단지,2024-12-06,39700,101.977,13,2009,초장로14번길
화인,2024-12-07,8200,65.07,8,1994,상봉대룡길
그린타운,2024-12-10,8300,59.4,8,1992,석갑로156번길
진주혁신도시중흥에스-클래스더퍼스트,2024-12-07,76500,99.864,8,2020,충의로
대경,2024-12-02,9200,59.85,14,1992,도동로264번길
한보(하대3차),2024-12-04,9450,58.5,6,1993,남강로
신익무지개,2024-12-12,6500,40.56,4,1987,숙호산로
흥한타운1,2024-12-12,24500,149.325,1,1993,진양호로328번길
화인,2024-12-15,7888,65.07,12,1994,상봉대룡길
초전흥한,2024-12-10,22400,84.68,8,2001,초전남로
진주혁신도시라온프라이빗아파트,2024-12-16,54000,84.9087,10,2017,대밭골로
진주정촌대경파미르,2024-12-16,26500,66.6161,7,2019,삼일로106번길
휴앤인엘리시움,2024-12-13,40800,84.7831,18,2019,에나로
두산위브,2024-12-06,24000,84.991,18,2009,중장로154번길
더퀸즈웰가,2024-12-14,35500,66.3912,6,2015,새평거로
현대,2024-12-05,13500,84.99,6,1991,모덕로181번길
진흥더루벤스,2024-12-16,24000,122.1795,3,2009,금산로
금산흥한골든빌,2024-12-14,6450,37.84,4,2002,금산로
진주초전푸르지오2단지,2024-12-14,46600,125.029,21,2010,초장로14번길
진주혁신도시중흥에스-클래스더프라임,2024-12-08,57000,84.9858,15,2019,소호로19번길
이지더원,2024-12-14,40500,73.2086,26,2018,초장로
진주정촌대경파미르,2024-12-14,34000,84.9426,17,2019,삼일로106번길
남강휴먼빌,2024-12-14,32100,84.9499,6,2010,순환로
한림풀에버,2024-12-14,38000,67.1597,4,2015,소호로
동진주맨션,2024-12-05,10400,59.19,1,1985,동진로
한림풀에버,2024-12-14,44000,84.9088,8,2015,소호로
진주정촌대경파미르,2024-12-14,29600,84.9625,2,2019,삼일로106번길
진주푸르지오1단지,2024-12-04,23200,84.9414,7,2007,덕의길
센트렐웰가,2024-12-13,52400,84.8381,10,2018,진주역로73번길
현대,2024-12-10,16000,70.96,4,1989,천수로
한림풀에버,2024-12-05,44500,84.9644,9,2015,소호로
진주혁신도시중흥에스-클래스더퍼스트,2024-12-07,76500,99.864,8,2020,충의로
신안주공1,2024-12-09,24500,74.83,6,1998,신안들말길
한주타운,2024-12-13,17400,84.63,10,1992,진주대로1208번길
국화,2024-12-09,5500,53.67,1,1991,향교로
진주초전푸르지오1단지,2024-12-11,42000,134.68,2,2009,초장로14번길
현대,2024-12-05,17500,84.55,12,1989,천수로
현대금빛마을,2024-12-11,8500,59.28,4,2000,진산로
센트렐웰가,2024-12-07,52800,84.9914,13,2018,진주역로73번길
대경그린파크,2024-12-11,9800,59.85,3,1994,순환로573번길
흥한타운2,2024-12-03,14750,59.88,11,1995,평거로139번길
진주혁신코오롱하늘채,2024-12-12,37612,84.95,2,2014,사들로
센트렐웰가,2024-12-05,54900,84.9222,23,2018,진주역로73번길
이현하이클래스웰가,2024-12-03,27000,75.07,11,2008,진주대로
스카이시티프라디움,2024-12-04,55600,84.9898,28,2019,개양로
이현하이클래스웰가,2024-12-02,26800,75.07,3,2008,진주대로
가좌주공1차,2024-12-01,15450,49.94,3,1993,가호로
한림풀에버,2024-12-06,43000,84.9644,7,2015,소호로
신안주공2,2024-12-10,15450,59.8,3,1996,신안들말길
들말흥한타운,2024-12-09,20000,59.871,5,1998,석갑로
들말흥한타운,2024-12-09,29000,84.89,9,1998,석갑로
제일풍경채,2024-12-01,41000,110.7705,11,2007,가좌안골길21번길
진주혁신도시중흥에스-클래스센트럴시티4단지,2024-12-10,52400,84.9815,10,2020,에나로175번길
이지더원,2024-12-10,40100,73.2086,21,2018,초장로
진주정촌대경파미르,2024-12-10,27000,66.6161,8,2019,삼일로106번길
평거휴먼시아4단지,2024-12-10,38850,84.95,12,2011,새평거로
금산흥한골든빌,2024-12-10,5600,37.84,7,2002,금산로
주공그린빌,2024-12-09,19900,59.27,10,2005,내동로348번길
대영,2024-12-04,15000,84.86,13,1992,말티고개로
들말대경,2024-12-03,17000,59.595,4,1998,석갑로53번길
금산흥한골든빌,2024-12-10,5800,37.84,3,2002,금산로
신안주공3,2024-12-08,16000,59.8,4,1997,석갑로
한림풀에버,2024-12-02,44500,84.9088,14,2015,소호로
힐스테이트초전,2024-12-08,44700,84.9196,4,2019,초북로
대주엘리시안,2024-12-06,12500,58.284,7,2016,동부로1959번길
진주혁신도시센텀리버파크,2024-12-02,46500,84.88,23,2013,사들로
진주초장엠코타운더이스턴파크,2024-12-08,35500,84.9915,25,2014,초북로
삼전빌라,2024-12-03,10800,84.99,2,1993,의병로243번길
이지더원,2024-12-08,38200,73.2086,14,2018,초장로
더퀸즈웰가,2024-12-07,35000,65.6733,9,2015,새평거로
더퀸즈웰가,2024-12-01,37800,66.3912,20,2015,새평거로
이지더원,2024-12-05,39700,73.2086,23,2018,초장로
금호석류,2024-12-05,21800,59.99,17,1999,강남로
힐스테이트초전,2024-12-04,45700,84.9351,11,2019,초북로
도동대림,2024-12-02,17000,84.23,6,1992,하대로40번길
혁신도시엘에이치아파트8단지,2024-12-04,29000,59.97,4,2015,사들로
센트렐웰가,2024-12-02,51900,84.9914,23,2018,진주역로73번길
힐스테이트초전,2024-12-04,46000,84.9196,14,2019,초북로
진주초장엠코타운더이스턴파크,2024-12-01,33500,73.3447,14,2014,초북로
혁신도시엘에이치아파트8단지,2024-12-04,31400,59.96,8,2015,사들로
진주혁신도시중흥에스-클래스센트럴시티4단지,2024-12-02,51000,84.8046,5,2020,에나로175번길
진주혁신도시센텀리버파크,2024-12-04,40700,84.88,3,2013,사들로
진주초전푸르지오1단지,2024-12-01,45000,121.144,19,2009,초장로14번길
진주초장엠코타운더이스턴파크,2024-12-03,33700,73.556,11,2014,초북로
현대,2024-12-02,15000,84.55,11,1989,천수로
신안주공2,2024-12-03,16000,59.8,3,1996,신안들말길
진주초전푸르지오2단지,2024-12-03,39000,101.977,1,2010,초장로14번길
초전해모로루비채2단지,2024-12-02,35200,84.9671,6,2014,초북로
힐스테이트초전,2024-12-02,45300,84.9351,10,2019,초북로
진주강남동일동미라주,2024-12-01,36600,84.9806,6,2021,진주대로891번길
진주혁신코오롱하늘채,2024-12-01,39500,84.95,9,2014,사들로
진주우방아이유쉘,2024-12-01,32800,84.9758,19,2017,삼일로
현대,2024-12-10,12400,59.89,2,1996,하대로
한보타운,2025-01-16,13000,84.6,1,1993,진양호로97번길
센트렐웰가,2025-01-15,49300,84.9222,4,2018,진주역로73번길
센트렐웰가,2025-01-18,40900,59.4732,23,2018,진주역로73번길
진주혁신도시중흥에스-클래스센트럴시티2단지,2025-01-15,65000,117.7407,12,2020,에나로
주공그린빌,2025-01-18,27200,84.9,14,2005,내동로348번길
남강휴먼빌,2025-01-19,49300,158.9164,3,2010,순환로
신안주공3,2025-01-08,16000,59.8,4,1997,석갑로
진주문산파란채,2025-01-24,21300,84.9015,1,2010,월아산로1048번길
남강휴먼빌,2025-01-23,33500,84.9679,18,2010,순환로
엠코타운더프라하,2025-01-10,41000,67.2755,26,2014,새평거로
금산아이파크,2025-01-28,24700,100.94,15,2004,중천로
상대한보타운,2025-01-31,21100,75.06,14,2002,도동천로
엠코타운더프라하,2025-01-23,36800,66.5175,4,2014,새평거로
평거휴먼시아4단지,2025-01-24,37100,84.95,5,2011,새평거로
혁신도시엘에이치아파트8단지,2025-01-23,30750,59.97,9,2015,사들로
금산흥한골든빌,2025-01-27,14000,73.61,13,2002,금산로
현대,2025-01-31,19500,59.92,12,2000,진주대로815번길
현대(봉곡맨션),2025-01-30,12000,76.86,3,1986,진주대로1195번길
대영,2025-01-23,16000,84.86,13,1992,말티고개로
메이힐스,2025-01-21,27300,84.7604,2,2018,진양호로239번길
혁신도시엘에이치아파트9단지,2025-01-24,33400,59.97,24,2017,사들로
진주롯데인벤스,2025-01-19,35000,138.18,8,2008,향교로
힐스테이트초전,2025-01-25,48300,91.2066,7,2019,초북로
한주타운,2025-01-19,17700,74.95,3,1992,진주대로1208번길
현대,2025-01-17,18900,84.93,4,1996,하대로
진주평거엘크루,2025-01-23,52500,84.9195,15,2016,새평거로
진주문산코아루,2025-01-20,38500,114.9123,10,2010,월아산로1117번길
하대주공,2025-01-20,9100,44.3,1,1982,상대로
현대,2025-01-22,27000,84.96,14,2000,진주대로815번길
진주초전푸르지오2단지,2025-01-14,41500,101.977,8,2010,초장로14번길
주공그린빌,2025-01-21,19000,59.27,3,2005,내동로348번길
상대주공,2025-01-23,7400,41.55,2,1980,상대로
주공그린빌,2025-01-15,17500,51.74,14,2005,내동로348번길
주공그린빌,2025-01-21,19500,59.27,5,2005,내동로348번길
주공그린빌,2025-01-24,16100,51.74,3,2005,내동로348번길
이지더원,2025-01-25,65000,113.588,20,2018,초장로
남강휴먼빌,2025-01-07,40700,133.0285,26,2010,순환로
평거휴먼시아4단지,2025-01-19,35300,59.98,11,2011,새평거로
신안주공3,2025-01-23,14800,59.8,15,1997,석갑로
현대,2025-01-14,36200,127.69,11,2000,진주대로815번길
현대,2025-01-20,29000,84.98,3,2000,진주대로815번길
혁신도시엘에이치5단지,2025-01-31,39000,84.95,17,2014,충의로
진주초장엠코타운더이스턴파크,2025-01-19,33000,73.556,24,2014,초북로
평거휴먼시아3단지,2025-01-22,40600,84.95,10,2011,새평거로
진주문산파란채,2025-01-24,21300,84.9015,1,2010,월아산로1048번길
혁신도시엘에이치아파트9단지,2025-01-22,34000,59.97,17,2017,사들로
진주초장엠코타운더이스턴파크,2025-01-22,37000,84.977,10,2014,초북로
현대,2025-01-18,14300,59.96,4,1997,초전남로
상대한보타운,2025-01-14,24500,83.52,10,2002,도동천로
금산흥한골든빌,2025-01-23,5700,37.84,3,2002,금산로
신안주공3,2025-01-25,16000,59.8,12,1997,석갑로
일반성에이원,2025-01-24,9300,59.9461,2,2016,동부로
한주럭키타운,2025-01-26,23700,84.81,5,1990,진주대로
흥한타운1,2025-01-19,22800,84.69,11,1993,진양호로328번길
진주초전푸르지오1단지,2025-01-25,42300,101.977,9,2009,초장로14번길
초전해모로루비채4단지,2025-01-15,35000,84.9908,16,2014,초북로
진주혁신도시중흥에스-클래스센트럴시티2단지,2025-01-24,65000,117.7407,12,2020,에나로
덕산,2025-01-28,11700,75.75,2,1995,서장대로178번길
진주강남동일동미라주,2025-01-04,33400,75.998,12,2021,진주대로891번길
진주혁신도시중흥에스-클래스더프라임,2025-01-13,55300,84.9858,13,2019,소호로19번길
스카이시티프라디움,2025-01-31,47000,84.9898,37,2019,개양로
혁신도시엘에이치아파트8단지,2025-01-20,29500,59.97,6,2015,사들로
진주초전푸르지오1단지,2025-01-23,40500,121.144,4,2009,초장로14번길
이지더원,2025-01-31,62000,113.588,7,2018,초장로
가좌주공1차,2025-01-27,13500,44.94,8,1993,가호로
현대,2025-01-15,19500,59.92,6,2000,진주대로815번길
들말한보타운,2025-01-17,19300,59.8,13,1997,평거로39번길
진흥더루벤스,2025-01-21,27800,122.1795,4,2009,금산로
진주혁신도시중흥에스-클래스센트럴시티2단지,2025-01-12,54400,84.9815,27,2020,에나로
덕산,2025-01-21,15000,75.75,10,1995,서장대로178번길
진주초장엠코타운더이스턴파크,2025-01-21,32800,73.556,9,2014,초북로
주공그린빌,2025-01-16,19400,59.27,6,2005,내동로348번길
한림풀에버,2025-01-11,44000,84.9088,14,2015,소호로
두산위브,2025-01-15,22000,84.994,5,2009,중장로154번길
엠코타운더프라하,2025-01-20,48870,84.933,28,2014,새평거로
현대,2025-01-24,18300,59.92,2,2000,진주대로815번길
주공그린빌,2025-01-23,16550,51.74,5,2005,내동로348번길
주공그린빌,2025-01-16,27900,84.9,13,2005,내동로348번길
혁신도시엘에이치아파트8단지,2025-01-10,28350,59.97,5,2015,사들로
주공그린빌,2025-01-24,16850,51.74,14,2005,내동로348번길
두산위브,2025-01-31,27200,139.31,3,2009,중장로154번길
진주혁신도시대방노블랜드더캐슬아파트,2025-01-22,66700,84.9899,15,2018,사들로
초전해모로루비채2단지,2025-01-25,35300,84.9671,14,2014,초북로
한림풀에버,2025-01-31,38500,67.1597,3,2015,소호로
더퀸즈웰가,2025-01-25,32500,58.7908,4,2015,새평거로
주공그린빌,2025-01-10,17000,51.74,18,2005,내동로348번길
초전해모로루비채4단지,2025-01-22,36500,84.9908,11,2014,초북로
진주푸르지오1단지,2025-01-31,18500,84.9414,8,2007,덕의길
이지더원,2025-01-22,63000,113.588,18,2018,초장로
신안주공1,2025-01-07,25000,84.98,9,1998,신안들말길
진주정촌대경파미르,2025-01-25,30200,84.9426,8,2019,삼일로106번길
현대,2025-01-25,18100,84.945,5,1992,진양호로51번길
이현하이클래스웰가,2025-01-19,28700,84.98,17,2008,진주대로
혁신도시엘에이치아파트9단지,2025-01-31,34450,59.97,17,2017,사들로
포레나신진주,2025-01-26,46500,84.9515,34,2019,진주역로96번길
이화맨션,2025-01-14,8500,84.63,5,1989,망경남길
임광,2025-01-25,8100,55.25,11,1989,모덕로
진주초장엠코타운더이스턴파크,2025-01-17,38500,101.828,17,2014,초북로
들말한보타운,2025-01-02,20500,59.8,15,1997,평거로39번길
센트렐웰가,2025-01-18,56300,84.9222,33,2018,진주역로73번길
주공그린빌,2025-01-26,30500,84.9,17,2005,내동로348번길
이지더원,2025-01-25,46400,84.9614,25,2018,초장로
진주혁신도시라온프라이빗아파트,2025-01-18,52700,84.9087,12,2017,대밭골로
들말대경,2025-01-07,23500,76.23,2,1998,석갑로53번길
초전해모로루비채2단지,2025-01-23,35500,84.9671,15,2014,초북로
신안주공3,2025-01-19,15600,59.8,14,1997,석갑로
동성가든타워,2025-01-13,10800,59.4,9,1994,진주대로
들말대경,2025-01-03,26500,84.99,12,1998,석갑로53번길
스카이시티프라디움,2025-01-18,52000,84.9818,16,2019,개양로
센트렐웰가,2025-01-21,52000,84.9914,11,2018,진주역로73번길
들말대경,2025-01-22,16500,59.595,3,1998,석갑로53번길
초전해모로루비채4단지,2025-01-14,37000,84.9908,25,2014,초북로
더퀸즈웰가,2025-01-04,31500,58.7908,16,2015,새평거로
금호석류,2025-01-13,26000,84.87,9,1999,강남로
진주정촌대경파미르,2025-01-25,31300,84.9426,8,2019,삼일로106번길
혁신도시엘에이치아파트9단지,2025-01-17,32000,59.97,4,2017,사들로
남강휴먼빌,2025-01-25,45250,158.9164,21,2010,순환로
들말흥한타운,2025-01-10,19500,59.871,9,1998,석갑로
진주혁신코오롱하늘채,2025-01-24,35700,84.95,1,2014,사들로
진주혁신도시센텀리버파크,2025-01-18,40000,75.54,16,2013,사들로
라미,2025-01-15,3800,30.6298,3,2004,북장대로35번길
주공그린빌,2025-01-17,19500,59.27,9,2005,내동로348번길
라미,2025-01-21,4300,35.6478,2,2004,북장대로35번길
센트렐웰가,2025-01-04,48000,75.3872,19,2018,진주역로73번길
두산위브,2025-01-22,32000,170.356,2,2009,중장로154번길
현대금빛마을,2025-01-20,7800,59.28,2,2000,진산로
센트렐웰가,2025-01-16,40000,75.3872,2,2018,진주역로73번길
진주혁신도시대방노블랜드더캐슬아파트,2025-01-17,63800,84.9899,16,2018,사들로
가좌주공2차,2025-01-21,11400,38.64,10,1993,가호로
가좌주공1차,2025-01-14,15200,49.94,13,1993,가호로
현대,2025-01-06,16900,84.99,1,1991,모덕로181번길
대화리네르빌,2025-01-21,22800,82.3136,9,2007,진주대로
흥한타운2,2025-01-24,16000,59.88,12,1995,평거로139번길
현대,2025-01-23,24600,84.955,14,1997,초전남로
대경,2025-01-15,23300,83.304,8,2000,가호로
들말대경,2025-01-24,16500,59.595,3,1998,석갑로53번길
가좌주공1차,2025-01-16,11000,38.64,15,1993,가호로
초전해모로루비채2단지,2025-01-24,33600,74.9798,16,2014,초북로
엠코타운더프라하,2025-01-18,61000,101.5684,12,2014,새평거로
대영,2025-01-23,16000,84.86,13,1992,말티고개로
남강휴먼빌,2025-01-23,33500,84.9679,18,2010,순환로
동성가든타워,2025-01-15,11000,59.4,5,1994,진주대로
초전해모로루비채4단지,2025-01-19,41500,100.8994,9,2014,초북로
더퀸즈웰가,2025-01-18,43000,75.6705,27,2015,새평거로
현대,2025-01-04,14200,59.89,22,1996,하대로
주공그린빌,2025-01-18,27200,84.9,14,2005,내동로348번길
주공그린빌,2025-01-20,27200,84.9,11,2005,내동로348번길
초전해모로루비채4단지,2025-01-23,35200,84.9671,17,2014,초북로
진주초전푸르지오1단지,2025-01-23,40500,121.144,4,2009,초장로14번길
진주혁신도시중흥에스-클래스더프라임,2025-01-22,60500,97.7268,8,2019,소호로19번길
센트렐웰가,2025-01-17,40000,59.4732,25,2018,진주역로73번길
힐스테이트초전,2025-01-22,49000,91.2066,12,2019,초북로
현대금빛마을,2025-01-22,9000,84.876,2,2000,진산로
주공그린빌,2025-01-13,19500,59.27,4,2005,내동로348번길
동일스위트,2025-01-03,32500,131.3163,14,2008,공단로
진주초장엠코타운더이스턴파크,2025-01-16,38500,101.828,11,2014,초북로
진주혁신도시중흥에스-클래스더프라임,2025-01-14,63300,97.7268,10,2019,소호로19번길
힐스테이트초전,2025-01-16,47300,84.9196,27,2019,초북로
진주혁신도시중흥에스-클래스센트럴시티4단지,2025-01-20,53800,84.8046,21,2020,에나로175번길
초전해모로루비채4단지,2025-01-10,32700,84.9671,1,2014,초북로
진주혁신도시대방노블랜드더캐슬아파트,2025-01-14,68000,103.3591,9,2018,사들로
현대,2025-01-21,12800,84.99,1,1991,모덕로181번길
신안주공3,2025-01-22,16000,59.8,9,1997,석갑로
진주혁신도시중흥에스-클래스센트럴시티2단지,2025-01-17,52800,84.9815,22,2020,에나로
한보힐타워,2025-01-17,9500,56.94,18,1992,상대로143번길
초전해모로루비채4단지,2025-01-21,35900,84.9908,12,2014,초북로
스카이시티프라디움,2025-01-12,50000,84.9898,35,2019,개양로
이현주공,2025-01-10,12800,48.6,4,1983,서장대로
주공그린빌,2025-01-14,20000,59.27,9,2005,내동로348번길
임광,2025-01-14,11000,55.25,11,1989,모덕로
두산위브,2025-01-18,23500,84.991,13,2009,중장로154번길
주공그린빌,2025-01-20,16450,51.74,4,2005,내동로348번길
혁신도시엘에이치아파트8단지,2025-01-10,30500,59.97,4,2015,사들로
스카이시티프라디움,2025-01-12,48800,84.9818,14,2019,개양로
현대,2025-01-06,17500,84.55,5,1989,천수로
초전해모로루비채2단지,2025-01-15,36400,84.9671,21,2014,초북로
금호석류,2025-01-06,27500,84.87,13,1999,강남로
남강휴먼빌,2025-01-21,49300,158.9164,3,2010,순환로
금호석류,2025-01-05,22400,59.99,14,1999,강남로
신안주공3,2025-01-20,18500,59.8,12,1997,석갑로
금호석류,2025-01-09,21600,59.99,8,1999,강남로
주공그린빌,2025-01-14,14000,51.74,11,2005,내동로348번길
한림풀에버,2025-01-11,43800,84.9088,22,2015,소호로
진주초장엠코타운더이스턴파크,2025-01-13,39000,101.5255,14,2014,초북로
한주한보,2025-01-09,12900,59.73,11,1995,망경로296번길
평거현대1,2025-01-07,12850,59.4,7,1993,평거로115번길
금산흥한골든빌,2025-01-20,5800,37.84,12,2002,금산로
이지더원,2025-01-08,39000,73.2086,20,2018,초장로
신안주공2,2025-01-07,15900,59.8,8,1996,신안들말길
진주정촌대경파미르,2025-01-11,31500,84.9426,5,2019,삼일로106번길
혁신도시엘에이치아파트8단지,2025-01-20,29500,59.97,6,2015,사들로
더퀸즈웰가,2025-01-19,31450,58.4018,4,2015,새평거로
대경아르떼빌,2025-01-10,12500,38.09,5,2002,동부로67번길
상봉2,2025-01-07,9600,53.85,1,1986,진주성로147번길
엠코타운더프라하,2025-01-17,62000,101.5684,14,2014,새평거로
현대금빛마을,2025-01-03,10000,84.876,9,2000,진산로
진주초장엠코타운더이스턴파크,2025-01-15,32500,73.556,9,2014,초북로
임광,2025-01-16,7000,55.25,1,1989,모덕로
엠코타운더프라하,2025-01-03,47800,84.933,28,2014,새평거로
대림,2025-01-16,15500,84.44,8,1995,말티고개로
금산느티나무,2025-01-13,16800,84.74,18,2003,중천로
동성가든타워,2025-01-13,10500,59.4,15,1994,진주대로
들말한보타운,2025-01-10,30000,84.98,11,1997,평거로39번길
임광,2025-01-03,12800,58.58,2,1989,모덕로
진주평거엘크루,2025-01-18,51300,84.9624,15,2016,새평거로
더퀸즈웰가,2025-01-19,45000,84.7157,32,2015,새평거로
혁신도시엘에이치아파트9단지,2025-01-04,32000,59.97,3,2017,사들로
평거휴먼시아4단지,2025-01-15,28100,59.98,6,2011,새평거로
초전흥한,2025-01-14,15900,59.85,14,2001,초전남로
센트렐웰가,2025-01-15,49300,84.9222,4,2018,진주역로73번길
혁신도시엘에이치아파트9단지,2025-01-14,34500,59.97,14,2017,사들로
진주초전푸르지오2단지,2025-01-07,42800,101.977,19,2010,초장로14번길
가좌주공2차,2025-01-17,13200,41.3,8,1993,가호로
진주혁신도시중흥에스-클래스센트럴시티4단지,2025-01-14,51300,84.8046,6,2020,에나로175번길
진주정촌대경파미르,2025-01-18,29000,76.253,2,2019,삼일로106번길
더퀸즈웰가,2025-01-16,35700,66.3912,18,2015,새평거로
힐스테이트초전,2025-01-18,45900,84.9196,21,2019,초북로
진주혁신코오롱하늘채,2025-01-09,40000,84.95,19,2014,사들로
센트렐웰가,2025-01-18,39800,59.45,11,2018,진주역로73번길
센트렐웰가,2025-01-18,40900,59.4732,23,2018,진주역로73번길
더퀸즈웰가,2025-01-17,37300,66.3912,20,2015,새평거로
흥한스위트,2025-01-14,12200,59.73,12,1998,신안로
진주혁신코오롱하늘채,2025-01-16,36700,75.84,8,2014,사들로
현대성우트리팰리스,2025-01-13,26000,106.07,8,2006,진주대로879번길
엠코타운더프라하,2025-01-13,43350,84.9651,21,2014,새평거로
현대금빛마을,2025-01-17,8000,59.28,6,2000,진산로
진주혁신도시중흥에스-클래스센트럴시티2단지,2025-01-17,51800,84.9815,6,2020,에나로
현대,2025-01-16,16600,84.55,5,1989,천수로
엠코타운더프라하,2025-01-06,45600,84.933,16,2014,새평거로
진주강남동일동미라주,2025-01-11,36500,84.9831,27,2021,진주대로891번길
시티프라디움,2025-01-16,53000,84.9909,37,2020,진주역로
한주타운,2025-01-14,16300,84.63,8,1992,진주대로1208번길
현대,2025-01-16,18000,84.55,13,1989,천수로
엠코타운더프라하,2025-01-15,41000,67.2755,26,2014,새평거로
신안주공1,2025-01-10,22900,84.98,3,1998,신안들말길
칠암대덕,2025-01-14,7100,29.67,9,2004,진주대로942번길
들말한보타운,2025-01-11,29200,84.98,7,1997,평거로39번길
혁신도시엘에이치아파트9단지,2025-01-04,33000,59.97,15,2017,사들로
주공그린빌,2025-01-15,17100,51.74,13,2005,내동로348번길
현대,2025-01-15,18000,84.55,13,1989,천수로
가좌주공1차,2025-01-11,11600,38.64,12,1993,가호로
한보타운,2025-01-13,14000,84.6,15,1993,진양호로97번길
현대,2025-01-15,18000,84.55,13,1989,천수로
한보타운,2025-01-06,9950,59.94,5,1993,진양호로97번길
진주혁신코오롱하늘채,2025-01-08,36400,75.99,6,2014,사들로
두산위브,2025-01-11,22800,84.994,3,2009,중장로154번길
상봉1,2025-01-14,8200,40.44,2,1976,창렬로
진주정촌대경파미르,2025-01-14,31500,84.9426,7,2019,삼일로106번길
진주혁신코오롱하늘채,2025-01-14,40200,84.95,20,2014,사들로
진주혁신코오롱하늘채,2025-01-14,40200,84.95,20,2014,사들로
두산위브,2025-01-13,22300,84.995,18,2009,중장로154번길
진주초장엠코타운더이스턴파크,2025-01-13,37900,101.828,5,2014,초북로
이지더원,2025-01-14,45000,84.9614,7,2018,초장로
신안주공3,2025-01-08,16000,59.8,4,1997,석갑로
이현주공,2025-01-10,12800,48.6,4,1983,서장대로
진주혁신도시대방노블랜드더캐슬아파트,2025-01-13,63000,84.9474,10,2018,사들로
진주초전푸르지오2단지,2025-01-14,41500,101.977,8,2010,초장로14번길
명석블리시움,2025-01-13,16300,81.6426,6,2020,광제산로26번길
현대,2025-01-03,15000,84.99,3,1991,모덕로181번길
미르젠,2025-01-12,16300,57.0,6,2017,하대로26번길
초전해모로루비채4단지,2025-01-05,39200,100.8994,3,2014,초북로
현대,2025-01-13,16700,59.96,15,1997,초전남로
현대금빛마을,2025-01-13,11500,84.876,4,2000,진산로
망경한보타운,2025-01-10,13000,59.44,9,1997,망경로
주공그린빌,2025-01-03,19500,59.27,4,2005,내동로348번길
가좌주공1차,2025-01-09,11000,38.64,2,1993,가호로
주공그린빌,2025-01-13,18000,59.27,5,2005,내동로348번길
금호석류,2025-01-13,40000,122.49,1,1999,강남로
진주혁신도시중흥에스-클래스더퍼스트,2025-01-06,85000,113.4763,9,2020,충의로
들말대경,2025-01-07,18900,59.595,13,1998,석갑로53번길
현대,2025-01-08,16300,59.96,4,1997,초전남로
청구타운,2025-01-09,13400,59.99,11,1997,대신로475번길
들말한보타운,2025-01-05,19900,59.8,11,1997,평거로39번길
혁신도시엘에이치아파트9단지,2025-01-12,32800,59.97,9,2017,사들로
혁신도시엘에이치아파트9단지,2025-01-12,32800,59.97,9,2017,사들로
진주혁신도시중흥에스-클래스센트럴시티3단지,2025-01-08,57500,84.8046,24,2020,에나로175번길
힐스테이트초전,2025-01-11,46800,84.9196,13,2019,초북로
신안주공1,2025-01-11,25000,84.98,9,1998,신안들말길
초전해모로루비채4단지,2025-01-04,36800,84.9671,29,2014,초북로
건영아모리움,2025-01-07,29800,74.7821,4,2017,진양호로225번길
들말대경,2025-01-10,23500,76.23,2,1998,석갑로53번길
진주푸르지오2단지,2025-01-02,21000,84.9414,7,2007,덕의길
진주혁신도시중흥에스-클래스더퍼스트,2025-01-02,81000,113.4763,8,2020,충의로
힐스테이트초전,2025-01-09,45300,84.9196,15,2019,초북로
초전해모로루비채2단지,2025-01-09,36000,84.9908,16,2014,초북로
진주혁신도시라온프라이빗아파트,2025-01-06,49500,84.8922,23,2017,대밭골로
청구타운,2025-01-09,16000,59.99,12,1997,대신로475번길
대림,2025-01-08,15000,84.29,1,1991,도동천로
청구타운,2025-01-04,14400,59.99,9,1997,대신로475번길
한주타운,2025-01-09,17500,84.63,9,1992,진주대로1208번길
진주강남동일동미라주,2025-01-04,33400,75.998,12,2021,진주대로891번길
더퀸즈웰가,2025-01-08,38000,66.3912,16,2015,새평거로
더퀸즈웰가,2025-01-04,31500,58.7908,16,2015,새평거로
이지더원,2025-01-08,39000,73.2086,20,2018,초장로
초전해모로루비채2단지,2025-01-02,34700,84.9908,19,2014,초북로
현대,2025-01-06,13000,59.89,4,1996,하대로
진주초전푸르지오2단지,2025-01-03,46200,125.029,7,2010,초장로14번길
힐스테이트초전,2025-01-06,46000,84.9196,13,2019,초북로
남강휴먼빌,2025-01-07,40700,133.0285,26,2010,순환로
경남빌라,2025-01-07,22000,156.63,2,1992,진주대로920번길
청구타운,2025-01-06,14200,59.99,7,1997,대신로475번길
진주강남동일동미라주,2025-01-07,39000,84.9806,29,2021,진주대로891번길
더퀸즈웰가,2025-01-07,33000,58.7908,24,2015,새평거로
센트렐웰가,2025-01-02,49250,84.9222,7,2018,진주역로73번길
대림,2025-01-06,13800,72.238,9,1991,도동천로
금산아이파크,2025-01-02,17000,59.78,9,2004,중천로
신안주공1,2025-01-05,26000,84.98,7,1998,신안들말길
진주혁신도시센텀리버파크,2025-01-04,39200,75.54,18,2013,사들로
들말한보타운,2025-01-04,20500,59.8,15,1997,평거로39번길
들말대경,2025-01-04,15000,59.595,1,1998,석갑로53번길
들말대경,2025-01-04,26500,84.99,12,1998,석갑로53번길
현대금빛마을,2025-01-04,10000,84.876,4,2000,진산로
남강휴먼빌,2025-01-04,40300,133.0285,13,2010,순환로
벽산블루밍(구)동신,2025-01-04,10450,59.76,4,1993,진양호로125번길
금산흥한골든빌,2025-01-01,16800,73.61,14,2002,금산로
평거휴먼시아4단지,2025-01-03,39900,84.99,5,2011,새평거로
가좌주공1차,2025-01-02,16400,49.94,7,1993,가호로
금산e편한세상,2025-01-03,21800,84.9746,2,2008,금산순환로80번길
초전해모로루비채4단지,2025-01-02,39000,100.8994,5,2014,초북로
현대금빛마을,2025-01-03,11000,84.876,7,2000,진산로
신안주공3,2025-01-02,13900,49.96,6,1997,석갑로
혁신도시엘에이치아파트8단지,2025-01-02,33700,59.96,16,2015,사들로
신안주공3,2025-01-02,13900,49.96,6,1997,석갑로
평거휴먼시아4단지,2025-01-10,35000,84.98,14,2011,새평거로
혁신도시엘에이치아파트8단지,2025-02-22,33900,59.96,19,2015,사들로
금호석류,2025-02-10,28500,84.87,15,1999,강남로
신안주공3,2025-02-28,13850,49.96,9,1997,석갑로
새진주맨션,2025-02-28,7000,66.6,4,1986,모덕로64번길
진주강남동일동미라주,2025-02-28,37700,84.9806,7,2021,진주대로891번길
힐스테이트초전,2025-02-20,48700,91.2066,2,2019,초북로
진주강남동일동미라주,2025-02-28,37700,84.9806,7,2021,진주대로891번길
금호석류,2025-02-05,22900,59.99,19,1999,강남로
원정자우림,2025-02-20,20500,98.7,4,2005,말티고개로108번길
흥한,2025-02-20,8050,84.99,6,1990,선학산길
현대,2025-02-24,22000,84.955,4,1997,초전남로
혁신도시엘에이치5단지,2025-02-18,38000,84.95,16,2014,충의로
진주정촌대경파미르,2025-02-28,27450,66.1957,4,2019,삼일로106번길
동일스위트,2025-02-25,22500,84.9164,3,2008,공단로
가호에일린의뜰,2025-02-21,41100,84.9982,7,2012,강변길
초전해모로루비채4단지,2025-02-24,36000,84.9908,20,2014,초북로
엠코타운더프라하,2025-02-27,41000,84.933,12,2014,새평거로
칠암한주타운,2025-02-18,17700,59.98,11,1995,강남로
경남빌라다동(240-0),2025-02-18,7000,77.92,3,1991,숙호산로
상대주공,2025-02-26,6550,41.55,3,1980,상대로
대경,2025-02-28,8550,59.85,13,1992,도동로264번길
럭키강변,2025-02-26,11000,74.21,5,1991,남강로
일동,2025-02-27,9600,59.86,2,1994,초전북로
럭키강변,2025-02-26,13600,74.21,8,1991,남강로
임광,2025-02-12,9400,58.58,11,1989,모덕로
주공그린빌,2025-02-27,16800,51.74,16,2005,내동로348번길
한보타운,2025-02-17,13000,84.6,1,1993,진양호로97번길
한림풀에버,2025-02-26,40000,84.9088,1,2015,소호로
상대한보타운,2025-02-23,19800,75.06,7,2002,도동천로
한림풀에버,2025-02-24,42000,84.9644,18,2015,소호로
서성파라토피아,2025-02-26,12800,126.36,1,1989,진주대로986번길
혁신도시엘에이치아파트9단지,2025-02-25,34000,59.97,10,2017,사들로
화인,2025-02-13,9500,83.315,10,1994,상봉대룡길
포레나신진주,2025-02-22,50000,84.9515,3,2019,진주역로96번길
제일풍경채,2025-02-20,49000,138.9363,8,2007,가좌안골길21번길
진주푸르지오2단지,2025-02-25,19400,59.924,6,2007,덕의길
혁신도시엘에이치아파트8단지,2025-02-27,29500,59.97,5,2015,사들로
금산아이파크,2025-02-28,22800,84.17,13,2004,중천로
삼환나우빌,2025-02-14,57000,149.967,10,2009,진주대로829번길
청구타운,2025-02-21,13500,59.99,1,1997,대신로475번길
대동,2025-02-14,6250,40.76,1,1979,도동천로184번길
센트렐웰가,2025-02-27,47500,84.9914,3,2018,진주역로73번길
진주혁신코오롱하늘채,2025-02-27,36000,84.95,2,2014,사들로
가좌주공1차,2025-02-20,9500,41.3,5,1993,가호로
혁신도시엘에이치아파트8단지,2025-02-22,33900,59.96,19,2015,사들로
들말흥한타운,2025-02-28,18000,59.871,3,1998,석갑로
들말대경,2025-02-18,16200,59.595,15,1998,석갑로53번길
이지더원,2025-02-28,38800,73.2086,18,2018,초장로
진주초전푸르지오1단지,2025-02-27,42300,101.977,17,2009,초장로14번길
진주강남동일동미라주,2025-02-22,32700,75.998,16,2021,진주대로891번길
진주강남동일동미라주,2025-02-07,32000,75.998,5,2021,진주대로891번길
들말대경,2025-02-27,23700,76.23,9,1998,석갑로53번길
대경,2025-02-20,21500,69.023,5,2000,가호로
시티프라디움,2025-02-19,45200,84.9941,6,2020,진주역로
들말흥한타운,2025-02-26,31000,99.85,2,1998,석갑로
대림,2025-02-08,13500,84.46,9,1989,남강로
진주정촌대경파미르,2025-02-11,27150,66.6161,20,2019,삼일로106번길
이지더원,2025-02-13,40100,73.2086,25,2018,초장로
한주럭키타운,2025-02-28,21250,76.58,8,1990,진주대로
혁신도시엘에이치아파트8단지,2025-02-27,29500,59.97,5,2015,사들로
신안주공3,2025-02-24,17000,59.8,3,1997,석갑로
더퀸즈웰가,2025-02-18,36000,66.3912,26,2015,새평거로
진주초전푸르지오1단지,2025-02-21,41900,121.144,12,2009,초장로14번길
진주초장엠코타운더이스턴파크,2025-02-27,41000,101.828,19,2014,초북로
평거휴먼시아3단지,2025-02-12,39900,84.97,15,2011,새평거로
진주초장엠코타운더이스턴파크,2025-02-26,40000,101.828,7,2014,초북로
평거현대1,2025-02-26,15800,59.4,8,1993,평거로115번길
힐스테이트초전,2025-02-22,47600,84.9196,15,2019,초북로
진주정촌대경파미르,2025-02-27,29550,84.9426,1,2019,삼일로106번길
진주혁신도시중흥에스-클래스더프라임,2025-02-23,56900,84.9912,4,2019,소호로19번길
진주혁신도시중흥에스-클래스센트럴시티4단지,2025-02-23,57900,84.9815,18,2020,에나로175번길
상대주공,2025-02-25,8000,41.55,3,1980,상대로
동국강변타워2,2025-02-27,7900,59.98,9,1992,돗골로19번길
상평국민1차,2025-02-25,3500,44.7,5,1990,남강로1093번길
엠코타운더프라하,2025-02-12,69500,119.7937,23,2014,새평거로
주공그린빌,2025-02-05,19150,59.27,14,2005,내동로348번길
이지더원,2025-02-26,43000,84.9614,4,2018,초장로
흥한타운,2025-02-19,10500,59.88,12,1995,대신로243번길
대림,2025-02-24,15300,72.238,3,1991,도동천로
신안주공3,2025-02-28,13850,49.96,9,1997,석갑로
신안주공2,2025-02-27,12200,49.97,2,1996,신안들말길
유신,2025-02-24,8300,65.88,4,1986,서장대로
초전해모로루비채2단지,2025-02-24,34500,84.9671,18,2014,초북로
가좌주공1차,2025-02-27,11000,41.3,14,1993,가호로
이지더원,2025-02-23,40400,73.2086,22,2018,초장로
현대,2025-02-22,24500,101.97,3,1996,하대로
금산e편한세상,2025-02-25,24000,84.9746,17,2008,금산순환로80번길
금산아이파크,2025-02-15,20350,84.17,9,2004,중천로
초전해모로루비채4단지,2025-02-23,33800,84.9908,16,2014,초북로
진주혁신도시중흥에스-클래스센트럴시티3단지,2025-02-19,58000,84.9815,19,2020,에나로175번길
신안주공3,2025-02-17,16100,59.8,14,1997,석갑로
진주문산코아루,2025-02-23,28000,84.9867,18,2010,월아산로1117번길
진주초장엠코타운더이스턴파크,2025-02-19,34200,73.556,11,2014,초북로
이현하이클래스웰가,2025-02-26,26900,75.07,16,2008,진주대로
현대,2025-02-17,13300,59.89,15,1996,하대로
엠코타운더프라하,2025-02-21,44300,84.9651,22,2014,새평거로
상대한보타운,2025-02-21,15750,59.88,16,2002,도동천로
들말흥한타운,2025-02-28,20600,59.871,5,1998,석갑로
한림풀에버,2025-02-28,46500,84.9088,20,2015,소호로
현대,2025-02-24,26100,84.96,1,2000,진주대로815번길
진주초장엠코타운더이스턴파크,2025-02-26,39700,101.828,20,2014,초북로
진주푸르지오1단지,2025-02-28,22000,84.9414,2,2007,덕의길
진주혁신도시중흥에스-클래스센트럴시티4단지,2025-02-27,53000,84.8046,6,2020,에나로175번길
제일풍경채,2025-02-04,36500,110.7705,2,2007,가좌안골길21번길
신안주공3,2025-02-28,17000,59.8,8,1997,석갑로
한주타운,2025-02-28,15000,74.95,1,1992,진주대로1208번길
센트렐웰가,2025-02-04,55000,84.8133,24,2018,진주역로73번길
들말한보타운,2025-02-09,24000,76.61,4,1997,평거로39번길
이현하이클래스웰가,2025-02-07,43000,148.01,2,2008,진주대로
평거주공1차,2025-02-05,13400,39.69,1,1988,진양호로185번길
시티프라디움,2025-02-28,48000,84.9941,12,2020,진주역로
가호에일린의뜰,2025-02-26,35200,77.8216,5,2012,강변길
평거휴먼시아3단지,2025-02-25,30000,84.95,12,2011,새평거로
들말한보타운,2025-02-17,21900,59.8,15,1997,평거로39번길
신안주공2,2025-02-27,13400,49.97,9,1996,신안들말길
진주혁신도시대방노블랜드더캐슬아파트,2025-02-04,63500,84.9899,8,2018,사들로
혁신도시엘에이치아파트9단지,2025-02-10,33000,59.97,13,2017,사들로
현대,2025-02-20,19000,84.93,4,1996,하대로
이지더원,2025-02-19,46000,84.9614,14,2018,초장로
청구타운,2025-02-17,14300,59.99,5,1997,대신로475번길
진주초전푸르지오2단지,2025-02-18,41000,101.977,6,2010,초장로14번길
진주평거엘크루,2025-02-02,53500,84.9195,6,2016,새평거로
두산위브,2025-02-23,23500,84.995,4,2009,중장로154번길
상대주공,2025-02-25,7400,40.99,4,1980,상대로
한주타운,2025-02-21,15500,74.95,2,1992,진주대로1208번길
스카이시티프라디움,2025-02-07,37000,84.991,5,2019,개양로
상대한보타운,2025-02-26,22300,83.52,4,2002,도동천로
초전해모로루비채2단지,2025-02-16,35300,84.9671,4,2014,초북로
이현주공,2025-02-20,13600,49.22,4,1983,서장대로
신안주공2,2025-02-20,15200,59.8,4,1996,신안들말길
시티프라디움,2025-02-09,47200,84.9941,34,2020,진주역로
신안주공2,2025-02-20,15100,59.8,3,1996,신안들말길
초전해모로루비채2단지,2025-02-21,34500,84.9908,16,2014,초북로
더퀸즈웰가,2025-02-23,37000,66.3912,13,2015,새평거로
신안주공2,2025-02-20,15200,59.8,4,1996,신안들말길
신안주공3,2025-02-03,10500,39.99,4,1997,석갑로
진주푸르지오2단지,2025-02-24,23800,84.9726,6,2007,덕의길
금산아이파크,2025-02-21,23200,115.68,4,2004,중천로
진주혁신도시중흥에스-클래스센트럴시티3단지,2025-02-19,51000,84.9815,15,2020,에나로175번길
들말흥한타운,2025-02-13,36800,125.61,5,1998,석갑로
진주푸르지오1단지,2025-02-10,21700,84.9726,1,2007,덕의길
초전해모로루비채2단지,2025-02-10,34100,84.9908,5,2014,초북로
들말대경,2025-02-15,21400,59.595,5,1998,석갑로53번길
포레나신진주,2025-02-22,50500,84.9515,34,2019,진주역로96번길
금호맨션,2025-02-24,6400,77.9,6,1990,금산로
신안국제맨션,2025-02-21,3000,44.85,3,1987,석갑로
금산흥한골든빌,2025-02-25,6000,37.84,8,2002,금산로
금산흥한골든빌,2025-02-25,6500,37.84,6,2002,금산로
남강휴먼빌,2025-02-25,40500,133.0285,11,2010,순환로
주공그린빌,2025-02-25,20000,59.27,7,2005,내동로348번길
주공그린빌,2025-02-12,19700,59.27,16,2005,내동로348번길
상대한주그린,2025-02-12,16000,84.89,5,1999,선학산길
초전해모로루비채4단지,2025-02-17,40800,100.8994,3,2014,초북로
센트렐웰가,2025-02-17,46500,75.5364,9,2018,진주역로73번길
일동,2025-02-25,9800,59.86,2,1994,초전북로
진주문산코아루,2025-02-18,28000,84.9867,11,2010,월아산로1117번길
이지더원,2025-02-10,28000,73.2086,15,2018,초장로
현대,2025-02-24,18000,59.92,14,2000,진주대로815번길
한주럭키타운,2025-02-21,20000,76.58,1,1990,진주대로
현대,2025-02-20,21800,84.955,6,1997,초전남로
주공그린빌,2025-02-07,16650,51.74,5,2005,내동로348번길
평거대화리네르빌,2025-02-21,20500,84.71,5,2004,순환로559번길
현대,2025-02-16,21000,84.955,13,1997,초전남로
진주정촌대경파미르,2025-02-17,34100,84.9426,19,2019,삼일로106번길
가좌주공2차,2025-02-22,11900,44.94,7,1993,가호로
청구타운,2025-02-22,13500,59.99,1,1997,대신로475번길
한주럭키타운,2025-02-19,31000,123.33,15,1990,진주대로
현대금빛마을,2025-02-24,7800,59.28,11,2000,진산로
진주정촌대경파미르,2025-02-10,33700,84.9426,13,2019,삼일로106번길
진주푸르지오2단지,2025-02-18,28300,115.1967,14,2007,덕의길
제일풍경채,2025-02-04,36500,110.7705,2,2007,가좌안골길21번길
주공그린빌,2025-02-01,16300,51.74,4,2005,내동로348번길
신안국제맨션,2025-02-21,4200,44.85,5,1987,석갑로
초전흥한,2025-02-13,16000,59.85,12,2001,초전남로
들말흥한타운,2025-02-17,28800,99.85,12,1998,석갑로
주공그린빌,2025-02-09,16450,51.74,6,2005,내동로348번길
스카이시티프라디움,2025-02-16,49000,84.9898,7,2019,개양로
금산느티나무,2025-02-17,12900,59.42,5,2003,중천로
한림풀에버,2025-02-17,41700,84.9644,2,2015,소호로
촉석맨션,2025-02-18,12000,82.08,2,1980,솔밭로92번길
현대,2025-02-06,24700,101.97,7,1996,하대로
현대,2025-02-20,20700,84.93,20,1996,하대로
힐스테이트초전,2025-02-17,45500,84.9196,10,2019,초북로
센트렐웰가,2025-02-15,46800,75.5364,14,2018,진주역로73번길
더퀸즈웰가,2025-02-17,37000,65.6733,24,2015,새평거로
진주정촌대경파미르,2025-02-23,31700,84.9426,13,2019,삼일로106번길
진주정촌대경파미르,2025-02-23,31700,84.9426,13,2019,삼일로106번길
진주혁신도시대방노블랜드더캐슬아파트,2025-02-23,62000,84.9474,10,2018,사들로
가좌주공1차,2025-02-22,13300,41.3,5,1993,가호로
진주정촌대경파미르,2025-02-22,32800,84.9426,18,2019,삼일로106번길
진주푸르지오2단지,2025-02-18,28300,115.1967,14,2007,덕의길
센트렐웰가,2025-02-22,53500,84.9222,21,2018,진주역로73번길
한주럭키타운,2025-02-15,20500,84.81,8,1990,진주대로
한주럭키타운,2025-02-14,24000,84.81,12,1990,진주대로
평거휴먼시아4단지,2025-02-17,39100,84.99,12,2011,새평거로
평거휴먼시아4단지,2025-02-08,36500,84.95,5,2011,새평거로
망경한보타운,2025-02-05,13500,59.44,11,1997,망경로
현대,2025-02-19,12700,59.89,4,1996,하대로
혁신도시엘에이치아파트9단지,2025-02-11,34000,59.97,13,2017,사들로
센트렐웰가,2025-02-15,52200,84.9222,5,2018,진주역로73번길
진주초장엠코타운더이스턴파크,2025-02-17,35000,84.977,8,2014,초북로
진주초전푸르지오2단지,2025-02-19,51500,134.969,5,2010,초장로14번길
주공그린빌,2025-02-18,19450,59.27,6,2005,내동로348번길
두산위브,2025-02-15,24300,84.991,14,2009,중장로154번길
스카이시티프라디움,2025-02-21,48500,84.9818,29,2019,개양로
신안주공2,2025-02-05,15000,59.8,3,1996,신안들말길
현대,2025-02-11,12800,72.98,1,1991,모덕로181번길
신안주공3,2025-02-13,15900,59.8,11,1997,석갑로
금호석류,2025-02-19,29900,84.87,18,1999,강남로
대주엘리시안,2025-02-21,12500,58.284,4,2016,동부로1959번길
태완노블리안,2025-02-08,8300,59.9823,3,2007,공치고개길
힐스테이트초전,2025-02-20,48700,91.2066,2,2019,초북로
상봉1,2025-02-18,7500,40.44,3,1976,창렬로
진주초장엠코타운더이스턴파크,2025-02-17,33500,84.977,6,2014,초북로
한보타운,2025-02-03,13500,84.6,11,1993,진양호로97번길
한보은빛마을,2025-02-20,25000,84.86,11,2002,천수로
엠코타운더프라하,2025-02-20,62500,100.8222,2,2014,새평거로
태완노블리안,2025-02-19,5500,59.9801,6,2007,공치고개길
두산위브,2025-02-18,20800,84.994,3,2009,중장로154번길
두산위브,2025-02-16,21300,84.994,17,2009,중장로154번길
진주혁신코오롱하늘채,2025-02-19,35500,84.95,1,2014,사들로
라미,2025-02-18,4300,30.6298,2,2004,북장대로35번길
주공그린빌,2025-02-03,17300,51.74,10,2005,내동로348번길
대동디지털황토,2025-02-14,24000,59.9762,12,2003,가호로44번길
혁신도시엘에이치5단지,2025-02-17,35800,84.95,1,2014,충의로
한림풀에버,2025-02-10,43500,84.9088,19,2015,소호로
한주럭키타운,2025-02-18,23500,84.81,3,1990,진주대로
이지더원,2025-02-09,46400,84.9614,14,2018,초장로
한림풀에버,2025-02-15,43500,84.9088,14,2015,소호로
이지더원,2025-02-02,47000,84.9614,11,2018,초장로
이지더원,2025-02-03,45500,84.9614,7,2018,초장로
진주혁신도시중흥에스-클래스센트럴시티4단지,2025-02-11,60000,84.9815,18,2020,에나로175번길
한림풀에버,2025-02-15,47500,84.9644,15,2015,소호로
진주초장엠코타운더이스턴파크,2025-02-18,37800,101.828,5,2014,초북로
진주혁신도시라온프라이빗아파트,2025-02-08,53200,84.8922,11,2017,대밭골로
금산흥한골든빌,2025-02-17,4500,37.84,4,2002,금산로
초전해모로루비채2단지,2025-02-05,34350,84.9671,6,2014,초북로
현대,2025-02-14,19000,84.93,19,1996,하대로
삼호맨션,2025-02-07,7200,70.42,5,1990,하대로106번길
현대,2025-02-11,23500,101.97,8,1996,하대로
신안주공1,2025-02-04,24500,84.98,12,1998,신안들말길
혁신도시엘에이치아파트8단지,2025-02-07,30000,59.97,12,2015,사들로
혁신도시엘에이치아파트8단지,2025-02-16,29000,59.97,7,2015,사들로
한림풀에버,2025-02-09,42500,84.9088,3,2015,소호로
금산e편한세상,2025-02-17,28300,121.9893,8,2008,금산순환로80번길
초전흥한,2025-02-08,18700,76.91,1,2001,초전남로
엠코타운더프라하,2025-02-11,38300,67.2755,16,2014,새평거로
신안주공3,2025-02-14,16800,59.8,14,1997,석갑로
주공그린빌,2025-02-16,16900,51.74,7,2005,내동로348번길
주공그린빌,2025-02-15,25000,84.9,2,2005,내동로348번길
주공그린빌,2025-02-11,19950,59.27,19,2005,내동로348번길
혁신도시엘에이치아파트9단지,2025-02-16,32500,59.97,6,2017,사들로
주공그린빌,2025-02-16,19400,59.27,11,2005,내동로348번길
두산위브,2025-02-12,23500,84.991,17,2009,중장로154번길
화광비발디,2025-02-13,18500,84.6132,11,2007,중천로67번길
진주푸르지오1단지,2025-02-15,23500,84.9414,10,2007,덕의길
금산흥한골든빌,2025-02-15,7350,48.31,1,2002,금산로
주공그린빌,2025-02-15,16450,51.74,6,2005,내동로348번길
진주혁신도시중흥에스-클래스센트럴시티4단지,2025-02-14,48800,84.9815,5,2020,에나로175번길
주공그린빌,2025-02-15,20000,59.27,16,2005,내동로348번길
남강휴먼빌,2025-02-15,33000,84.9376,14,2010,순환로
진주혁신도시중흥에스-클래스더퍼스트,2025-02-07,75000,99.864,17,2020,충의로
혁신도시엘에이치5단지,2025-02-07,40500,84.95,14,2014,충의로
진주혁신도시중흥에스-클래스더프라임,2025-02-04,62200,97.7268,15,2019,소호로19번길
한림풀에버,2025-02-13,44500,84.9644,9,2015,소호로
석류맨션,2025-02-10,5100,49.86,1,1987,공단로44번길
현대,2025-02-11,12500,59.89,14,1996,하대로
진주혁신도시중흥에스-클래스더프라임,2025-02-14,53900,84.9858,6,2019,소호로19번길
힐스테이트초전,2025-02-08,46800,84.9196,27,2019,초북로
진주초장엠코타운더이스턴파크,2025-02-08,38800,101.828,16,2014,초북로
월산아크로빌,2025-02-06,11000,84.7869,5,2005,공치고개길
주안빌라,2025-02-14,11000,84.75,4,2004,상봉대룡길5번길
덕산,2025-02-14,9300,59.73,7,1995,서장대로178번길
진주초전푸르지오2단지,2025-02-05,42600,101.977,20,2010,초장로14번길
신안주공1,2025-02-03,23000,74.83,11,1998,신안들말길
진주강남동일동미라주,2025-02-04,33000,75.998,34,2021,진주대로891번길
신안주공2,2025-02-11,15700,49.97,10,1996,신안들말길
진주혁신코오롱하늘채,2025-02-10,39400,84.95,15,2014,사들로
주공그린빌,2025-02-07,16650,51.74,5,2005,내동로348번길
가좌주공2차,2025-02-04,11200,38.64,11,1993,가호로
가좌주공2차,2025-02-08,10500,38.64,13,1993,가호로
남강휴먼빌,2025-02-09,33000,84.9499,6,2010,순환로
한주타운,2025-02-12,17700,74.95,3,1992,진주대로1208번길
상대한보타운,2025-02-09,17000,75.06,12,2002,도동천로
혁신도시엘에이치아파트9단지,2025-02-11,33700,59.97,23,2017,사들로
주공그린빌,2025-02-05,19800,59.27,14,2005,내동로348번길
들말대경,2025-02-01,20600,76.23,2,1998,석갑로53번길
주공그린빌,2025-02-11,19500,59.27,18,2005,내동로348번길
진주강남동일동미라주,2025-02-10,33000,75.998,35,2021,진주대로891번길
진주혁신도시중흥에스-클래스센트럴시티4단지,2025-02-05,53800,84.9815,16,2020,에나로175번길
신안주공2,2025-02-03,15400,59.8,12,1996,신안들말길
들말한보타운,2025-02-06,36500,120.66,4,1997,평거로39번길
쌍용,2025-02-09,14400,84.96,1,1996,말티고개로108번길
엠코타운더프라하,2025-02-03,39500,67.2755,16,2014,새평거로
더퀸즈웰가,2025-02-12,33700,58.7908,15,2015,새평거로
진주혁신도시중흥에스-클래스더프라임,2025-02-09,56500,84.9858,16,2019,소호로19번길
한림풀에버,2025-02-08,34000,67.3717,1,2015,소호로
들말대경,2025-02-01,18500,59.595,13,1998,석갑로53번길
금호석류,2025-02-03,29700,84.87,7,1999,강남로
이지더원,2025-02-10,36450,73.2086,8,2018,초장로
진주푸르지오1단지,2025-02-06,25000,84.9414,10,2007,덕의길
진주혁신도시중흥에스-클래스더프라임,2025-02-12,59000,97.7268,3,2019,소호로19번길
가좌주공2차,2025-02-11,16200,49.94,15,1993,가호로
금산흥한골든빌,2025-02-11,15000,73.61,4,2002,금산로
진주혁신도시중흥에스-클래스센트럴시티2단지,2025-02-04,65000,99.8723,19,2020,에나로
하영그린맨션,2025-02-06,12900,82.65,16,1992,진양호로97번길
신안주공3,2025-02-11,18180,59.8,13,1997,석갑로
건일,2025-02-03,6900,51.61,4,1987,상대로119번길
진주정촌대경파미르,2025-02-05,27800,66.1957,5,2019,삼일로106번길
신안주공1,2025-02-05,21000,84.91,1,1998,신안들말길
제일풍경채,2025-02-10,39200,110.7705,12,2007,가좌안골길21번길
건영아모리움,2025-02-07,30300,75.2088,16,2017,진양호로225번길
이지더원,2025-02-11,46800,84.9614,10,2018,초장로
라미,2025-02-07,6550,42.288,3,2004,북장대로35번길
이현주공,2025-02-03,12800,55.8,5,1983,서장대로
들말대경,2025-02-05,24500,84.99,2,1998,석갑로53번길
진주정촌대경파미르,2025-02-05,26000,66.6161,8,2019,삼일로106번길
혁신도시엘에이치아파트8단지,2025-02-10,33000,59.97,17,2015,사들로
화인,2025-02-03,9100,83.435,1,1994,상봉대룡길
진주정촌대경파미르,2025-02-10,32000,84.9426,5,2019,삼일로106번길
진주푸르지오1단지,2025-02-09,21200,84.9414,8,2007,덕의길
대림,2025-02-06,6300,57.31,9,1993,향교로115번길
가호에일린의뜰,2025-02-09,34400,77.8216,2,2012,강변길
유신,2025-02-08,8300,65.88,4,1986,서장대로
금호석류,2025-02-10,28500,84.87,15,1999,강남로
이현하이클래스웰가,2025-02-09,28000,75.07,18,2008,진주대로
금산아이파크,2025-02-05,24400,84.17,17,2004,중천로
진주문산코아루,2025-02-04,25500,84.591,6,2010,월아산로1117번길
현대금빛마을,2025-02-10,8200,59.28,6,2000,진산로
덕산,2025-02-09,13800,75.75,9,1995,서장대로178번길
신안주공1,2025-02-10,23000,84.98,3,1998,신안들말길
진주혁신도시중흥에스-클래스센트럴시티2단지,2025-02-08,55000,84.9815,19,2020,에나로
가좌주공1차,2025-02-07,16300,49.94,15,1993,가호로
신안주공1,2025-02-04,24000,84.98,6,1998,신안들말길
평거휴먼시아4단지,2025-02-05,28100,59.98,6,2011,새평거로
진주혁신코오롱하늘채,2025-02-01,41000,84.95,15,2014,사들로
진주정촌대경파미르,2025-02-09,31700,84.9625,12,2019,삼일로106번길
진주초장엠코타운더이스턴파크,2025-02-01,32800,73.556,10,2014,초북로
한주럭키타운,2025-02-02,23200,84.81,12,1990,진주대로
금산흥한골든빌,2025-02-08,10600,58.12,9,2002,금산로
진주혁신도시중흥에스-클래스센트럴시티2단지,2025-02-08,55000,84.9815,19,2020,에나로
혁신도시엘에이치아파트8단지,2025-02-08,31000,59.97,17,2015,사들로
두산위브,2025-02-07,27500,112.897,19,2009,중장로154번길
진주정촌대경파미르,2025-02-07,32000,84.9426,7,2019,삼일로106번길
고려맨션,2025-02-05,6500,80.73,6,1991,서장대로178번길
동신,2025-02-07,6250,49.72,14,1992,광제산로
혁신도시엘에이치아파트9단지,2025-02-05,34000,59.97,17,2017,사들로
두산위브,2025-02-03,24600,84.991,8,2009,중장로154번길
진주푸르지오1단지,2025-02-07,21400,84.9414,2,2007,덕의길
가좌주공1차,2025-02-07,14500,49.94,6,1993,가호로
한주럭키타운,2025-02-01,24000,84.81,8,1990,진주대로
금산흥한골든빌,2025-02-05,7000,37.84,6,2002,금산로
들말흥한타운,2025-02-13,36800,125.61,5,1998,석갑로
혁신도시엘에이치아파트8단지,2025-02-05,30000,59.97,16,2015,사들로
금호석류,2025-02-05,22900,59.99,19,1999,강남로
초전해모로루비채2단지,2025-02-04,36200,84.9908,18,2014,초북로
더퀸즈웰가,2025-02-04,33500,58.7908,17,2015,새평거로
혁신도시엘에이치5단지,2025-02-04,32510,75.84,18,2014,충의로
진주정촌대경파미르,2025-02-04,34000,84.9426,16,2019,삼일로106번길
신안주공1,2025-02-01,25300,84.98,13,1998,신안들말길
하대주공,2025-02-04,6000,35.64,1,1982,상대로
진주초전푸르지오1단지,2025-02-03,36900,84.77,7,2009,초장로14번길
평거휴먼시아3단지,2025-02-01,39500,84.95,7,2011,새평거로
초전해모로루비채2단지,2025-02-03,35400,84.9671,10,2014,초북로
이현하이클래스웰가,2025-02-03,30200,84.98,18,2008,진주대로
국화,2025-02-03,5000,64.56,1,1991,향교로
주공그린빌,2025-02-03,16800,51.74,10,2005,내동로348번길
대경아르떼빌,2025-02-03,11800,38.09,2,2002,동부로67번길
두산위브,2025-02-03,22500,84.994,4,2009,중장로154번길
동일스위트,2025-02-01,24900,84.9164,4,2008,공단로
두산위브,2025-02-01,30500,138.043,20,2009,중장로154번길
혁신도시엘에이치아파트8단지,2025-03-31,27900,59.97,3,2015,사들로
상대주공,2025-03-25,7500,42.12,3,1980,상대로
진주초전푸르지오2단지,2025-03-17,46000,125.029,22,2010,초장로14번길
혁신도시엘에이치아파트9단지,2025-03-28,33200,59.97,19,2017,사들로
대림,2025-03-24,13800,84.2,6,1993,향교로115번길
제일풍경채,2025-03-25,52500,138.9363,14,2007,가좌안골길21번길
진주정촌대경파미르,2025-03-29,31500,84.9426,14,2019,삼일로106번길
포레나신진주,2025-03-27,47500,84.9515,13,2019,진주역로96번길
현대,2025-03-20,16500,59.96,6,1997,초전남로
힐스테이트초전,2025-03-26,46300,84.9196,10,2019,초북로
진주초전푸르지오1단지,2025-03-29,37200,84.77,11,2009,초장로14번길
주공그린빌,2025-03-26,17400,59.27,1,2005,내동로348번길
금산아이파크,2025-03-29,15000,59.78,5,2004,중천로
두산위브,2025-03-24,26000,112.397,18,2009,중장로154번길
진주문산파란채,2025-03-24,24000,84.8829,14,2010,월아산로1048번길
금산흥한골든빌,2025-03-17,11300,58.12,6,2002,금산로
가좌주공1차,2025-03-25,12400,41.3,4,1993,가호로
진주혁신도시중흥에스-클래스더퍼스트,2025-03-29,71000,99.864,4,2020,충의로
센트렐웰가,2025-03-21,46000,75.7795,2,2018,진주역로73번길
스카이시티프라디움,2025-03-21,48500,84.9898,8,2019,개양로
한보타운,2025-03-26,15000,84.6,7,1993,진양호로97번길
한보하이타운,2025-03-20,14500,84.51,10,1995,순환로553번길
시티프라디움,2025-03-16,45600,84.9941,6,2020,진주역로
진주혁신도시중흥에스-클래스더프라임,2025-03-31,55000,97.7268,1,2019,소호로19번길
진주강남동일동미라주,2025-03-26,48000,109.9586,33,2021,진주대로891번길
청구타운,2025-03-31,14800,59.99,8,1997,대신로475번길
흥한타운2,2025-03-31,15800,59.935,10,1995,평거로139번길
금산흥한골든빌,2025-03-31,12300,58.12,11,2002,금산로
현대,2025-03-13,20000,84.93,4,1996,하대로
이현주공,2025-03-19,12900,49.22,5,1983,서장대로
현대,2025-03-27,14000,70.96,7,1989,천수로
이현주공,2025-03-20,12450,48.6,5,1983,서장대로
센트렐웰가,2025-03-26,46500,75.3872,7,2018,진주역로73번길
진주혁신코오롱하늘채,2025-03-27,35000,84.95,1,2014,사들로
가좌주공1차,2025-03-31,13400,41.3,13,1993,가호로
이현주공,2025-03-19,12900,49.22,5,1983,서장대로
주공그린빌,2025-03-26,17400,59.27,1,2005,내동로348번길
주공그린빌,2025-03-14,16500,59.27,1,2005,내동로348번길
진주강남동일동미라주,2025-03-23,37500,84.9806,21,2021,진주대로891번길
진주센트럴자이,2025-03-29,37700,84.9059,12,2013,도동천로
가좌주공1차,2025-03-29,11000,41.3,1,1993,가호로
진주푸르지오2단지,2025-03-28,24100,84.9726,8,2007,덕의길
들말흥한타운,2025-03-27,20300,59.871,14,1998,석갑로
동성가든타워,2025-03-31,8900,59.4,10,1994,진주대로
신안주공3,2025-03-18,16300,59.8,12,1997,석갑로
엠코타운더프라하,2025-03-26,86000,153.29,5,2014,새평거로
망경한보타운,2025-03-28,12500,59.44,15,1997,망경로
가호에일린의뜰,2025-03-09,43350,84.9982,10,2012,강변길
진주혁신도시중흥에스-클래스센트럴시티2단지,2025-03-26,83000,117.7407,17,2020,에나로
초전해모로루비채4단지,2025-03-31,35300,84.9908,29,2014,초북로
혁신도시엘에이치아파트8단지,2025-03-19,29300,59.98,15,2015,사들로
한보은빛마을,2025-03-29,30000,109.17,12,2002,천수로
진주혁신도시센텀리버파크,2025-03-29,44000,84.95,7,2013,사들로
한주럭키타운,2025-03-27,23000,84.81,4,1990,진주대로
신안주공2,2025-03-21,14800,59.8,15,1996,신안들말길
한보(하대3차),2025-03-22,11000,58.5,6,1993,남강로
한보타운,2025-03-27,10800,59.94,9,1993,진양호로97번길
힐스테이트초전,2025-03-30,50000,91.2066,27,2019,초북로
동국강변타워1,2025-03-27,10600,74.28,1,1991,큰들로66번길
명석블리시움,2025-03-21,16400,81.7626,5,2020,광제산로26번길
신안주공3,2025-03-27,13900,49.96,10,1997,석갑로
금산흥한골든빌,2025-03-23,11300,58.12,11,2002,금산로
신안주공1,2025-03-14,26000,74.83,2,1998,신안들말길
덕산,2025-03-30,14000,75.75,6,1995,서장대로178번길
스카이시티프라디움,2025-03-22,50400,84.9898,26,2019,개양로
진주혁신도시대방노블랜드더캐슬아파트,2025-03-23,75700,103.9623,12,2018,사들로
더퀸즈웰가,2025-03-16,30000,58.4018,1,2015,새평거로
진주혁신도시대방노블랜드더캐슬아파트,2025-03-31,66800,84.9899,15,2018,사들로
진주혁신도시대방노블랜드더캐슬아파트,2025-03-23,75700,103.9623,12,2018,사들로
진주문산코아루,2025-03-12,36000,140.208,7,2010,월아산로1117번길
이지더원,2025-03-24,44800,84.9614,3,2018,초장로
동신,2025-03-15,6900,49.72,7,1992,광제산로
화인,2025-03-21,9850,72.75,7,1994,상봉대룡길
진주혁신도시중흥에스-클래스센트럴시티4단지,2025-03-17,52500,84.8046,10,2020,에나로175번길
동신,2025-03-23,13000,84.6,9,1992,광제산로
현대,2025-03-27,13000,82.56,3,1985,강남로255번길
촉석맨션,2025-03-31,6700,52.46,1,1980,솔밭로92번길
화진그린맨션,2025-03-19,7000,74.84,3,1989,상봉대룡길
엠코타운더프라하,2025-03-27,42500,84.933,8,2014,새평거로
진주정촌대경파미르,2025-03-24,27000,66.1957,10,2019,삼일로106번길
현대,2025-03-31,29550,134.82,9,1996,하대로
진주문산파란채,2025-03-14,24300,84.8829,4,2010,월아산로1048번길
진주푸르지오1단지,2025-03-29,22700,84.9414,3,2007,덕의길
엠코타운더프라하,2025-03-26,89500,153.29,23,2014,새평거로
혁신도시엘에이치아파트9단지,2025-03-14,31200,59.97,4,2017,사들로
시티프라디움,2025-03-29,48000,84.9941,20,2020,진주역로
혁신도시엘에이치아파트9단지,2025-03-09,33000,59.97,6,2017,사들로
한보(하대3차),2025-03-29,9400,58.5,7,1993,남강로
금산흥한골든빌,2025-03-26,6000,37.84,11,2002,금산로
한주럭키타운,2025-03-06,21500,76.58,4,1990,진주대로
현대,2025-03-20,14600,70.96,8,1989,천수로
진주혁신도시중흥에스-클래스더프라임,2025-03-31,57000,84.9912,9,2019,소호로19번길
혁신도시엘에이치아파트8단지,2025-03-20,29400,59.97,6,2015,사들로
대림,2025-03-29,13700,72.238,8,1991,도동천로
들말대경,2025-03-12,22800,76.23,14,1998,석갑로53번길
망경한보타운,2025-03-19,12500,59.44,16,1997,망경로
포레나신진주,2025-03-23,46500,84.9515,30,2019,진주역로96번길
한주럭키타운,2025-03-17,21200,84.81,4,1990,진주대로
초전해모로루비채2단지,2025-03-23,36000,84.9671,15,2014,초북로
엠코타운더프라하,2025-03-24,43000,84.933,19,2014,새평거로
진주정촌대경파미르,2025-03-21,31800,84.9426,7,2019,삼일로106번길
흥한스위트,2025-03-28,12000,59.73,10,1998,신안로
현대,2025-03-19,20800,84.93,19,1996,하대로
화인,2025-03-20,10000,83.315,10,1994,상봉대룡길
현대,2025-03-21,18800,84.93,6,1996,하대로
남강휴먼빌,2025-03-29,33000,84.9679,6,2010,순환로
망경한보타운,2025-03-25,13700,59.44,17,1997,망경로
진주혁신도시센텀리버파크,2025-03-24,42000,84.95,7,2013,사들로
엠코타운더프라하,2025-03-22,39500,67.2755,30,2014,새평거로
신안주공2,2025-03-08,15700,59.8,10,1996,신안들말길
초전해모로루비채2단지,2025-03-22,36000,84.9671,21,2014,초북로
도동대림,2025-03-08,16000,73.375,2,1992,하대로40번길
초전해모로루비채2단지,2025-03-27,34500,84.9671,6,2014,초북로
한림풀에버,2025-03-23,38800,67.1597,8,2015,소호로
금산아이파크,2025-03-22,16500,59.78,5,2004,중천로
금산흥한골든빌,2025-03-24,19000,84.88,5,2002,금산로
대경강남타운,2025-03-26,8300,33.6,15,1997,진주대로891번길
주공그린빌,2025-03-27,16600,51.74,20,2005,내동로348번길
초전해모로루비채2단지,2025-03-28,34500,84.9671,9,2014,초북로
제일풍경채,2025-03-04,48000,138.9363,4,2007,가좌안골길21번길
힐스테이트초전,2025-03-27,46600,84.9196,15,2019,초북로
진주혁신도시센텀리버파크,2025-03-24,43500,84.88,15,2013,사들로
진주혁신코오롱하늘채,2025-03-27,41700,84.95,11,2014,사들로
청구타운,2025-03-19,13000,59.99,12,1997,대신로475번길
진주혁신도시중흥에스-클래스더퍼스트,2025-03-08,75300,99.864,15,2020,충의로
가좌주공1차,2025-03-19,11900,41.3,4,1993,가호로
진주초전푸르지오1단지,2025-03-22,36500,84.77,11,2009,초장로14번길
금호석류,2025-03-13,25000,84.87,3,1999,강남로
진주혁신도시중흥에스-클래스더퍼스트,2025-03-22,84500,113.4763,7,2020,충의로
대경강남타운,2025-03-07,7200,33.6,14,1997,진주대로891번길
평거대화리네르빌,2025-03-20,17300,68.88,6,2004,순환로559번길
진주혁신코오롱하늘채,2025-03-26,35000,75.84,12,2014,사들로
금산아이파크,2025-03-15,29000,115.68,10,2004,중천로
현대,2025-03-18,27600,134.82,12,1996,하대로
현대,2025-03-19,14000,72.98,11,1991,모덕로181번길
진주혁신도시대방노블랜드더캐슬아파트,2025-03-25,63500,84.9899,8,2018,사들로
진주혁신도시중흥에스-클래스센트럴시티4단지,2025-03-18,59000,84.8046,33,2020,에나로175번길
진주혁신도시중흥에스-클래스센트럴시티2단지,2025-03-17,56000,84.9815,19,2020,에나로
엠코타운더프라하,2025-03-15,43750,84.9651,21,2014,새평거로
건영아모리움,2025-03-13,28000,78.8694,3,2017,진양호로225번길
금산느티나무,2025-03-24,16800,74.88,13,2003,중천로
진주푸르지오2단지,2025-03-18,27900,115.1967,19,2007,덕의길
망경한보타운,2025-03-19,9800,59.44,1,1997,망경로
동명,2025-03-17,17600,59.8092,7,2007,돗골로
자성빌라트,2025-03-24,9200,84.81,3,2001,나불로
현대,2025-03-21,14500,59.89,23,1996,하대로
대경그린파크,2025-03-10,9700,59.85,6,1994,순환로573번길
신안주공2,2025-03-11,12000,49.97,5,1996,신안들말길
평거현대2,2025-03-19,15400,59.92,11,1994,신안들말길
가좌주공1차,2025-03-24,12500,41.3,4,1993,가호로
주공그린빌,2025-03-14,15900,51.74,4,2005,내동로348번길
동신,2025-03-08,10000,84.37,1,1990,진양호로125번길
진주혁신코오롱하늘채,2025-03-23,35900,84.95,2,2014,사들로
현대,2025-03-06,19500,84.93,8,1996,하대로
더퀸즈웰가,2025-03-19,32800,58.7908,7,2015,새평거로
한림풀에버,2025-03-24,41500,84.9644,2,2015,소호로
혁신도시엘에이치아파트9단지,2025-03-11,34000,59.97,25,2017,사들로
한보타워,2025-03-15,17600,83.93,11,1991,남강로491번길
진주초전푸르지오1단지,2025-03-16,37500,84.77,11,2009,초장로14번길
이현하이클래스웰가,2025-03-20,35000,110.1,20,2008,진주대로
진주초전푸르지오2단지,2025-03-17,46000,125.029,22,2010,초장로14번길
신안주공3,2025-03-16,16300,59.8,8,1997,석갑로
더퀸즈웰가,2025-03-05,33500,58.4018,5,2015,새평거로
이현하이클래스웰가,2025-03-08,34500,110.1,25,2008,진주대로
신안주공3,2025-03-16,15800,59.8,2,1997,석갑로
진주혁신코오롱하늘채,2025-03-11,40500,84.95,18,2014,사들로
일동,2025-03-10,10000,59.86,13,1994,초전북로
상대한보타운,2025-03-17,17500,75.06,2,2002,도동천로
주공그린빌,2025-03-19,30000,84.9,13,2005,내동로348번길
평거주공1차,2025-03-21,11800,39.69,1,1988,진양호로185번길
진주혁신도시중흥에스-클래스더퍼스트,2025-03-16,72300,99.864,7,2020,충의로
진주초전푸르지오2단지,2025-03-23,45500,125.029,16,2010,초장로14번길
평거현대1,2025-03-23,11600,59.4,2,1993,평거로115번길
더퀸즈웰가,2025-03-09,45000,84.9163,16,2015,새평거로
힐스테이트초전,2025-03-22,47500,84.9196,15,2019,초북로
평거현대1,2025-03-14,16500,59.4,14,1993,평거로115번길
한보은빛마을,2025-03-22,25400,84.86,9,2002,천수로
한보은빛마을,2025-03-22,30500,109.17,10,2002,천수로
대림,2025-03-20,9000,59.91,2,1995,말티고개로
현대,2025-03-18,25500,101.97,11,1996,하대로
더퀸즈웰가,2025-03-14,57000,100.6401,10,2015,새평거로
현대,2025-03-20,13600,59.89,18,1996,하대로
엠코타운더프라하,2025-03-12,87500,153.2116,22,2014,새평거로
힐스테이트초전,2025-03-22,47000,84.9196,30,2019,초북로
국민주택,2025-03-19,5100,33.39,5,1992,진양호로97번길
일동,2025-03-16,17500,81.46,12,1994,초전북로
주공그린빌,2025-03-14,14300,51.74,1,2005,내동로348번길
혁신도시엘에이치아파트8단지,2025-03-13,30800,59.98,14,2015,사들로
휴앤인엘리시움,2025-03-17,40800,84.9666,12,2019,에나로
금호석류,2025-03-21,29000,84.87,5,1999,강남로
평거휴먼시아4단지,2025-03-21,36000,84.95,6,2011,새평거로
삼전,2025-03-07,7500,71.45,5,1988,남강로
진주혁신코오롱하늘채,2025-03-09,41500,84.95,15,2014,사들로
대영,2025-03-14,10600,65.97,11,1992,말티고개로
신안주공2,2025-03-20,15250,59.8,6,1996,신안들말길
더퀸즈웰가,2025-03-10,44500,84.9163,8,2015,새평거로
현대,2025-03-17,20800,59.92,6,2000,진주대로815번길
상대한주그린,2025-03-06,10200,59.87,3,1999,선학산길
더퀸즈웰가,2025-03-20,33300,58.4018,10,2015,새평거로
한주타운,2025-03-11,19000,74.95,6,1992,진주대로1208번길
한림풀에버,2025-03-15,39000,67.3717,20,2015,소호로
그린타운,2025-03-13,8000,59.4,7,1992,석갑로156번길
진주혁신도시중흥에스-클래스더퍼스트,2025-03-16,73900,99.864,8,2020,충의로
신안주공3,2025-03-19,17500,59.8,10,1997,석갑로
진흥더루벤스,2025-03-12,26000,122.956,4,2009,금산로
진주초전푸르지오1단지,2025-03-19,41500,101.977,11,2009,초장로14번길
진주혁신도시센텀리버파크,2025-03-04,41700,84.95,14,2013,사들로
진주혁신도시라온프라이빗아파트,2025-03-19,53500,84.9087,19,2017,대밭골로
금산흥한골든빌,2025-03-19,12200,58.12,13,2002,금산로
상대주공,2025-03-15,6500,41.52,3,1980,상대로
건영아모리움,2025-03-12,30700,77.4282,18,2017,진양호로225번길
평거휴먼시아3단지,2025-03-15,37700,84.97,3,2011,새평거로
들말흥한타운,2025-03-10,39000,125.61,8,1998,석갑로
진주혁신도시중흥에스-클래스더퍼스트,2025-03-18,93500,113.4763,18,2020,충의로
현대,2025-03-11,10500,72.98,6,1991,모덕로181번길
대경아르떼빌,2025-03-18,9200,31.02,4,2002,동부로67번길
진주혁신도시중흥에스-클래스더프라임,2025-03-09,62500,97.7268,4,2019,소호로19번길
이현주공,2025-03-18,12600,48.6,4,1983,서장대로
금산흥한골든빌,2025-03-18,8500,48.31,13,2002,금산로
금산흥한골든빌,2025-03-15,5870,37.84,15,2002,금산로
금산흥한골든빌,2025-03-15,10700,58.12,11,2002,금산로
동신,2025-03-04,8800,78.34,14,1992,광제산로
금산흥한골든빌,2025-03-10,17600,84.88,13,2002,금산로
평거현대1,2025-03-17,24300,84.75,4,1993,평거로115번길
평거휴먼시아4단지,2025-03-15,36400,84.95,8,2011,새평거로
신안주공1,2025-03-14,25000,74.83,2,1998,신안들말길
신안국제맨션,2025-03-15,4500,44.85,2,1987,석갑로
망경한보타운,2025-03-05,12400,59.44,3,1997,망경로
신안주공2,2025-03-14,14100,59.8,8,1996,신안들말길
이지더원,2025-03-13,54000,113.588,10,2018,초장로
신안주공1,2025-03-14,25000,74.83,2,1998,신안들말길
진주초전푸르지오2단지,2025-03-01,42200,125.029,1,2010,초장로14번길
금산e편한세상,2025-03-17,27000,121.9893,14,2008,금산순환로80번길
진주센트럴자이,2025-03-18,35000,84.5289,17,2013,도동천로
엠코타운더프라하,2025-03-15,41900,84.933,3,2014,새평거로
혁신도시엘에이치아파트9단지,2025-03-17,33500,59.97,23,2017,사들로
에스디푸른마을,2025-03-17,18400,84.993,6,2010,상봉대룡길
남강휴먼빌,2025-03-10,31800,84.9499,28,2010,순환로
들말흥한타운,2025-03-11,19700,59.871,10,1998,석갑로
더퀸즈웰가,2025-03-17,33500,58.4018,22,2015,새평거로
진주초전푸르지오1단지,2025-03-06,44000,134.68,6,2009,초장로14번길
금산흥한골든빌,2025-03-16,16700,84.88,4,2002,금산로
망경한보타운,2025-03-04,13800,59.44,11,1997,망경로
금산e편한세상,2025-03-14,29000,121.9893,11,2008,금산순환로80번길
제일풍경채,2025-03-04,48000,138.9363,4,2007,가좌안골길21번길
상대한보타운,2025-03-11,29400,119.88,10,2002,도동천로
상봉2,2025-03-15,7850,53.85,5,1986,진주성로147번길
망경한보타운,2025-03-04,17500,84.82,14,1997,망경로
망경한보타운,2025-03-09,16000,84.82,17,1997,망경로
진주혁신도시중흥에스-클래스센트럴시티4단지,2025-03-17,57000,84.9815,13,2020,에나로175번길
동국강변타워2,2025-03-12,14000,83.75,12,1992,돗골로19번길
망경한보타운,2025-03-03,17200,84.82,10,1997,망경로
진주혁신도시중흥에스-클래스더퍼스트,2025-03-08,76500,99.864,10,2020,충의로
진주문산파란채,2025-03-16,19500,84.8829,1,2010,월아산로1048번길
진주초장엠코타운더이스턴파크,2025-03-10,29600,59.9983,6,2014,초북로
덕산,2025-03-15,10700,59.73,7,1995,서장대로178번길
진주초장엠코타운더이스턴파크,2025-03-08,29700,59.9983,5,2014,초북로
진주혁신도시대방노블랜드더캐슬아파트,2025-03-15,63800,84.9899,16,2018,사들로
초전해모로루비채4단지,2025-03-12,33700,84.9671,9,2014,초북로
혁신도시엘에이치아파트9단지,2025-03-11,32000,59.97,3,2017,사들로
한주럭키타운,2025-03-11,34000,150.35,13,1990,진주대로
들말흥한타운,2025-03-10,34000,99.85,7,1998,석갑로
엠코타운더프라하,2025-03-15,41900,84.933,3,2014,새평거로
들말대경,2025-03-11,26000,84.99,11,1998,석갑로53번길
신안주공2,2025-03-06,13200,49.97,6,1996,신안들말길
시티프라디움,2025-03-11,46000,84.9909,30,2020,진주역로
스카이시티프라디움,2025-03-09,53800,84.9898,27,2019,개양로
신안주공3,2025-03-14,17800,59.8,14,1997,석갑로
현대,2025-03-06,16300,84.55,3,1989,천수로
신안주공1,2025-03-08,27500,84.98,9,1998,신안들말길
들말흥한타운,2025-03-14,19700,59.871,10,1998,석갑로
진주조합주택,2025-03-14,4500,66.02,1,1984,공단로139번길
금산아이파크,2025-03-10,24500,115.68,12,2004,중천로
신안주공2,2025-03-14,15200,59.8,5,1996,신안들말길
한림풀에버,2025-03-07,42500,84.9644,10,2015,소호로
들말흥한타운,2025-03-10,39000,125.61,8,1998,석갑로
진주문산코아루,2025-03-13,31300,84.9867,6,2010,월아산로1117번길
센트렐웰가,2025-03-14,47000,75.7795,14,2018,진주역로73번길
진주강남동일동미라주,2025-03-03,39600,84.9806,15,2021,진주대로891번길
진주초장엠코타운더이스턴파크,2025-03-07,36500,84.977,26,2014,초북로
이현하이클래스웰가,2025-03-07,26500,75.07,9,2008,진주대로
포레나신진주,2025-03-08,48000,84.9515,12,2019,진주역로96번길
엠코타운더프라하,2025-03-09,47300,84.933,32,2014,새평거로
이현하이클래스웰가,2025-03-03,29900,84.98,4,2008,진주대로
신안주공3,2025-03-12,18500,59.8,12,1997,석갑로
평거휴먼시아3단지,2025-03-06,42700,84.97,15,2011,새평거로
금산느티나무,2025-03-10,16200,74.88,14,2003,중천로
메이힐스,2025-03-12,25000,69.0708,3,2018,진양호로239번길
삼성,2025-03-13,15000,59.886,13,1996,동부로43번길
주공그린빌,2025-03-06,16200,51.74,3,2005,내동로348번길
가좌주공1차,2025-03-13,16950,49.94,15,1993,가호로
청구타운,2025-03-08,14500,59.99,8,1997,대신로475번길
한보(하대3차),2025-03-06,9900,58.5,3,1993,남강로
가좌주공1차,2025-03-13,15600,49.94,9,1993,가호로
이지더원,2025-03-12,45000,84.9614,10,2018,초장로
하영그린맨션,2025-03-05,14400,82.65,11,1992,진양호로97번길
이지더원,2025-03-12,39500,73.2086,2,2018,초장로
한주럭키타운,2025-03-06,21500,76.58,4,1990,진주대로
금산흥한골든빌,2025-03-10,6050,37.84,8,2002,금산로
가좌주공1차,2025-03-08,13000,44.94,5,1993,가호로
현대,2025-03-09,13770,59.89,25,1996,하대로
도운,2025-03-07,6950,58.05,1,1986,남강로
건우,2025-03-06,4200,50.22,5,1986,평거로264번길
럭키강변,2025-03-07,13500,74.21,14,1991,남강로
동국한양빌라,2025-03-04,7000,73.26,11,1992,월아산로
초전해모로루비채4단지,2025-03-04,44800,100.8994,17,2014,초북로
힐스테이트초전,2025-03-11,48000,84.9351,30,2019,초북로
초전해모로루비채2단지,2025-03-02,35800,84.9671,6,2014,초북로
진주정촌대경파미르,2025-03-10,34000,84.9426,11,2019,삼일로106번길
한보은빛마을,2025-03-11,22600,84.86,2,2002,천수로
시티프라디움,2025-03-10,46500,84.9941,8,2020,진주역로
들말대경,2025-03-06,25000,84.99,2,1998,석갑로53번길
건영아모리움,2025-03-03,30700,74.7092,19,2017,진양호로225번길
센트렐웰가,2025-03-11,48000,75.7795,22,2018,진주역로73번길
현대금빛마을,2025-03-08,8550,59.28,8,2000,진산로
포레나신진주,2025-03-02,48500,84.9543,35,2019,진주역로96번길
제일풍경채,2025-03-06,52500,138.9363,14,2007,가좌안골길21번길
일동,2025-03-10,10000,59.86,13,1994,초전북로
엠코타운더프라하,2025-03-08,84500,153.2116,9,2014,새평거로
초전해모로루비채4단지,2025-03-06,37000,84.9671,19,2014,초북로
하대한양,2025-03-06,5200,29.47,1,2000,하대로40번길
진주초장엠코타운더이스턴파크,2025-03-10,37000,84.9915,24,2014,초북로
진주혁신코오롱하늘채,2025-03-03,40000,84.95,18,2014,사들로
덕산,2025-03-10,13800,75.75,12,1995,서장대로178번길
현대,2025-03-07,19000,84.93,10,1996,하대로
영남맨션,2025-03-04,9950,83.4,3,1989,신안로
센트렐웰가,2025-03-01,50500,84.9914,5,2018,진주역로73번길
진주푸르지오2단지,2025-03-09,19400,59.924,11,2007,덕의길
이지더원,2025-03-10,40600,73.2086,25,2018,초장로
가좌주공1차,2025-03-10,12500,44.94,6,1993,가호로
흥한타운2,2025-03-04,14700,59.935,10,1995,평거로139번길
진주혁신도시라온프라이빗아파트,2025-03-10,45700,79.0385,6,2017,대밭골로
들말한보타운,2025-03-06,20700,59.8,14,1997,평거로39번길
평거휴먼시아3단지,2025-03-06,41400,84.95,5,2011,새평거로
진주혁신도시센텀리버파크,2025-03-09,39000,75.97,13,2013,사들로
한주타운,2025-03-08,17500,74.95,7,1992,진주대로1208번길
진주혁신도시센텀리버파크,2025-03-09,39000,75.97,13,2013,사들로
신안주공2,2025-03-23,14050,49.97,8,1996,신안들말길
진주혁신도시센텀리버파크,2025-03-02,42000,84.88,25,2013,사들로
신안주공3,2025-03-08,15000,59.8,15,1997,석갑로
현대금빛마을,2025-03-08,8200,59.28,11,2000,진산로
진주초장엠코타운더이스턴파크,2025-03-08,33000,73.6669,19,2014,초북로
한림풀에버,2025-03-08,38800,67.1597,7,2015,소호로
금산흥한골든빌,2025-03-08,12150,58.12,11,2002,금산로
현대금빛마을,2025-03-08,6735,59.28,13,2000,진산로
힐스테이트초전,2025-03-07,45000,84.9196,23,2019,초북로
진주초전푸르지오1단지,2025-03-03,55700,162.517,17,2009,초장로14번길
엠코타운더프라하,2025-03-05,43500,84.933,8,2014,새평거로
고려맨션,2025-03-07,7000,82.41,1,1991,서장대로178번길
신안주공3,2025-03-07,14800,59.8,6,1997,석갑로
이현하이클래스웰가,2025-03-05,27200,84.07,4,2008,진주대로
센트렐웰가,2025-03-07,39900,59.8868,13,2018,진주역로73번길
한주럭키타운,2025-03-06,22000,84.81,3,1990,진주대로
쌍용,2025-03-01,15500,84.96,14,1996,말티고개로108번길
현대성우트리팰리스,2025-03-04,26750,106.07,9,2006,진주대로879번길
미르젠,2025-03-01,13000,45.51,2,2017,하대로26번길
초전해모로루비채4단지,2025-03-03,35600,84.9908,13,2014,초북로
진주혁신도시중흥에스-클래스더프라임,2025-03-06,70000,110.6238,4,2019,소호로19번길
들말한보타운,2025-03-04,30200,84.98,6,1997,평거로39번길
진주초전푸르지오1단지,2025-03-05,34000,84.77,11,2009,초장로14번길
진주센트럴자이,2025-03-04,36400,84.5289,17,2013,도동천로
현대금빛마을,2025-03-05,9000,84.876,5,2000,진산로
초전해모로루비채2단지,2025-03-05,32500,84.9671,1,2014,초북로
초전해모로루비채4단지,2025-03-05,34500,84.9908,12,2014,초북로
동서훼밀리,2025-03-04,8300,55.89,5,1992,선학산길
문산한양하이빌,2025-03-01,10900,79.0,1,2001,월아산로
진주혁신도시센텀리버파크,2025-03-04,41700,84.95,14,2013,사들로
진주혁신도시센텀리버파크,2025-03-03,41700,84.95,14,2013,사들로
가좌주공1차,2025-03-03,12200,38.64,4,1993,가호로
대경,2025-03-02,20000,69.023,1,2000,가호로
청구타운,2025-03-02,15200,59.99,15,1997,대신로475번길
남강휴먼빌,2025-03-02,32500,84.9376,19,2010,순환로
국민주택,2025-03-01,3500,33.39,9,1992,진양호로97번길
들말한보타운,2025-03-01,20800,59.8,10,1997,평거로39번길
평거휴먼시아4단지,2025-03-01,38700,84.91,11,2011,새평거로
금호석류,2025-03-01,26000,84.87,11,1999,강남로
주공그린빌,2025-03-01,19900,59.27,8,2005,내동로348번길
현대,2025-03-01,21800,84.93,11,1996,하대로
진주푸르지오1단지,2025-04-16,20000,59.924,14,2007,덕의길
대동디지털황토,2025-04-13,20500,59.9762,7,2003,가호로44번길
진주혁신코오롱하늘채,2025-04-12,37900,84.95,3,2014,사들로
들말흥한타운,2025-04-16,33700,99.85,13,1998,석갑로
초전해모로루비채2단지,2025-04-14,52100,84.8022,21,2014,초북로
이현주공,2025-04-18,12100,48.6,3,1983,서장대로
현대,2025-04-16,20500,84.93,8,1996,하대로
진주강남동일동미라주,2025-04-11,35000,84.9831,33,2021,진주대로891번길
이현하이클래스웰가,2025-04-05,27500,75.07,13,2008,진주대로
진주문산코아루,2025-04-11,28000,84.9867,20,2010,월아산로1117번길
혁신도시엘에이치아파트8단지,2025-04-21,30000,59.97,6,2015,사들로
한보,2025-04-21,10500,59.8837,17,1994,진주대로
가좌주공2차,2025-04-09,15300,49.94,5,1993,가호로
메이힐스,2025-04-10,27900,84.7604,4,2018,진양호로239번길
한주럭키타운,2025-04-14,18000,84.81,1,1990,진주대로
현대,2025-04-16,18700,84.55,13,1989,천수로
한보하이타운,2025-04-15,18300,84.51,7,1995,순환로553번길
금호석류,2025-04-18,36000,155.81,1,1999,강남로
주공그린빌,2025-04-09,16400,51.74,6,2005,내동로348번길
초전해모로루비채2단지,2025-04-13,32000,74.9798,6,2014,초북로
들말대경,2025-04-08,17800,59.595,8,1998,석갑로53번길
들말대경,2025-04-16,19000,59.595,13,1998,석갑로53번길
혁신도시엘에이치아파트8단지,2025-04-12,29400,59.97,4,2015,사들로
혁신도시엘에이치아파트9단지,2025-04-19,33150,59.97,12,2017,사들로
평거휴먼시아3단지,2025-04-07,38000,84.97,4,2011,새평거로
금산흥한골든빌,2025-04-18,9500,48.31,13,2002,금산로
센트렐웰가,2025-04-11,52400,84.9914,27,2018,진주역로73번길
일동,2025-04-18,10050,59.86,7,1994,초전북로
진주혁신도시중흥에스-클래스센트럴시티4단지,2025-04-10,54000,84.8046,13,2020,에나로175번길
시티프라디움,2025-04-12,49500,84.9941,32,2020,진주역로
국민2,2025-04-12,5600,59.79,3,1990,공단로236번길
신익무지개,2025-04-12,4050,40.56,1,1987,숙호산로
이현하이클래스웰가,2025-04-14,36500,110.1,20,2008,진주대로
한보,2025-04-03,11000,59.8837,4,1994,진주대로
이현하이클래스웰가,2025-04-15,30150,84.07,20,2008,진주대로
상대진주(나동),2025-04-17,10000,84.99,3,1989,모덕로181번길
들말대경,2025-04-06,17000,59.595,10,1998,석갑로53번길
평거주공1차,2025-04-17,9400,39.3,4,1988,진양호로185번길
한림풀에버,2025-04-17,46850,84.9644,16,2015,소호로
한림풀에버,2025-04-17,47000,84.9088,6,2015,소호로
한림풀에버,2025-04-17,46600,84.9644,15,2015,소호로
이현하이클래스웰가,2025-04-06,27000,75.07,17,2008,진주대로
엠코타운더프라하,2025-04-13,39500,66.5175,26,2014,새평거로
더샵진주피에르테,2025-04-08,48700,84.9656,15,2024,초장로
한림풀에버,2025-04-16,44300,84.9644,7,2015,소호로
금산e편한세상,2025-04-10,25350,121.9893,3,2008,금산순환로80번길
삼성,2025-04-15,21750,84.93,9,1996,동부로43번길
현대,2025-04-12,15500,59.96,3,1997,초전남로
두산위브,2025-04-15,23600,84.991,3,2009,중장로154번길
혁신도시엘에이치아파트8단지,2025-04-16,30000,59.97,14,2015,사들로
금산흥한골든빌,2025-04-15,7500,48.31,2,2002,금산로
진주혁신도시중흥에스-클래스더퍼스트,2025-04-01,71800,99.9097,18,2020,충의로
혁신도시엘에이치아파트9단지,2025-04-05,34000,59.97,13,2017,사들로
두산위브,2025-04-16,27500,112.897,1,2009,중장로154번길
진흥더루벤스,2025-04-16,21000,84.9968,18,2009,금산로
두산위브,2025-04-07,27000,112.897,9,2009,중장로154번길
들말한보타운,2025-04-16,27500,76.61,12,1997,평거로39번길
더퀸즈웰가,2025-04-10,38000,65.6733,15,2015,새평거로
흥한타운2,2025-04-09,14700,59.935,3,1995,평거로139번길
현대,2025-04-13,37800,127.69,14,2000,진주대로815번길
현대,2025-04-05,12500,82.56,9,1985,강남로255번길
칠암대덕,2025-04-03,22500,83.63,4,2004,진주대로942번길
한주럭키타운,2025-04-14,18000,84.81,1,1990,진주대로
한보은빛마을,2025-04-14,26500,109.17,3,2002,천수로
대림,2025-04-10,14700,72.238,2,1991,도동천로
금호석류,2025-04-14,30000,84.87,11,1999,강남로
이지더원,2025-04-14,49000,84.9614,18,2018,초장로
진주혁신도시센텀리버파크,2025-04-14,47500,84.88,23,2013,사들로
대경강남타운,2025-04-12,16400,68.91,11,1997,진주대로891번길
신안주공2,2025-04-10,15200,59.8,5,1996,신안들말길
신안주공3,2025-04-10,15500,59.8,11,1997,석갑로
진주초장엠코타운더이스턴파크,2025-04-08,29800,59.9983,6,2014,초북로
벽산블루밍(구)동신,2025-04-14,12200,84.96,7,1993,진양호로125번길
진주초전푸르지오2단지,2025-04-08,45500,101.977,5,2010,초장로14번길
한보은빛마을,2025-04-14,31000,125.12,4,2002,천수로
신안주공2,2025-04-10,15200,59.8,7,1996,신안들말길
한주럭키타운,2025-04-11,21200,84.81,7,1990,진주대로
엠코타운더프라하,2025-04-07,41000,84.9651,3,2014,새평거로
진주혁신도시대방노블랜드더캐슬아파트,2025-04-13,65600,84.9899,15,2018,사들로
진주혁신도시대방노블랜드더캐슬아파트,2025-04-13,65900,84.9899,8,2018,사들로
진주평거엘크루,2025-04-11,52900,84.9195,10,2016,새평거로
진주평거엘크루,2025-04-11,52900,84.9195,10,2016,새평거로
엠코타운더프라하,2025-04-07,44000,84.933,22,2014,새평거로
센트렐웰가,2025-04-04,53000,84.9222,11,2018,진주역로73번길
이지더원,2025-04-07,39800,73.2086,10,2018,초장로
하영무지개맨션,2025-04-10,9500,72.18,7,1993,진양호로
진흥더루벤스,2025-04-10,20500,84.9865,9,2009,금산로
금호석류,2025-04-12,40500,122.49,19,1999,강남로
힐스테이트초전,2025-04-03,49800,84.9196,28,2019,초북로
진주혁신도시중흥에스-클래스더프라임,2025-04-12,63700,97.7268,15,2019,소호로19번길
남강휴먼빌,2025-04-07,40700,133.0285,10,2010,순환로
진주혁신도시중흥에스-클래스더프라임,2025-04-04,57000,84.9912,12,2019,소호로19번길
초전해모로루비채4단지,2025-04-04,35500,84.9671,22,2014,초북로
금산흥한골든빌,2025-04-11,7200,48.31,1,2002,금산로
한림풀에버,2025-04-10,45600,84.9088,17,2015,소호로
더샵진주피에르테,2025-04-08,48700,84.9656,15,2024,초장로
금산흥한골든빌,2025-04-11,6000,37.84,11,2002,금산로
진흥더루벤스,2025-04-09,20500,84.9865,9,2009,금산로
한보(하대3차),2025-04-08,12000,74.4,13,1993,남강로
이지더원,2025-04-10,39900,73.2086,5,2018,초장로
엠코타운더프라하,2025-04-05,37000,66.5175,4,2014,새평거로
한림풀에버,2025-04-10,45350,84.9644,8,2015,소호로
상대한보타운,2025-04-10,16800,75.06,4,2002,도동천로
청구타운,2025-04-07,23400,84.98,11,1997,대신로475번길
한주럭키타운,2025-04-06,33250,123.33,4,1990,진주대로
진주정촌대경파미르,2025-04-03,32700,84.9625,4,2019,삼일로106번길
혁신도시엘에이치아파트9단지,2025-04-10,33450,59.97,16,2017,사들로
한림풀에버,2025-04-10,44000,84.9088,3,2015,소호로
한림풀에버,2025-04-09,45600,84.9088,17,2015,소호로
힐스테이트초전,2025-04-08,46670,84.9196,24,2019,초북로
주공그린빌,2025-04-10,16800,51.74,5,2005,내동로348번길
한림풀에버,2025-04-10,46500,84.9644,23,2015,소호로
금산흥한골든빌,2025-04-09,6500,37.84,5,2002,금산로
한림풀에버,2025-04-10,47200,84.9088,16,2015,소호로
신안주공3,2025-04-09,17000,59.8,7,1997,석갑로
주공그린빌,2025-04-09,30500,84.9,17,2005,내동로348번길
금산흥한골든빌,2025-04-09,11400,58.12,10,2002,금산로
금산흥한골든빌,2025-04-07,11500,58.12,8,2002,금산로
화인,2025-04-07,7950,65.07,14,1994,상봉대룡길
혁신도시엘에이치아파트8단지,2025-04-09,30000,59.96,7,2015,사들로
대동디지털황토,2025-04-06,31800,84.6814,1,2003,가호로44번길
초전해모로루비채2단지,2025-04-09,35600,84.9671,9,2014,초북로
초전해모로루비채2단지,2025-04-09,35200,84.9671,4,2014,초북로
금산흥한골든빌,2025-04-09,12200,58.12,15,2002,금산로
초전해모로루비채2단지,2025-04-09,35250,84.9908,2,2014,초북로
한림풀에버,2025-04-09,47000,84.9088,23,2015,소호로
한림풀에버,2025-04-09,47450,84.9088,16,2015,소호로
초전해모로루비채2단지,2025-04-09,34550,84.9908,3,2014,초북로
한림풀에버,2025-04-09,45100,84.9088,6,2015,소호로
금산e편한세상,2025-04-04,28000,121.9893,5,2008,금산순환로80번길
현대금빛마을,2025-04-09,11500,84.876,8,2000,진산로
초전해모로루비채2단지,2025-04-09,35200,84.9671,4,2014,초북로
초전해모로루비채2단지,2025-04-09,35600,84.9671,9,2014,초북로
한림풀에버,2025-04-09,45600,84.9088,17,2015,소호로
현대,2025-04-01,20300,59.92,2,2000,진주대로815번길
고려,2025-04-02,6400,59.4,5,1994,동부로
신안주공1,2025-04-04,26000,84.98,11,1998,신안들말길
평거현대1,2025-04-04,22000,84.75,12,1993,평거로115번길
도동대림,2025-04-04,11925,73.375,13,1992,하대로40번길
한림풀에버,2025-04-06,39500,67.3717,16,2015,소호로
진주혁신도시중흥에스-클래스더프라임,2025-04-03,70000,110.6238,1,2019,소호로19번길
대경,2025-04-05,24500,83.304,4,2000,가호로
신안주공1,2025-04-02,23500,84.98,6,1998,신안들말길
혁신도시엘에이치아파트8단지,2025-04-01,30800,59.97,17,2015,사들로
한보하이타운,2025-04-03,10500,55.01,21,1995,순환로553번길
진주평거엘크루,2025-04-04,40900,72.6786,4,2016,새평거로
청구타운,2025-04-01,14650,59.99,5,1997,대신로475번길
초전흥한,2025-04-04,23800,84.68,10,2001,초전남로
건영아모리움,2025-04-03,32500,78.466,13,2017,진양호로225번길
힐스테이트초전,2025-04-03,45200,84.9196,4,2019,초북로
초전흥한,2025-04-01,22000,84.68,12,2001,초전남로
덕산,2025-04-03,10000,59.73,19,1995,서장대로178번길
하대주공,2025-04-01,5900,36.2,5,1982,상대로
진주문산코아루,2025-04-02,35000,140.208,8,2010,월아산로1117번길
삼호그린맨션,2025-04-02,16000,77.69,3,1992,망경로296번길
진주혁신도시중흥에스-클래스더프라임,2025-04-01,60000,84.9912,18,2019,소호로19번길
금산흥한골든빌,2025-04-01,10500,58.12,3,2002,금산로
초전해모로루비채2단지,2025-04-01,35300,84.9671,13,2014,초북로
더퀸즈웰가,2025-04-01,33000,58.4018,27,2015,새평거로
현대금빛마을,2025-04-01,9000,84.876,4,2000,진산로
현대,2025-04-05,18000,59.92,1,2000,진주대로815번길
